bench, mem, temp, row_size, row_count, col_width, offset, cycles, l1_miss, l1_total, l2_miss, l2_total
q1, r, c,64,32768,1,0,69431,39,262550,523,1106
q1, d, c,64,32768,1,0,85788,645,295315,32858,65817
q1, r, h,64,32768,1,0,45521,191,262549,525,1105
q1, d, h,64,32768,1,0,84194,644,295315,32836,65856
q1, r, c,64,32768,1,0,69447,26,262551,526,1116
q1, d, c,64,32768,1,0,88771,887,295315,32832,65836
q1, r, h,64,32768,1,0,43933,30,262551,521,1102
q1, d, h,64,32768,1,0,84289,645,295316,32825,65860
q1, r, c,64,32768,1,0,69450,34,262550,565,1115
q1, d, c,64,32768,1,0,85159,645,295316,32818,65836
q1, r, h,64,32768,1,0,43917,35,262549,515,2518
q1, d, h,64,32768,1,0,84254,627,295316,32830,65863
q1, r, c,64,32768,1,0,69411,174,264084,525,1101
q1, d, c,64,32768,1,0,85573,642,295318,32841,65846
q1, r, h,64,32768,1,0,43917,23,262552,522,1101
q1, d, h,64,32768,1,0,86581,785,296823,32841,66606
q1, r, c,64,32768,1,0,69432,35,262550,524,1110
q1, d, c,64,32768,1,0,88281,785,295315,32831,65848
q1, r, h,64,32768,1,0,43918,31,262552,510,1112
q1, d, h,64,32768,1,0,84442,638,295315,32834,65805
q1, r, c,64,32768,1,0,69445,39,262552,636,1102
q1, d, c,64,32768,1,0,85691,707,295315,32842,65847
q1, r, h,64,32768,1,0,43927,36,263875,513,1122
q1, d, h,64,32768,1,0,84295,671,295317,32964,65833
q1, r, c,64,32768,1,0,69389,40,262550,525,1091
q1, d, c,64,32768,1,0,85974,622,295316,33275,65847
q1, r, h,64,32768,1,0,43923,38,264068,519,1126
q1, d, h,64,32768,1,0,84552,654,295317,32846,65855
q1, r, c,64,32768,1,0,69416,37,262550,523,1113
q1, d, c,64,32768,1,0,85923,691,296656,32838,65838
q1, r, h,64,32768,1,0,43922,37,262549,521,2559
q1, d, h,64,32768,1,0,84242,625,295317,32842,65855
q1, r, c,64,32768,1,0,71161,181,262551,522,1121
q1, d, c,64,32768,1,0,86612,684,295315,32831,65945
q1, r, h,64,32768,1,0,43921,40,262549,522,1094
q1, d, h,64,32768,1,0,87179,808,295318,32844,65832
q1, r, c,64,32768,1,0,69402,32,262553,525,1113
q1, d, c,64,32768,1,0,88722,789,295316,32969,65841
q1, r, h,64,32768,1,0,43919,36,262552,520,1102
q1, d, h,64,32768,1,0,87408,819,311547,33045,65870
q1, r, c,64,32768,1,0,69489,176,262550,526,1106
q1, d, c,64,32768,1,0,86375,642,295316,32831,65828
q1, r, h,64,32768,1,0,43916,31,262551,520,1120
q1, d, h,64,32768,1,0,86399,803,295317,32840,65839
q1, r, c,64,32768,1,0,69432,31,262550,526,1105
q1, d, c,64,32768,1,0,86040,636,295317,32832,67175
q1, r, h,64,32768,1,0,45691,186,262550,520,1122
q1, d, h,64,32768,1,0,84443,649,295316,34634,71033
q1, r, c,64,32768,1,0,69429,39,262550,526,1815
q1, d, c,64,32768,1,0,86058,651,295316,32990,65850
q1, r, h,64,32768,1,0,45707,161,262548,505,1108
q1, d, h,64,32768,1,0,84665,638,311534,33029,66616
q1, r, c,64,32768,1,0,69402,31,262552,525,1111
q1, d, c,64,32768,1,0,85991,645,296877,32841,66558
q1, r, h,64,32768,1,0,43931,34,262550,523,1108
q1, d, h,64,32768,1,0,84615,646,295317,32824,66568
q1, r, c,64,32768,1,0,69450,196,262551,525,1129
q1, d, c,64,32768,1,0,86274,645,295317,32824,66624
q1, r, h,64,32768,1,0,43917,31,262550,519,1117
q1, d, h,64,32768,1,0,87041,803,295317,32850,65921
q1, r, c,64,32768,1,0,69428,42,263864,523,1814
q1, d, c,64,32768,1,0,88815,789,295315,33394,65879
q1, r, h,64,32768,1,0,43922,30,262550,518,1100
q1, d, h,64,32768,1,0,84482,639,296648,32843,66555
q1, r, c,64,32768,1,0,69416,35,262551,528,1098
q1, d, c,64,32768,1,0,85676,648,295317,33109,65840
q1, r, h,64,32768,1,0,43916,35,262551,523,1111
q1, d, h,64,32768,1,0,84407,639,295315,33061,65850
q1, r, c,64,32768,1,0,69414,30,262549,525,1148
q1, d, c,64,32768,1,0,86302,643,295316,32845,65863
q1, r, h,64,32768,1,0,43916,25,262550,525,1126
q1, d, h,64,32768,1,0,102342,1427,295316,32850,65798
q1, r, c,64,32768,1,0,69403,37,262549,525,1108
q1, d, c,64,32768,1,0,88730,806,295317,32839,65869
q1, r, h,64,32768,1,0,43920,37,262551,520,1112
q1, d, h,64,32768,1,0,87162,779,295315,32851,65830
q1, r, c,64,32768,1,0,69413,180,262551,525,1114
q1, d, c,64,32768,1,0,86870,643,296875,33203,65851
q1, r, h,64,32768,1,0,43922,29,262549,520,1100
q1, d, h,64,32768,1,0,86691,779,296845,32841,65902
q1, r, c,64,32768,1,0,69476,35,262550,527,1107
q1, d, c,64,32768,1,0,86513,645,295315,33039,65911
q1, r, h,64,32768,1,0,43923,32,262549,509,2438
q1, d, h,64,32768,1,0,88903,886,295317,32843,65868
q1, r, c,64,32768,1,0,69470,185,264095,654,1142
q1, d, c,64,32768,1,0,86636,641,295317,32844,65854
q1, r, h,64,32768,1,0,43917,40,262549,640,1114
q1, d, h,64,32768,1,0,84627,622,296631,32840,65873
q1, r, c,64,32768,1,0,69444,33,262549,527,1821
q1, d, c,64,32768,1,0,86680,647,295317,32838,65831
q1, r, h,64,32768,1,0,43919,31,262550,616,1096
q1, d, h,64,32768,1,0,85092,641,296947,32843,66615
q1, r, c,64,32768,1,0,69401,31,262551,525,1126
q1, d, c,64,32768,1,0,86722,686,295315,32847,65847
q1, r, h,64,32768,1,0,43919,31,262549,523,1793
q1, d, h,64,32768,1,0,102932,1445,295317,32836,65831
q1, r, c,64,32768,1,0,69414,33,262551,526,1111
q1, d, c,64,32768,1,0,87826,902,295316,32845,65824
q1, r, h,64,32768,1,0,43931,27,262550,519,1937
q1, d, h,64,32768,1,0,86567,800,295317,32846,65826
q1, r, c,64,32768,1,0,69427,31,263879,523,1143
q1, d, c,64,32768,1,0,86091,639,295317,33112,65810
q1, r, h,64,32768,1,0,43917,33,262550,504,1778
q1, d, h,64,32768,1,0,84350,633,296646,32832,65856
q1, r, c,64,32768,1,0,69411,30,262552,523,1116
q1, d, c,64,32768,1,0,85973,643,295317,32850,65837
q1, r, h,64,32768,1,0,43915,33,262550,507,1121
q1, d, h,64,32768,1,0,84748,640,295317,32840,65838
q1, r, c,64,32768,1,0,69404,44,263991,663,1115
q1, d, c,64,32768,1,0,85972,640,295316,32854,65846
q1, r, h,64,32768,1,0,45676,162,264172,522,1153
q1, d, h,64,32768,1,0,84563,649,295318,33390,65853
q1, r, c,64,32768,1,0,69405,33,262550,523,1145
q1, d, c,64,32768,1,0,85855,652,295318,32839,65817
q1, r, h,64,32768,1,0,43918,40,262549,521,1109
q1, d, h,64,32768,1,0,84586,653,295316,32847,65834
q1, r, c,64,32768,2,0,71517,48,262550,1036,2125
q1, d, c,64,32768,2,0,86818,633,295318,32839,65844
q1, r, h,64,32768,2,0,49577,42,262550,1033,2138
q1, d, h,64,32768,2,0,86212,648,295316,32849,65842
q1, r, c,64,32768,2,0,71533,38,262550,1041,2149
q1, d, c,64,32768,2,0,88085,643,295316,32809,65856
q1, r, h,64,32768,2,0,49580,46,262549,1113,2136
q1, d, h,64,32768,2,0,86290,646,295317,32844,65787
q1, r, c,64,32768,2,0,71526,57,262550,1038,2129
q1, d, c,64,32768,2,0,87717,650,296680,32838,65819
q1, r, h,64,32768,2,0,49580,41,262549,1033,2133
q1, d, h,64,32768,2,0,86469,685,296652,32845,65849
q1, r, c,64,32768,2,0,71544,46,262552,1037,2126
q1, d, c,64,32768,2,0,88017,644,296653,32832,65821
q1, r, h,64,32768,2,0,49580,39,262550,1034,2128
q1, d, h,64,32768,2,0,86334,619,295317,34761,65842
q1, r, c,64,32768,2,0,71582,50,262553,1035,2137
q1, d, c,64,32768,2,0,87968,638,295317,33040,65784
q1, r, h,64,32768,2,0,49580,40,262550,1030,2144
q1, d, h,64,32768,2,0,86471,637,295317,32833,65868
q1, r, c,64,32768,2,0,71562,32,262554,1193,2124
q1, d, c,64,32768,2,0,87680,647,295316,32833,65844
q1, r, h,64,32768,2,0,49583,50,262550,1024,2130
q1, d, h,64,32768,2,0,86363,624,295317,32843,65856
q1, r, c,64,32768,2,0,71493,50,262551,1234,2151
q1, d, c,64,32768,2,0,93542,941,295318,32845,67197
q1, r, h,64,32768,2,0,49582,44,265026,1036,2114
q1, d, h,64,32768,2,0,86367,632,295316,32852,66584
q1, r, c,64,32768,2,0,71576,153,262549,1209,2137
q1, d, c,64,32768,2,0,87708,640,295318,32848,67049
q1, r, h,64,32768,2,0,52845,261,262550,1167,2153
q1, d, h,64,32768,2,0,86666,644,295317,32837,66590
q1, r, c,64,32768,2,0,71531,188,262553,1202,2134
q1, d, c,64,32768,2,0,87672,635,295317,32845,66635
q1, r, h,64,32768,2,0,49576,50,262552,1036,2136
q1, d, h,64,32768,2,0,89855,871,295318,32826,66614
q1, r, c,64,32768,2,0,71592,253,262551,1039,2128
q1, d, c,64,32768,2,0,87142,638,296738,32834,67077
q1, r, h,64,32768,2,0,53100,236,262549,1034,2131
q1, d, h,64,32768,2,0,86591,638,295317,32830,66587
q1, r, c,64,32768,2,0,71561,41,262551,1215,2143
q1, d, c,64,32768,2,0,87335,636,295318,32849,67285
q1, r, h,64,32768,2,0,49577,43,262551,1121,2122
q1, d, h,64,32768,2,0,85980,701,295317,32848,66029
q1, r, c,64,32768,2,0,71585,38,262551,1040,2140
q1, d, c,64,32768,2,0,86933,637,295317,32844,65828
q1, r, h,64,32768,2,0,49575,43,262550,1037,2131
q1, d, h,64,32768,2,0,86037,642,295317,32835,65818
q1, r, c,64,32768,2,0,71548,48,262551,1037,2157
q1, d, c,64,32768,2,0,87336,647,295318,32843,65850
q1, r, h,64,32768,2,0,49579,38,262549,1033,2140
q1, d, h,64,32768,2,0,103885,1450,295318,32818,65945
q1, r, c,64,32768,2,0,71554,187,265898,1037,2140
q1, d, c,64,32768,2,0,90795,859,295321,32846,65810
q1, r, h,64,32768,2,0,51876,208,264159,1032,2131
q1, d, h,64,32768,2,0,86052,646,295318,32839,65776
q1, r, c,64,32768,2,0,74864,402,262549,1145,2119
q1, d, c,64,32768,2,0,87482,648,298671,32841,65846
q1, r, h,64,32768,2,0,49566,44,262550,1034,2140
q1, d, h,64,32768,2,0,88014,794,295318,33015,65839
q1, r, c,64,32768,2,0,71530,51,262553,1036,2157
q1, d, c,64,32768,2,0,89856,861,295317,32839,65862
q1, r, h,64,32768,2,0,49577,44,262548,1032,2161
q1, d, h,64,32768,2,0,105565,1600,295316,32825,65831
q1, r, c,64,32768,2,0,71523,43,262551,1036,2163
q1, d, c,64,32768,2,0,88032,652,295316,32840,65839
q1, r, h,64,32768,2,0,56492,480,262549,1030,2136
q1, d, h,64,32768,2,0,86648,722,311631,32851,65847
q1, r, c,64,32768,2,0,71539,190,262551,1036,2150
q1, d, c,64,32768,2,0,87282,616,295316,32819,65849
q1, r, h,64,32768,2,0,51520,199,262549,1032,2164
q1, d, h,64,32768,2,0,86324,634,295318,32833,65852
q1, r, c,64,32768,2,0,71543,48,262554,1042,2947
q1, d, c,64,32768,2,0,87879,626,295317,32806,65811
q1, r, h,64,32768,2,0,51142,173,262549,1034,2940
q1, d, h,64,32768,2,0,86461,644,295317,32840,65822
q1, r, c,64,32768,2,0,71536,43,262550,1039,2169
q1, d, c,64,32768,2,0,90061,778,295317,32836,65845
q1, r, h,64,32768,2,0,49576,35,262547,1031,2140
q1, d, h,64,32768,2,0,86532,649,312483,32836,65856
q1, r, c,64,32768,2,0,71499,44,262549,1036,2147
q1, d, c,64,32768,2,0,87546,636,296711,32823,67398
q1, r, h,64,32768,2,0,51755,205,262550,1036,2129
q1, d, h,64,32768,2,0,86400,649,295317,32835,66576
q1, r, c,64,32768,2,0,71520,46,262551,1040,3463
q1, d, c,64,32768,2,0,87779,651,295318,32848,65849
q1, r, h,64,32768,2,0,51760,199,262548,1033,2825
q1, d, h,64,32768,2,0,86247,650,298724,32831,65824
q1, r, c,64,32768,2,0,71518,43,262552,1041,2148
q1, d, c,64,32768,2,0,89948,904,296505,32829,65833
q1, r, h,64,32768,2,0,49576,41,262551,1037,2150
q1, d, h,64,32768,2,0,88079,795,295318,32842,65853
q1, r, c,64,32768,2,0,71545,50,262549,1038,2151
q1, d, c,64,32768,2,0,90437,808,295320,32847,67142
q1, r, h,64,32768,2,0,49581,43,262550,1126,2142
q1, d, h,64,32768,2,0,86487,709,296632,32840,65798
q1, r, c,64,32768,2,0,71581,47,262550,1040,2145
q1, d, c,64,32768,2,0,87720,648,295318,32841,67149
q1, r, h,64,32768,2,0,49583,49,262550,1033,2141
q1, d, h,64,32768,2,0,105534,1447,295316,32842,66596
q1, r, c,64,32768,2,0,71563,48,262549,1040,2170
q1, d, c,64,32768,2,0,90063,784,295317,32832,65859
q1, r, h,64,32768,2,0,49579,47,262548,1036,2136
q1, d, h,64,32768,2,0,86048,650,312500,32837,65836
q1, r, c,64,32768,2,0,71558,175,262549,1039,2156
q1, d, c,64,32768,2,0,88472,649,296959,32800,65913
q1, r, h,64,32768,2,0,51043,173,262550,1033,2135
q1, d, h,64,32768,2,0,86895,630,295318,32835,65843
q1, r, c,64,32768,2,0,71523,51,264052,1036,2844
q1, d, c,64,32768,2,0,87683,613,295316,32842,65837
q1, r, h,64,32768,2,0,49578,44,262550,1034,2141
q1, d, h,64,32768,2,0,86493,635,298399,32839,65849
q1, r, c,64,32768,2,0,71614,213,262551,1035,2134
q1, d, c,64,32768,2,0,87909,642,295318,32832,65869
q1, r, h,64,32768,2,0,49578,36,262550,1028,2156
q1, d, h,64,32768,2,0,89609,839,312490,32831,65869
q1, r, c,64,32768,4,0,75441,70,265772,2063,4195
q1, d, c,64,32768,4,0,86790,606,295318,33053,66748
q1, r, h,64,32768,4,0,49945,60,262549,2056,4208
q1, d, h,64,32768,4,0,86198,648,296638,32844,67380
q1, r, c,64,32768,4,0,75401,61,262552,2211,4182
q1, d, c,64,32768,4,0,87120,659,295316,32824,65836
q1, r, h,64,32768,4,0,49946,64,262550,2211,4182
q1, d, h,64,32768,4,0,86109,644,295317,32840,65847
q1, r, c,64,32768,4,0,75398,59,262550,2060,4196
q1, d, c,64,32768,4,0,87567,643,295318,32840,65842
q1, r, h,64,32768,4,0,49947,64,262548,2057,4219
q1, d, h,64,32768,4,0,86417,651,296780,32850,65774
q1, r, c,64,32768,4,0,75400,51,262550,2248,4194
q1, d, c,64,32768,4,0,90376,770,297470,32816,66655
q1, r, h,64,32768,4,0,49950,63,262550,2053,4195
q1, d, h,64,32768,4,0,89536,830,295319,33046,67224
q1, r, c,64,32768,4,0,75388,54,262550,2060,4222
q1, d, c,64,32768,4,0,88294,639,295316,32829,66883
q1, r, h,64,32768,4,0,51928,225,262548,2060,4190
q1, d, h,64,32768,4,0,86906,638,295317,32838,65773
q1, r, c,64,32768,4,0,75376,60,263851,3152,4194
q1, d, c,64,32768,4,0,87241,642,295318,32844,65800
q1, r, h,64,32768,4,0,49930,70,263869,2058,4202
q1, d, h,64,32768,4,0,86030,644,295316,33035,65849
q1, r, c,64,32768,4,0,75441,226,262550,2063,4188
q1, d, c,64,32768,4,0,87185,637,295318,32842,65798
q1, r, h,64,32768,4,0,51612,184,262551,2059,4193
q1, d, h,64,32768,4,0,86027,657,295316,32795,65800
q1, r, c,64,32768,4,0,75431,67,262550,2158,4190
q1, d, c,64,32768,4,0,86852,651,295317,32841,65815
q1, r, h,64,32768,4,0,49949,59,262551,2059,5028
q1, d, h,64,32768,4,0,86146,650,296649,32990,65820
q1, r, c,64,32768,4,0,75411,205,262551,2060,4211
q1, d, c,64,32768,4,0,87856,636,296465,32842,65865
q1, r, h,64,32768,4,0,51891,203,262550,2058,4189
q1, d, h,64,32768,4,0,86581,726,295315,32834,66900
q1, r, c,64,32768,4,0,75368,52,262550,2061,4184
q1, d, c,64,32768,4,0,87104,643,296875,32838,67149
q1, r, h,64,32768,4,0,49946,62,262549,2055,4196
q1, d, h,64,32768,4,0,86439,651,296861,32841,65840
q1, r, c,64,32768,4,0,75361,70,262550,2065,4199
q1, d, c,64,32768,4,0,103090,1945,295317,32998,65826
q1, r, h,64,32768,4,0,49947,60,262551,2063,4211
q1, d, h,64,32768,4,0,86553,642,295316,32845,65850
q1, r, c,64,32768,4,0,75405,324,262553,2061,4199
q1, d, c,64,32768,4,0,87105,646,295316,32844,65828
q1, r, h,64,32768,4,0,49950,61,262552,2053,4194
q1, d, h,64,32768,4,0,115952,3466,295317,32807,65818
q1, r, c,64,32768,4,0,75375,262,262550,2064,4198
q1, d, c,64,32768,4,0,86773,641,295317,32841,66598
q1, r, h,64,32768,4,0,52189,188,262550,2065,4206
q1, d, h,64,32768,4,0,86864,641,295317,32835,66552
q1, r, c,64,32768,4,0,75372,63,262550,2060,4182
q1, d, c,64,32768,4,0,86883,639,296632,32835,65816
q1, r, h,64,32768,4,0,49952,58,262551,2057,4190
q1, d, h,64,32768,4,0,86382,633,295318,33349,65831
q1, r, c,64,32768,4,0,75350,46,262552,2061,4210
q1, d, c,64,32768,4,0,87431,652,295318,32838,65838
q1, r, h,64,32768,4,0,49950,58,262550,2057,5701
q1, d, h,64,32768,4,0,86038,653,295318,32831,65829
q1, r, c,64,32768,4,0,75373,57,262551,2064,4967
q1, d, c,64,32768,4,0,91707,943,298390,33040,65821
q1, r, h,64,32768,4,0,49948,59,262550,2054,5590
q1, d, h,64,32768,4,0,88588,818,295317,33155,65845
q1, r, c,64,32768,4,0,75328,59,262552,2062,5098
q1, d, c,64,32768,4,0,86630,625,296976,33342,67378
q1, r, h,64,32768,4,0,49961,58,262550,2050,4205
q1, d, h,64,32768,4,0,104621,1460,295316,32832,65822
q1, r, c,64,32768,4,0,75427,59,263908,2063,4189
q1, d, c,64,32768,4,0,87142,709,295318,32838,65863
q1, r, h,64,32768,4,0,49950,63,263736,2058,4200
q1, d, h,64,32768,4,0,86785,647,295318,32834,65841
q1, r, c,64,32768,4,0,75379,58,262549,2061,4854
q1, d, c,64,32768,4,0,91409,947,295316,32828,65832
q1, r, h,64,32768,4,0,49946,64,262549,2058,4216
q1, d, h,64,32768,4,0,89018,829,295317,32839,67197
q1, r, c,64,32768,4,0,75344,60,262550,2061,4216
q1, d, c,64,32768,4,0,87539,655,295316,32951,66622
q1, r, h,64,32768,4,0,49955,59,262548,2055,4173
q1, d, h,64,32768,4,0,85794,635,295319,32987,65851
q1, r, c,64,32768,4,0,75430,243,262551,2059,4202
q1, d, c,64,32768,4,0,87318,664,295317,32850,65818
q1, r, h,64,32768,4,0,49946,57,262549,2058,4193
q1, d, h,64,32768,4,0,86284,647,295319,32850,65788
q1, r, c,64,32768,4,0,75453,65,262550,2062,4189
q1, d, c,64,32768,4,0,87205,643,296873,32846,65849
q1, r, h,64,32768,4,0,49949,65,262549,2059,4186
q1, d, h,64,32768,4,0,86181,701,295317,32846,65833
q1, r, c,64,32768,4,0,75386,59,262550,2060,4217
q1, d, c,64,32768,4,0,117191,3328,296874,33326,65848
q1, r, h,64,32768,4,0,49958,64,262549,2052,5087
q1, d, h,64,32768,4,0,86636,636,295317,32860,65835
q1, r, c,64,32768,4,0,75345,62,263848,2060,4927
q1, d, c,64,32768,4,0,87499,653,295318,32846,65832
q1, r, h,64,32768,4,0,49944,56,262550,2063,4199
q1, d, h,64,32768,4,0,86867,641,296952,32838,66572
q1, r, c,64,32768,4,0,75447,196,264139,2063,4213
q1, d, c,64,32768,4,0,88082,640,295318,32844,65946
q1, r, h,64,32768,4,0,49947,54,262548,2210,4180
q1, d, h,64,32768,4,0,88436,800,295317,32843,65850
q1, r, c,64,32768,4,0,75402,66,262551,2062,4194
q1, d, c,64,32768,4,0,87674,661,295316,32992,65866
q1, r, h,64,32768,4,0,49953,68,262550,2053,4199
q1, d, h,64,32768,4,0,85674,632,295318,33049,65828
q1, r, c,64,32768,4,0,75374,69,262552,2062,4207
q1, d, c,64,32768,4,0,87237,643,295316,32818,65844
q1, r, h,64,32768,4,0,49948,55,262552,2058,4202
q1, d, h,64,32768,4,0,86107,622,295319,32839,66694
q1, r, c,64,32768,4,0,75328,56,262551,2058,4198
q1, d, c,64,32768,4,0,89917,792,295317,32839,66556
q1, r, h,64,32768,4,0,49949,62,262550,2060,4169
q1, d, h,64,32768,4,0,85936,616,295318,32846,66683
q1, r, c,64,32768,4,0,75393,60,262551,2061,4182
q1, d, c,64,32768,4,0,87037,643,295317,32819,65844
q1, r, h,64,32768,4,0,53324,274,262552,2057,4197
q1, d, h,64,32768,4,0,86229,640,295317,32831,65786
q1, r, c,64,32768,8,0,83302,105,262550,4110,8987
q1, d, c,64,32768,8,0,85918,626,295317,33292,65873
q1, r, h,64,32768,8,0,50686,97,264152,4102,8992
q1, d, h,64,32768,8,0,86211,668,295316,32837,65827
q1, r, c,64,32768,8,0,83300,98,265602,4113,8291
q1, d, c,64,32768,8,0,86699,641,295320,32827,65779
q1, r, h,64,32768,8,0,50687,101,262552,4109,8310
q1, d, h,64,32768,8,0,86042,644,295317,32833,65849
q1, r, c,64,32768,8,0,83333,98,262552,4110,9624
q1, d, c,64,32768,8,0,86276,643,296654,33194,65860
q1, r, h,64,32768,8,0,50689,103,262549,4104,8313
q1, d, h,64,32768,8,0,85937,645,295317,32840,66629
q1, r, c,64,32768,8,0,83295,99,262551,4110,8277
q1, d, c,64,32768,8,0,86789,645,297126,32832,65832
q1, r, h,64,32768,8,0,50682,95,262550,4105,8307
q1, d, h,64,32768,8,0,86099,647,295317,32831,65847
q1, r, c,64,32768,8,0,83272,91,262552,4217,8288
q1, d, c,64,32768,8,0,85785,650,295316,32836,65834
q1, r, h,64,32768,8,0,50685,99,262549,4108,8316
q1, d, h,64,32768,8,0,85680,638,295316,32833,65824
q1, r, c,64,32768,8,0,83297,99,264020,4117,8279
q1, d, c,64,32768,8,0,86259,612,295318,32837,67403
q1, r, h,64,32768,8,0,50689,90,264030,4110,8294
q1, d, h,64,32768,8,0,90069,884,295318,32843,66739
q1, r, c,64,32768,8,0,83274,99,262552,4110,8314
q1, d, c,64,32768,8,0,86830,640,297211,32837,65827
q1, r, h,64,32768,8,0,50663,101,262549,4106,9316
q1, d, h,64,32768,8,0,86106,638,296630,33671,65863
q1, r, c,64,32768,8,0,83294,102,262553,4110,8308
q1, d, c,64,32768,8,0,86442,652,296513,32831,65843
q1, r, h,64,32768,8,0,50684,102,262550,4108,8338
q1, d, h,64,32768,8,0,86353,653,295316,32843,65866
q1, r, c,64,32768,8,0,83348,94,262551,4112,8291
q1, d, c,64,32768,8,0,86540,648,295317,32835,67131
q1, r, h,64,32768,8,0,50706,104,262548,4110,8326
q1, d, h,64,32768,8,0,85750,602,295316,32842,65836
q1, r, c,64,32768,8,0,83284,106,262551,4108,8306
q1, d, c,64,32768,8,0,86398,628,295316,32802,66838
q1, r, h,64,32768,8,0,50685,98,262551,4100,8322
q1, d, h,64,32768,8,0,86026,640,295317,32837,66559
q1, r, c,64,32768,8,0,83297,107,264423,4110,9008
q1, d, c,64,32768,8,0,86271,615,295317,32818,65869
q1, r, h,64,32768,8,0,50687,105,262547,4106,9089
q1, d, h,64,32768,8,0,86028,645,296635,32820,65816
q1, r, c,64,32768,8,0,83278,91,262551,4222,8312
q1, d, c,64,32768,8,0,86605,642,296935,32820,65836
q1, r, h,64,32768,8,0,50687,99,262549,4108,8314
q1, d, h,64,32768,8,0,85513,647,296804,32959,70597
q1, r, c,64,32768,8,0,83295,102,262550,4112,8296
q1, d, c,64,32768,8,0,86324,717,295318,32818,66587
q1, r, h,64,32768,8,0,50681,95,262549,4108,8310
q1, d, h,64,32768,8,0,86088,640,295316,32840,66713
q1, r, c,64,32768,8,0,83352,98,262550,4109,8292
q1, d, c,64,32768,8,0,86180,637,295319,32814,65810
q1, r, h,64,32768,8,0,50704,99,262550,4107,8324
q1, d, h,64,32768,8,0,85627,634,295316,32833,65826
q1, r, c,64,32768,8,0,83297,94,262551,4110,8293
q1, d, c,64,32768,8,0,86215,623,295317,33406,65837
q1, r, h,64,32768,8,0,50685,101,262550,4105,8319
q1, d, h,64,32768,8,0,86106,643,295319,32816,65846
q1, r, c,64,32768,8,0,83362,99,262551,4221,8311
q1, d, c,64,32768,8,0,85740,645,295317,32811,65868
q1, r, h,64,32768,8,0,50687,101,264675,4289,8295
q1, d, h,64,32768,8,0,86173,641,295316,32820,65880
q1, r, c,64,32768,8,0,83311,91,264030,4109,8294
q1, d, c,64,32768,8,0,85993,645,295316,32834,65854
q1, r, h,64,32768,8,0,50683,102,264030,4113,8294
q1, d, h,64,32768,8,0,86145,685,295319,32807,65839
q1, r, c,64,32768,8,0,83316,100,262551,4115,8321
q1, d, c,64,32768,8,0,89264,839,295317,33060,66624
q1, r, h,64,32768,8,0,50686,100,264137,4100,8327
q1, d, h,64,32768,8,0,106216,1566,295318,33283,65833
q1, r, c,64,32768,8,0,83342,228,263739,4226,8306
q1, d, c,64,32768,8,0,86520,641,295319,32828,67602
q1, r, h,64,32768,8,0,52437,244,263904,4256,8301
q1, d, h,64,32768,8,0,85844,630,295319,32845,65827
q1, r, c,64,32768,8,0,83311,99,262550,4112,8314
q1, d, c,64,32768,8,0,88786,797,295318,32818,67109
q1, r, h,64,32768,8,0,50681,102,264132,4108,8282
q1, d, h,64,32768,8,0,85961,644,295319,32830,66567
q1, r, c,64,32768,8,0,83317,96,266475,4111,8311
q1, d, c,64,32768,8,0,111482,2997,295317,33165,65838
q1, r, h,64,32768,8,0,50681,97,263854,4107,9648
q1, d, h,64,32768,8,0,88667,812,295317,33050,65832
q1, r, c,64,32768,8,0,83380,95,264188,4115,8298
q1, d, c,64,32768,8,0,86683,639,295318,32829,65832
q1, r, h,64,32768,8,0,50695,108,262549,4113,8282
q1, d, h,64,32768,8,0,85942,641,296545,32843,65850
q1, r, c,64,32768,8,0,83327,88,264348,4110,8318
q1, d, c,64,32768,8,0,86492,630,295318,32828,65832
q1, r, h,64,32768,8,0,50668,103,262551,4107,8301
q1, d, h,64,32768,8,0,86223,624,296624,32842,65818
q1, r, c,64,32768,8,0,83303,97,265447,4111,8290
q1, d, c,64,32768,8,0,89128,795,295317,33090,66576
q1, r, h,64,32768,8,0,50684,98,262548,4105,8294
q1, d, h,64,32768,8,0,88339,785,296634,32836,65843
q1, r, c,64,32768,8,0,83306,102,262551,4111,8333
q1, d, c,64,32768,8,0,87004,644,297967,32816,66910
q1, r, h,64,32768,8,0,50684,95,262550,4109,8302
q1, d, h,64,32768,8,0,86235,635,296635,33068,65834
q1, r, c,64,32768,8,0,83335,98,262550,4111,8299
q1, d, c,64,32768,8,0,87098,641,298108,32836,66649
q1, r, h,64,32768,8,0,50683,102,262549,4109,8300
q1, d, h,64,32768,8,0,86566,643,295316,32832,65825
q1, r, c,64,32768,8,0,83288,100,262550,4112,8301
q1, d, c,64,32768,8,0,88934,794,298742,32830,65858
q1, r, h,64,32768,8,0,50692,96,262550,4111,8309
q1, d, h,64,32768,8,0,86078,645,295316,32835,65840
q1, r, c,64,32768,8,0,83331,98,262551,4332,8307
q1, d, c,64,32768,8,0,130756,4751,295317,32832,65799
q1, r, h,64,32768,8,0,50691,103,262551,4113,8305
q1, d, h,64,32768,8,0,87881,790,295317,33058,65813
q1, r, c,64,32768,8,0,83300,100,262551,4203,8314
q1, d, c,64,32768,8,0,86508,636,295317,32841,65809
q1, r, h,64,32768,8,0,50686,98,262549,4407,8319
q1, d, h,64,32768,8,0,86775,655,295318,32841,65840
q1, r, c,64,32768,16,0,99265,441,295320,8211,16512
q1, d, c,64,32768,16,0,87929,646,328084,32851,66584
q1, r, h,64,32768,16,0,79728,1291,295318,8206,16513
q1, d, h,64,32768,16,0,88360,647,328085,33079,65883
q1, r, c,64,32768,16,0,99391,169,295321,8311,17707
q1, d, c,64,32768,16,0,117522,3333,329697,32806,65872
q1, r, h,64,32768,16,0,54980,182,295316,8330,17766
q1, d, h,64,32768,16,0,92130,879,328084,32850,65835
q1, r, c,64,32768,16,0,99139,172,298398,8217,16518
q1, d, c,64,32768,16,0,88043,640,328087,32790,65860
q1, r, h,64,32768,16,0,54984,176,295316,8210,16496
q1, d, h,64,32768,16,0,87544,636,329691,32833,67005
q1, r, c,64,32768,16,0,99289,393,295320,8212,16540
q1, d, c,64,32768,16,0,88149,644,328085,33025,66613
q1, r, h,64,32768,16,0,78982,1277,295321,8205,16493
q1, d, h,64,32768,16,0,88287,635,328086,33054,66732
q1, r, c,64,32768,16,0,99381,163,295318,8218,17297
q1, d, c,64,32768,16,0,90887,778,328085,32824,65855
q1, r, h,64,32768,16,0,55022,180,295318,8214,17821
q1, d, h,64,32768,16,0,90602,798,328085,32828,65816
q1, r, c,64,32768,16,0,99136,165,298435,8211,16554
q1, d, c,64,32768,16,0,88304,642,328085,32985,65911
q1, r, h,64,32768,16,0,54980,168,295319,8206,16538
q1, d, h,64,32768,16,0,88254,637,329405,33036,65845
q1, r, c,64,32768,16,0,99354,167,298314,8211,16523
q1, d, c,64,32768,16,0,87959,642,328087,32812,65824
q1, r, h,64,32768,16,0,54979,163,296730,8208,16510
q1, d, h,64,32768,16,0,88099,636,328086,32823,65829
q1, r, c,64,32768,16,0,99421,170,295320,8316,16526
q1, d, c,64,32768,16,0,88133,645,328085,32812,65866
q1, r, h,64,32768,16,0,54987,179,295318,8336,16497
q1, d, h,64,32768,16,0,88112,649,328085,32837,65856
q1, r, c,64,32768,16,0,99391,173,295317,8213,16549
q1, d, c,64,32768,16,0,88162,644,328086,33103,66689
q1, r, h,64,32768,16,0,54975,167,295317,8204,16532
q1, d, h,64,32768,16,0,88065,636,328085,32822,66603
q1, r, c,64,32768,16,0,99371,170,295321,8218,17181
q1, d, c,64,32768,16,0,87820,646,331156,32819,65879
q1, r, h,64,32768,16,0,54993,174,295319,8211,16494
q1, d, h,64,32768,16,0,87935,659,331288,32827,65824
q1, r, c,64,32768,16,0,99288,178,300052,8212,16521
q1, d, c,64,32768,16,0,87988,630,328087,32817,65833
q1, r, h,64,32768,16,0,54996,171,296600,8207,16525
q1, d, h,64,32768,16,0,88157,647,345884,32827,65836
q1, r, c,64,32768,16,0,99288,170,295318,8300,16551
q1, d, c,64,32768,16,0,88461,651,328085,32839,65828
q1, r, h,64,32768,16,0,55006,179,295318,8326,16497
q1, d, h,64,32768,16,0,88427,641,328084,32834,65824
q1, r, c,64,32768,16,0,99299,184,298147,8222,16503
q1, d, c,64,32768,16,0,87876,653,328086,32819,66653
q1, r, h,64,32768,16,0,54994,168,296606,8207,16513
q1, d, h,64,32768,16,0,88436,654,328085,34746,65884
q1, r, c,64,32768,16,0,99135,166,295318,8212,16516
q1, d, c,64,32768,16,0,87793,660,329440,32835,65870
q1, r, h,64,32768,16,0,54977,174,295317,8205,16512
q1, d, h,64,32768,16,0,88002,630,347318,32845,65772
q1, r, c,64,32768,16,0,99362,177,295318,8385,16514
q1, d, c,64,32768,16,0,90854,841,328086,32813,66508
q1, r, h,64,32768,16,0,54988,184,295319,8470,16490
q1, d, h,64,32768,16,0,92412,895,328085,32826,65819
q1, r, c,64,32768,16,0,99261,170,296617,8216,16501
q1, d, c,64,32768,16,0,88366,645,328087,32831,65842
q1, r, h,64,32768,16,0,55010,187,295318,8210,16520
q1, d, h,64,32768,16,0,91668,824,328085,32841,65826
q1, r, c,64,32768,16,0,99421,176,295317,8212,16511
q1, d, c,64,32768,16,0,87985,638,328086,33047,65826
q1, r, h,64,32768,16,0,54975,169,295319,8206,16483
q1, d, h,64,32768,16,0,88068,667,328086,32818,65822
q1, r, c,64,32768,16,0,99334,165,295321,8441,16510
q1, d, c,64,32768,16,0,87956,651,328087,32828,67138
q1, r, h,64,32768,16,0,54987,168,295318,8207,16511
q1, d, h,64,32768,16,0,88097,639,328086,33038,66627
q1, r, c,64,32768,16,0,99386,415,296858,8210,17219
q1, d, c,64,32768,16,0,88238,721,328086,32810,65824
q1, r, h,64,32768,16,0,56827,303,295318,8208,17214
q1, d, h,64,32768,16,0,88044,634,329604,32825,65849
q1, r, c,64,32768,16,0,99129,160,295317,8209,16508
q1, d, c,64,32768,16,0,88825,633,328085,32819,65818
q1, r, h,64,32768,16,0,54990,175,295318,8213,16510
q1, d, h,64,32768,16,0,88920,633,328086,32818,65820
q1, r, c,64,32768,16,0,113949,2432,296635,8313,16494
q1, d, c,64,32768,16,0,88235,644,328086,32823,65853
q1, r, h,64,32768,16,0,56655,308,295316,8344,16533
q1, d, h,64,32768,16,0,87971,639,328087,32833,65842
q1, r, c,64,32768,16,0,99238,183,295318,8210,16525
q1, d, c,64,32768,16,0,94382,1180,328086,32823,65837
q1, r, h,64,32768,16,0,54982,171,295317,8209,16534
q1, d, h,64,32768,16,0,90421,774,328086,32816,65888
q1, r, c,64,32768,16,0,99142,169,295318,8209,17559
q1, d, c,64,32768,16,0,88559,635,328084,32850,65860
q1, r, h,64,32768,16,0,54973,165,295319,8210,16557
q1, d, h,64,32768,16,0,88317,647,328085,32833,66736
q1, r, c,64,32768,16,0,99287,378,298286,8207,16551
q1, d, c,64,32768,16,0,88178,658,328085,33063,65982
q1, r, h,64,32768,16,0,55007,185,295319,8209,16523
q1, d, h,64,32768,16,0,91617,891,329265,32825,65827
q1, r, c,64,32768,16,0,99266,171,295318,8470,16481
q1, d, c,64,32768,16,0,88098,648,328084,32818,65847
q1, r, h,64,32768,16,0,55044,201,295318,8204,16500
q1, d, h,64,32768,16,0,87980,693,328085,33114,65845
q1, r, c,64,32768,16,0,99323,179,295318,8210,16521
q1, d, c,64,32768,16,0,87951,653,328086,32813,65829
q1, r, h,64,32768,16,0,55002,177,295318,8212,16576
q1, d, h,64,32768,16,0,88237,652,328085,32818,65830
q1, r, c,64,32768,16,0,99344,168,295318,8213,16480
q1, d, c,64,32768,16,0,87966,718,330920,32988,67259
q1, r, h,64,32768,16,0,54988,178,295316,8205,16564
q1, d, h,64,32768,16,0,87898,629,329592,33268,65824
q1, r, c,64,32768,16,0,99238,185,295320,8209,17853
q1, d, c,64,32768,16,0,88186,738,328084,32824,65844
q1, r, h,64,32768,16,0,54981,153,295318,8209,16525
q1, d, h,64,32768,16,0,111873,2749,328084,32853,66693
q1, r, c,64,32768,16,0,99165,157,295318,8210,16527
q1, d, c,64,32768,16,0,87984,659,329232,33042,67001
q1, r, h,64,32768,16,0,54975,166,295317,8210,16506
q1, d, h,64,32768,16,0,88056,637,328085,32837,65847
q1, dc, c,64,32768,1,0,43857,37,262551,528,1117
q1, dc, c,64,32768,1,0,43858,33,263943,524,1107
q1, dc, c,64,32768,1,0,43848,32,262548,527,1806
q1, dc, c,64,32768,1,0,43848,23,262550,526,1099
q1, dc, c,64,32768,1,0,43861,27,262552,526,1107
q1, dc, c,64,32768,1,0,45664,212,262550,525,1102
q1, dc, c,64,32768,1,0,43850,31,262552,525,1094
q1, dc, c,64,32768,1,0,43850,34,263997,526,1106
q1, dc, c,64,32768,1,0,43884,27,262552,526,1107
q1, dc, c,64,32768,1,0,43882,31,262554,526,1098
q1, dc, c,64,32768,1,0,43872,39,263833,528,1109
q1, dc, c,64,32768,1,0,43847,37,262552,529,1105
q1, dc, c,64,32768,1,0,43857,31,262552,526,1113
q1, dc, c,64,32768,1,0,43854,35,262550,523,1098
q1, dc, c,64,32768,1,0,43894,35,262552,528,1109
q1, dc, c,64,32768,1,0,43850,38,262552,525,1109
q1, dc, c,64,32768,1,0,43860,32,262554,523,1097
q1, dc, c,64,32768,1,0,43848,33,262551,526,1097
q1, dc, c,64,32768,1,0,43862,36,262553,526,1117
q1, dc, c,64,32768,1,0,43863,32,262552,527,1103
q1, dc, c,64,32768,1,0,43850,36,262552,525,1124
q1, dc, c,64,32768,1,0,43847,35,262552,522,1095
q1, dc, c,64,32768,1,0,43859,34,262552,528,1847
q1, dc, c,64,32768,1,0,43858,28,262551,525,1104
q1, dc, c,64,32768,1,0,43847,29,262551,525,1095
q1, dc, c,64,32768,1,0,43854,25,262551,527,1092
q1, dc, c,64,32768,1,0,43870,33,262550,526,1110
q1, dc, c,64,32768,1,0,43850,33,262552,525,1112
q1, dc, c,64,32768,1,0,43857,25,262551,525,1111
q1, dc, c,64,32768,1,0,43848,21,262550,524,1115
q1, dc, c,64,32768,2,0,51576,207,262554,1039,2122
q1, dc, c,64,32768,2,0,51338,173,262551,1042,2128
q1, dc, c,64,32768,2,0,49417,43,262550,1037,2139
q1, dc, c,64,32768,2,0,49564,42,262552,1037,2129
q1, dc, c,64,32768,2,0,49420,41,262553,1039,2124
q1, dc, c,64,32768,2,0,49425,35,263797,1038,2139
q1, dc, c,64,32768,2,0,49418,41,263877,1036,2142
q1, dc, c,64,32768,2,0,49460,42,264076,1038,2149
q1, dc, c,64,32768,2,0,49429,40,262553,1038,2823
q1, dc, c,64,32768,2,0,49421,37,262552,1037,2139
q1, dc, c,64,32768,2,0,49581,35,262555,1036,2144
q1, dc, c,64,32768,2,0,49432,38,262554,1033,2792
q1, dc, c,64,32768,2,0,49420,46,262553,1203,2130
q1, dc, c,64,32768,2,0,49426,44,262552,1036,2136
q1, dc, c,64,32768,2,0,49492,40,262551,1039,2166
q1, dc, c,64,32768,2,0,49418,37,262551,1039,2954
q1, dc, c,64,32768,2,0,49441,42,262555,1038,2147
q1, dc, c,64,32768,2,0,49427,49,262554,1040,2138
q1, dc, c,64,32768,2,0,49423,45,262553,1038,2121
q1, dc, c,64,32768,2,0,49569,41,263736,1037,2923
q1, dc, c,64,32768,2,0,49416,40,262551,1040,2866
q1, dc, c,64,32768,2,0,49430,41,262552,1040,2758
q1, dc, c,64,32768,2,0,49413,32,262553,1091,2864
q1, dc, c,64,32768,2,0,49433,42,262549,1142,2131
q1, dc, c,64,32768,2,0,49414,37,262553,1107,2121
q1, dc, c,64,32768,2,0,49425,47,264098,1102,2153
q1, dc, c,64,32768,2,0,49418,41,262550,1036,2119
q1, dc, c,64,32768,2,0,49427,46,262551,1038,2126
q1, dc, c,64,32768,2,0,49429,39,262552,1039,2129
q1, dc, c,64,32768,2,0,49440,39,262552,1127,2147
q1, dc, c,64,32768,4,0,52545,233,262553,2062,4191
q1, dc, c,64,32768,4,0,49649,60,262551,2061,4188
q1, dc, c,64,32768,4,0,52013,239,262552,2150,4201
q1, dc, c,64,32768,4,0,49647,69,262553,2062,4186
q1, dc, c,64,32768,4,0,49643,55,262550,2063,4216
q1, dc, c,64,32768,4,0,49709,59,262551,2060,4205
q1, dc, c,64,32768,4,0,49635,55,264157,2061,4190
q1, dc, c,64,32768,4,0,49684,59,262552,2062,4183
q1, dc, c,64,32768,4,0,49644,66,262550,2067,4209
q1, dc, c,64,32768,4,0,49641,63,262551,2062,4193
q1, dc, c,64,32768,4,0,49663,64,262552,2146,4194
q1, dc, c,64,32768,4,0,49679,59,262554,2062,4173
q1, dc, c,64,32768,4,0,49673,61,262554,2066,5511
q1, dc, c,64,32768,4,0,49638,59,262552,2059,4191
q1, dc, c,64,32768,4,0,49639,53,262551,2065,4195
q1, dc, c,64,32768,4,0,49641,62,262552,2060,4171
q1, dc, c,64,32768,4,0,49649,58,264228,2062,4178
q1, dc, c,64,32768,4,0,49646,62,262551,2064,4206
q1, dc, c,64,32768,4,0,53364,299,262553,2061,4198
q1, dc, c,64,32768,4,0,49662,60,262552,2060,4209
q1, dc, c,64,32768,4,0,49643,62,262552,2118,4197
q1, dc, c,64,32768,4,0,49636,60,264069,2062,4199
q1, dc, c,64,32768,4,0,49646,57,262551,2062,4213
q1, dc, c,64,32768,4,0,52388,238,264138,2063,4201
q1, dc, c,64,32768,4,0,49641,63,264077,2060,4202
q1, dc, c,64,32768,4,0,49639,58,262551,2060,4191
q1, dc, c,64,32768,4,0,49642,62,262552,2063,4197
q1, dc, c,64,32768,4,0,49634,71,262549,2065,4901
q1, dc, c,64,32768,4,0,52761,306,264075,2062,4209
q1, dc, c,64,32768,4,0,49636,69,262550,2065,4187
q1, dc, c,64,32768,8,0,50116,106,263901,4111,8294
q1, dc, c,64,32768,8,0,50173,103,262551,4112,8288
q1, dc, c,64,32768,8,0,50090,103,262551,4176,8300
q1, dc, c,64,32768,8,0,52784,304,262553,4112,8268
q1, dc, c,64,32768,8,0,50129,96,262554,4108,8288
q1, dc, c,64,32768,8,0,50124,96,262551,4113,8292
q1, dc, c,64,32768,8,0,51931,275,262553,4109,8297
q1, dc, c,64,32768,8,0,50117,93,262552,4113,8328
q1, dc, c,64,32768,8,0,50131,96,262550,4112,8321
q1, dc, c,64,32768,8,0,50120,95,262552,4112,8305
q1, dc, c,64,32768,8,0,50085,93,262554,4109,8297
q1, dc, c,64,32768,8,0,50088,94,262552,4109,9110
q1, dc, c,64,32768,8,0,50121,97,262551,4112,8284
q1, dc, c,64,32768,8,0,50122,104,262551,4221,8278
q1, dc, c,64,32768,8,0,50081,88,262550,4178,8285
q1, dc, c,64,32768,8,0,50085,98,262552,4191,8318
q1, dc, c,64,32768,8,0,50139,95,263714,4109,8282
q1, dc, c,64,32768,8,0,50121,96,264174,4113,8295
q1, dc, c,64,32768,8,0,50096,96,262552,4109,8311
q1, dc, c,64,32768,8,0,50087,103,262551,4113,8301
q1, dc, c,64,32768,8,0,50122,99,262552,4111,8302
q1, dc, c,64,32768,8,0,50101,97,264486,4111,8298
q1, dc, c,64,32768,8,0,50118,102,262553,4108,8292
q1, dc, c,64,32768,8,0,52147,236,262552,4208,8294
q1, dc, c,64,32768,8,0,50129,93,262554,4179,8310
q1, dc, c,64,32768,8,0,50117,100,262552,4114,8296
q1, dc, c,64,32768,8,0,50118,92,262551,4106,8284
q1, dc, c,64,32768,8,0,50144,106,262552,4113,9155
q1, dc, c,64,32768,8,0,50083,97,262551,4114,8297
q1, dc, c,64,32768,8,0,50125,102,262551,4109,8305
q1, dc, c,64,32768,16,0,53881,162,295316,8209,16500
q1, dc, c,64,32768,16,0,53955,183,295319,8310,16522
q1, dc, c,64,32768,16,0,54073,169,297039,8212,16544
q1, dc, c,64,32768,16,0,53980,177,295317,8209,16532
q1, dc, c,64,32768,16,0,53919,165,298529,8212,16519
q1, dc, c,64,32768,16,0,54032,181,295318,8212,16498
q1, dc, c,64,32768,16,0,53885,156,295321,8210,16496
q1, dc, c,64,32768,16,0,53902,163,297982,8211,16533
q1, dc, c,64,32768,16,0,53943,158,295320,8208,16482
q1, dc, c,64,32768,16,0,53933,177,295321,8207,16523
q1, dc, c,64,32768,16,0,56571,326,295320,8211,16521
q1, dc, c,64,32768,16,0,53915,173,298896,8316,16518
q1, dc, c,64,32768,16,0,53963,167,295319,8212,16509
q1, dc, c,64,32768,16,0,54035,177,295318,8216,16505
q1, dc, c,64,32768,16,0,53923,166,295320,8329,16480
q1, dc, c,64,32768,16,0,56446,348,295319,8213,16492
q1, dc, c,64,32768,16,0,53935,163,295319,8217,16507
q1, dc, c,64,32768,16,0,54047,180,295321,8210,17299
q1, dc, c,64,32768,16,0,53962,172,295320,8211,16514
q1, dc, c,64,32768,16,0,53928,168,295321,8211,16502
q1, dc, c,64,32768,16,0,53991,169,295318,8210,16509
q1, dc, c,64,32768,16,0,54092,176,295319,8220,16511
q1, dc, c,64,32768,16,0,53987,182,295320,8211,16525
q1, dc, c,64,32768,16,0,54016,182,295320,8300,16504
q1, dc, c,64,32768,16,0,53969,164,295322,8300,16512
q1, dc, c,64,32768,16,0,54034,179,295319,8220,16522
q1, dc, c,64,32768,16,0,53875,172,295320,8214,16499
q1, dc, c,64,32768,16,0,53933,172,295320,8213,16545
q1, dc, c,64,32768,16,0,53971,178,295321,8209,16484
q1, dc, c,64,32768,16,0,54046,177,295320,8215,16496
