q1, d, -, 200, 44620, 47, 7188606, 21593712, 44625, 222476, 103972, 78557554
q1,  r,  c,  200, 44620,  47, 6486111, 20202653, 1903, 67783, 32913, 75624970
q1, d, -, 200, 44620, 47, 7170001, 21593064, 43367, 225702, 104838, 78556747
q1,  r,  c,  200, 44620,  47, 6968914, 22017722, 2441, 68385, 32935, 78897725
q1, d, -, 200, 44620, 47, 7147616, 21593196, 41282, 226358, 106035, 78556511
q1,  r,  c,  200, 44620,  47, 7012017, 22105010, 1913, 67726, 32950, 79431310
q1, d, -, 200, 44620, 47, 7138605, 21594168, 42140, 225102, 105361, 78558240
q1,  r,  c,  200, 44620,  47, 6965765, 22017688, 2306, 68411, 32941, 78900541
q1, d, -, 200, 44620, 47, 6777164, 19862556, 42527, 226337, 106319, 75804553
q1,  r,  c,  200, 44620,  47, 6970852, 22016863, 2085, 68424, 32940, 78900111
q1, d, -, 200, 44620, 47, 7145394, 21593699, 41844, 226562, 105915, 78557812
q1,  r,  c,  200, 44620,  47, 6963889, 22017359, 1344, 67667, 32934, 78901129
q1, d, -, 200, 44620, 47, 7171779, 21593709, 44632, 223995, 104782, 78557591
q1,  r,  c,  200, 44620,  47, 6979712, 21970862, 1700, 67833, 32938, 78623381
q1, d, -, 200, 44620, 47, 7179581, 21593260, 45017, 223337, 104199, 78557439
q1,  r,  c,  200, 44620,  47, 6962984, 22016519, 1603, 67729, 32916, 78898729
q1, d, -, 200, 44620, 47, 7288237, 21545685, 42563, 362086, 105327, 78266721
q1,  r,  c,  200, 44620,  47, 7021976, 22105138, 2683, 68800, 32905, 79428272
q1, d, -, 200, 44620, 47, 7190176, 21593693, 42923, 224608, 105573, 78557280
q1,  r,  c,  200, 44620,  47, 7027088, 22105337, 2904, 68672, 32907, 79431966
q1, d, -, 200, 44620, 47, 7291799, 21593749, 44186, 370359, 104826, 78557300
q1,  r,  c,  200, 44620,  47, 6997203, 22106174, 1359, 67164, 32946, 79423455
q1, d, -, 200, 44620, 47, 7165901, 21594201, 43372, 225208, 105062, 78558335
q1,  r,  c,  200, 44620,  47, 6985364, 22017049, 2354, 68274, 32935, 78899971
q1, d, -, 200, 44620, 47, 6859079, 20139806, 42680, 227214, 106027, 77069688
q1,  r,  c,  200, 44620,  47, 7003206, 22060515, 1515, 67886, 32923, 79164184
q1, d, -, 200, 44620, 47, 7406071, 21681649, 43982, 379925, 104280, 79088817
q1,  r,  c,  200, 44620,  47, 7015257, 22105556, 1519, 67468, 32917, 79431756
q1, d, -, 200, 44620, 47, 7156769, 21594156, 42595, 224094, 105107, 78558027
q1,  r,  c,  200, 44620,  47, 7006647, 22060416, 1876, 68479, 32945, 79163874
q1, d, -, 200, 44620, 47, 7244781, 21593367, 43608, 225208, 104935, 78556466
q1,  r,  c,  200, 44620,  47, 6967751, 22017596, 2306, 68425, 32927, 78900634
q1, d, -, 200, 44620, 47, 7163784, 21593772, 43388, 225098, 105337, 78557421
q1,  r,  c,  200, 44620,  47, 6954543, 22016575, 1436, 67742, 32937, 78898913
q1, d, -, 200, 44620, 47, 6744364, 20052729, 41840, 226660, 106288, 76538957
q1,  r,  c,  200, 44620,  47, 7006554, 22104988, 1237, 67557, 32915, 79432326
q1, d, -, 200, 44620, 47, 7322759, 21593406, 42396, 369501, 105656, 78557262
q1,  r,  c,  200, 44620,  47, 6953859, 22016429, 1268, 67349, 32935, 78900596
q1, d, -, 200, 44620, 47, 7151507, 21594109, 42952, 224776, 105044, 78558270
q1,  r,  c,  200, 44620,  47, 6983633, 22150297, 1636, 67923, 32913, 79699479
q1, d, -, 200, 44620, 47, 7232393, 21636889, 42052, 227318, 106068, 78822376
q1,  r,  c,  200, 44620,  47, 6961345, 22017043, 1726, 67783, 32927, 78899829
q1, d, -, 200, 44620, 47, 7154471, 21594178, 42935, 222880, 104569, 78558245
q1,  r,  c,  200, 44620,  47, 7009582, 22104521, 1382, 68064, 32947, 79429352
q1, d, -, 200, 44620, 47, 7285015, 21593837, 42419, 370902, 105977, 78557476
q1,  r,  c,  200, 44620,  47, 7021504, 22104912, 1804, 68369, 32929, 79428498
q1, d, -, 200, 44620, 47, 7160055, 21592560, 42522, 225052, 105103, 78556741
q1,  r,  c,  200, 44620,  47, 6971783, 22016558, 2312, 68572, 32935, 78898741
q1, d, -, 200, 44620, 47, 7396753, 21636805, 43819, 369738, 104796, 78822229
q1,  r,  c,  200, 44620,  47, 6999964, 22060833, 1078, 67538, 32923, 79165134
q1, d, -, 200, 44620, 47, 7253342, 21636740, 45169, 225540, 104842, 78822277
q1,  r,  c,  200, 44620,  47, 6997346, 22060467, 1369, 67661, 32949, 79163846
q1, d, -, 200, 44620, 47, 7258688, 21681418, 43626, 227444, 105759, 79089762
q1,  r,  c,  200, 44620,  47, 6634534, 20572418, 1720, 67953, 32922, 77429035
q1, d, -, 200, 44620, 47, 7160371, 21593773, 44074, 224558, 104973, 78557258
q1,  r,  c,  200, 44620,  47, 6943570, 22016540, 1145, 67677, 32917, 78898771
q1, d, -, 200, 44620, 47, 7142254, 21593993, 41720, 225825, 105566, 78558076
q1,  r,  c,  200, 44620,  47, 6482774, 20202681, 1330, 67264, 32912, 75626401
q1, d, -, 200, 44620, 47, 7167165, 21594156, 44752, 227439, 104714, 78558267
q1,  r,  c,  200, 44620,  47, 6973679, 22016957, 2538, 68500, 32926, 78900198
q1, c, -, 200, 44620, 47, 6850212, 20866274, 16173, 72795, 32809, 77290180
q1, c, -, 200, 44620, 47, 6883131, 20866577, 16028, 72630, 32822, 77290840
q1, c, -, 200, 44620, 47, 6858985, 20866294, 16006, 72908, 32819, 77289636
q1, c, -, 200, 44620, 47, 6930623, 20910200, 16367, 72832, 32819, 77556049
q1, c, -, 200, 44620, 47, 6246939, 18688708, 12373, 44677, 20059, 74534771
q1, c, -, 200, 44620, 47, 6855325, 20866637, 16411, 72845, 32833, 77291001
q1, c, -, 200, 44620, 47, 6924003, 20910039, 16416, 73053, 32830, 77555955
q1, c, -, 200, 44620, 47, 6853119, 20866257, 15988, 72358, 32822, 77289661
q1, c, -, 200, 44620, 47, 6923317, 20909928, 16296, 73062, 32821, 77555546
q1, c, -, 200, 44620, 47, 6937213, 21000441, 16634, 73309, 32829, 78093786
q1, c, -, 200, 44620, 47, 6858889, 20866377, 16131, 72641, 32807, 77290239
q1, c, -, 200, 44620, 47, 6883795, 20866378, 15618, 72230, 32835, 77290212
q1, c, -, 200, 44620, 47, 6930692, 20909984, 16525, 73305, 32827, 77555797
q1, c, -, 200, 44620, 47, 6851778, 20866332, 16148, 72340, 32819, 77292747
q1, c, -, 200, 44620, 47, 6938559, 20954723, 17077, 74244, 32797, 77824662
q1, c, -, 200, 44620, 47, 6859612, 20866292, 16077, 72593, 32858, 77290229
q1, c, -, 200, 44620, 47, 6879077, 20866294, 16048, 72481, 32819, 77289509
q1, c, -, 200, 44620, 47, 6877952, 20866328, 15885, 72164, 32814, 77290585
q1, c, -, 200, 44620, 47, 6858789, 20866613, 16547, 73253, 32834, 77290939
q1, c, -, 200, 44620, 47, 6861429, 20866413, 16143, 72407, 32851, 77290320
q1, c, -, 200, 44620, 47, 6919987, 20909902, 16455, 73222, 32815, 77555733
q1, c, -, 200, 44620, 47, 6859173, 20866161, 16171, 72477, 32805, 77289418
q1, c, -, 200, 44620, 47, 6928040, 20909922, 16507, 73285, 32794, 77555869
q1, c, -, 200, 44620, 47, 6854302, 20866568, 16073, 72693, 32831, 77290896
q1, c, -, 200, 44620, 47, 6933332, 20909935, 16099, 72869, 32838, 77561221
q1, c, -, 200, 44620, 47, 6859860, 20866389, 16410, 73139, 32818, 77290223
q1, c, -, 200, 44620, 47, 6862762, 20866428, 16485, 73245, 32819, 77289843
q1, c, -, 200, 44620, 47, 6857698, 20866289, 16257, 73006, 32817, 77289636
q1, c, -, 200, 44620, 47, 6889115, 20866628, 16034, 72691, 32809, 77290896
q1, c, -, 200, 44620, 47, 5973039, 18168125, 681, 19507, 9117, 72247212
q1, d, -, 200, 89240, 47, 14752829, 43283033, 87917, 743102, 210101, 157664114
q1,  r,  c,  200, 89240,  47, 13909815, 44042839, 3077, 135555, 65882, 157817965
q1, d, -, 200, 89240, 47, 14533888, 43195199, 83871, 728965, 210243, 157132735
q1,  r,  c,  200, 89240,  47, 13962420, 44131395, 2698, 134809, 65847, 158350771
q1, d, -, 200, 89240, 47, 14336397, 43194942, 84596, 451770, 210990, 157131867
q1,  r,  c,  200, 89240,  47, 13916128, 44042652, 3468, 135425, 65821, 157817864
q1, d, -, 200, 89240, 47, 14358562, 43195011, 87313, 449577, 209554, 157131797
q1,  r,  c,  200, 89240,  47, 13969072, 44086903, 4109, 136039, 65815, 158083897
q1, d, -, 200, 89240, 47, 14486292, 43283279, 84838, 451750, 210254, 157673927
q1,  r,  c,  200, 89240,  47, 13958335, 44086732, 3144, 135215, 65841, 158083471
q1, d, -, 200, 89240, 47, 13498086, 40107887, 87598, 447297, 209678, 153083274
q1,  r,  c,  200, 89240,  47, 13933541, 44043568, 2732, 135558, 65854, 157821802
q1, d, -, 200, 89240, 47, 14335749, 43196998, 88083, 449974, 209649, 157135654
q1,  r,  c,  200, 89240,  47, 13588401, 42548021, 3242, 136041, 65872, 156068283
q1, d, -, 200, 89240, 47, 14433711, 43477011, 89185, 449933, 209259, 158723246
q1,  r,  c,  200, 89240,  47, 14038995, 44173705, 3456, 136405, 65853, 158611808
q1, d, -, 200, 89240, 47, 14317252, 43194229, 87036, 445074, 208926, 157131431
q1,  r,  c,  200, 89240,  47, 13992136, 44264167, 2772, 135193, 65855, 159150348
q1, d, -, 200, 89240, 47, 14802129, 43372918, 85243, 753782, 210015, 158199934
q1,  r,  c,  200, 89240,  47, 13959260, 44086798, 2677, 134946, 65887, 158083728
q1, d, -, 200, 89240, 47, 14543711, 43196505, 84582, 729913, 211333, 157134138
q1,  r,  c,  200, 89240,  47, 13936715, 44043703, 3140, 135939, 65839, 157820109
q1, d, -, 200, 89240, 47, 13658342, 40106546, 87535, 448908, 209149, 153079916
q1,  r,  c,  200, 89240,  47, 13955877, 44086910, 3535, 136087, 65844, 158085975
q1, d, -, 200, 89240, 47, 14816254, 43372619, 87375, 756943, 211440, 158200128
q1,  r,  c,  200, 89240,  47, 13967186, 44086184, 3422, 136097, 65875, 158083750
q1, d, -, 200, 89240, 47, 14279100, 43193789, 84087, 452744, 211731, 157130953
q1,  r,  c,  200, 89240,  47, 13936844, 44042311, 3714, 136111, 65813, 157818965
q1, d, -, 200, 89240, 47, 14796833, 43371194, 88569, 766873, 209937, 158198675
q1,  r,  c,  200, 89240,  47, 13900263, 44045651, 3055, 135563, 65889, 157811927
q1, d, -, 200, 89240, 47, 14391726, 43198347, 87432, 451239, 209845, 157129198
q1,  r,  c,  200, 89240,  47, 13612296, 42597921, 3914, 136536, 65847, 156347367
q1, d, -, 200, 89240, 47, 14291713, 43195207, 83468, 452069, 211265, 157132258
q1,  r,  c,  200, 89240,  47, 13526605, 42505132, 2505, 134595, 65878, 155803948
q1, d, -, 200, 89240, 47, 14315077, 43196244, 87350, 452678, 210693, 157133550
q1,  r,  c,  200, 89240,  47, 13956600, 44086428, 3227, 135898, 65857, 158081273
q1, d, -, 200, 89240, 47, 14692620, 43462741, 83748, 760139, 211915, 158739062
q1,  r,  c,  200, 89240,  47, 13917378, 44042273, 3080, 135126, 65865, 157817999
q1, d, -, 200, 89240, 47, 14773783, 43371696, 86178, 766888, 211055, 158198775
q1,  r,  c,  200, 89240,  47, 13977850, 44130943, 2762, 135269, 65859, 158347978
q1, d, -, 200, 89240, 47, 14532819, 43371993, 85915, 454470, 212021, 158205559
q1,  r,  c,  200, 89240,  47, 13921846, 44042152, 2765, 135293, 65866, 157816549
q1, d, -, 200, 89240, 47, 14332148, 43195085, 88095, 446071, 208591, 157133926
q1,  r,  c,  200, 89240,  47, 13916737, 44042318, 3124, 136091, 65880, 157815071
q1, d, -, 200, 89240, 47, 14498412, 43371947, 83692, 453404, 211652, 158199287
q1,  r,  c,  200, 89240,  47, 13895059, 44043612, 2555, 134786, 65807, 157820983
q1, d, -, 200, 89240, 47, 14546805, 43196526, 84915, 728820, 211167, 157133949
q1,  r,  c,  200, 89240,  47, 13466284, 42366498, 2755, 135435, 65852, 154844453
q1, d, -, 200, 89240, 47, 14551103, 43193699, 84642, 729844, 211209, 157131110
q1,  r,  c,  200, 89240,  47, 13529167, 42263436, 4887, 136990, 65870, 154790605
q1, d, -, 200, 89240, 47, 14522368, 43283099, 87084, 448064, 209564, 157664384
q1,  r,  c,  200, 89240,  47, 13992228, 44130570, 3726, 136350, 65861, 158348780
q1, d, -, 200, 89240, 47, 14310382, 43197584, 87135, 448512, 208713, 157136128
q1,  r,  c,  200, 89240,  47, 13993480, 44130535, 4244, 136585, 65857, 158349868
q1, d, -, 200, 89240, 47, 14757003, 43371639, 84572, 767090, 211614, 158198796
q1,  r,  c,  200, 89240,  47, 13934799, 44042501, 2956, 135911, 65822, 157817526
q1, d, -, 200, 89240, 47, 14349733, 43197696, 86927, 443380, 209021, 157138574
q1,  r,  c,  200, 89240,  47, 13972249, 44086873, 3114, 135593, 65883, 158085750
q1, d, -, 200, 89240, 47, 14320317, 43194338, 87855, 450001, 209733, 157131715
q1,  r,  c,  200, 89240,  47, 13638924, 42592026, 3178, 135877, 65843, 156334247
q1, c, -, 200, 89240, 47, 13710414, 41745761, 32418, 145366, 65652, 154607580
q1, c, -, 200, 89240, 47, 13767846, 41745867, 32432, 145755, 65595, 154607833
q1, c, -, 200, 89240, 47, 13850291, 41833843, 32688, 145372, 65628, 155140634
q1, c, -, 200, 89240, 47, 13710307, 41745067, 32307, 145560, 65618, 154606945
q1, c, -, 200, 89240, 47, 13840032, 41832696, 32321, 145246, 65592, 155139320
q1, c, -, 200, 89240, 47, 12048325, 36512402, 1383, 38698, 18202, 145560719
q1, c, -, 200, 89240, 47, 13711664, 41746768, 32436, 145243, 65641, 154613142
q1, c, -, 200, 89240, 47, 13712741, 41745897, 31896, 145034, 65618, 154607693
q1, c, -, 200, 89240, 47, 13771734, 41745757, 32256, 145689, 65603, 154607708
q1, c, -, 200, 89240, 47, 13955137, 41922595, 32455, 145720, 65632, 155676059
q1, c, -, 200, 89240, 47, 13850302, 41833862, 32400, 145651, 65617, 155140421
q1, c, -, 200, 89240, 47, 13864472, 41834054, 32573, 145192, 65613, 155140968
q1, c, -, 200, 89240, 47, 13714891, 41745943, 32142, 145266, 65643, 154607770
q1, c, -, 200, 89240, 47, 13858795, 41922479, 32221, 144364, 65654, 155675309
q1, c, -, 200, 89240, 47, 13716811, 41746139, 31985, 145221, 65612, 154607585
q1, c, -, 200, 89240, 47, 13863297, 41922471, 32961, 145727, 65640, 155675283
q1, c, -, 200, 89240, 47, 13719940, 41746317, 32731, 145342, 65614, 154608990
q1, c, -, 200, 89240, 47, 13726269, 41746219, 32626, 145114, 65635, 154607302
q1, c, -, 200, 89240, 47, 13718930, 41745839, 32635, 145930, 65592, 154606792
q1, c, -, 200, 89240, 47, 13704938, 41746238, 31737, 143719, 65626, 154608979
q1, c, -, 200, 89240, 47, 13728348, 41746211, 32553, 145801, 65611, 154608794
q1, c, -, 200, 89240, 47, 13865479, 41922918, 32583, 145556, 65612, 155675752
q1, c, -, 200, 89240, 47, 13820573, 42013892, 33569, 147093, 65618, 156212863
q1, c, -, 200, 89240, 47, 13863186, 41833257, 33624, 147597, 65616, 155140338
q1, c, -, 200, 89240, 47, 13765953, 41745768, 33256, 146762, 65613, 154607760
q1, c, -, 200, 89240, 47, 13868651, 41922254, 33915, 148073, 65628, 155674587
q1, c, -, 200, 89240, 47, 13706737, 41745507, 32454, 145693, 65636, 154606354
q1, c, -, 200, 89240, 47, 13706723, 41745444, 32221, 145096, 65641, 154606366
q1, c, -, 200, 89240, 47, 13852599, 41834020, 32503, 145552, 65620, 155141100
q1, c, -, 200, 89240, 47, 13769739, 41746206, 32650, 145666, 65622, 154608811
q1, d, -, 200, 178480, 47, 28660611, 86370096, 174765, 904898, 420187, 314220804
q1,  r,  c,  200, 178480,  47, 27919106, 88108837, 7809, 273076, 131759, 315860925
q1, d, -, 200, 178480, 47, 27369707, 80374904, 169172, 901830, 423010, 307196562
q1,  r,  c,  200, 178480,  47, 27989270, 88196861, 7582, 272686, 131740, 316388312
q1, d, -, 200, 178480, 47, 28689075, 86374119, 176685, 886117, 416157, 314228704
q1,  r,  c,  200, 178480,  47, 27992749, 88242802, 7147, 272687, 131734, 316652464
q1, d, -, 200, 178480, 47, 29249974, 86370933, 174989, 1462417, 417987, 314222711
q1,  r,  c,  200, 178480,  47, 27959350, 88245063, 7764, 273951, 131646, 316667300
q1, d, -, 200, 178480, 47, 28592661, 86372996, 169951, 900383, 421935, 314224322
q1,  r,  c,  200, 178480,  47, 27858286, 88025702, 7483, 272294, 131703, 315311638
q1, d, -, 200, 178480, 47, 28963768, 86723618, 170109, 905337, 422568, 316354333
q1,  r,  c,  200, 178480,  47, 27520590, 86621573, 5677, 270961, 131680, 314126180
q1, d, -, 200, 178480, 47, 27388003, 80552483, 168458, 906088, 422986, 308265603
q1,  r,  c,  200, 178480,  47, 27844908, 88066311, 6128, 271695, 131755, 315598861
q1, d, -, 200, 178480, 47, 29489307, 86545372, 172858, 1488478, 421767, 315284072
q1,  r,  c,  200, 178480,  47, 27933752, 88153795, 6374, 272169, 131741, 316128983
q1, d, -, 200, 178480, 47, 28844666, 86372863, 174761, 901977, 420177, 314221595
q1,  r,  c,  200, 178480,  47, 27602303, 86779739, 7357, 271855, 131708, 315150459
q1, d, -, 200, 178480, 47, 28594811, 86369306, 166655, 902530, 423256, 314220630
q1,  r,  c,  200, 178480,  47, 27986270, 88197863, 9227, 273469, 131711, 316394346
q1, d, -, 200, 178480, 47, 28591016, 86372840, 172777, 902529, 419672, 314226975
q1,  r,  c,  200, 178480,  47, 27896748, 88063726, 5835, 271793, 131737, 315580986
q1, d, -, 200, 178480, 47, 28635142, 86375264, 172432, 898999, 421372, 314242430
q1,  r,  c,  200, 178480,  47, 27922985, 88242426, 6117, 271263, 131697, 316658325
q1, d, -, 200, 178480, 47, 29058398, 86373191, 167093, 1457751, 422366, 314225039
q1,  r,  c,  200, 178480,  47, 27890093, 88109183, 6231, 271276, 131713, 315860409
q1, d, -, 200, 178480, 47, 28707415, 86371661, 178972, 895247, 417364, 314223294
q1,  r,  c,  200, 178480,  47, 27906718, 88108874, 7525, 271820, 131713, 315861557
q1, d, -, 200, 178480, 47, 28665632, 86374842, 178216, 893120, 417578, 314228956
q1,  r,  c,  200, 178480,  47, 27862010, 88110361, 5838, 270615, 131723, 315861347
q1, d, -, 200, 178480, 47, 28600966, 86373262, 174995, 905461, 419803, 314227300
q1,  r,  c,  200, 178480,  47, 27893452, 88153817, 6594, 271480, 131683, 316128040
q1, d, -, 200, 178480, 47, 28617876, 86372081, 175590, 908251, 420745, 314223299
q1,  r,  c,  200, 178480,  47, 27557475, 86690596, 6518, 270547, 131693, 314614345
q1, d, -, 200, 178480, 47, 29106580, 86369429, 167148, 1480598, 423338, 314220987
q1,  r,  c,  200, 178480,  47, 27604192, 86748428, 6510, 272179, 131721, 314914944
q1, d, -, 200, 178480, 47, 28958737, 86723705, 172742, 903491, 420533, 316354261
q1,  r,  c,  200, 178480,  47, 27488758, 86668325, 6085, 271280, 131739, 314398427
q1, d, -, 200, 178480, 47, 29129297, 86370996, 173137, 1474724, 419970, 314223070
q1,  r,  c,  200, 178480,  47, 27918717, 88109299, 7033, 272754, 131668, 315861961
q1, d, -, 200, 178480, 47, 29085260, 86725327, 176375, 894588, 418548, 316346931
q1,  r,  c,  200, 178480,  47, 27972153, 88287930, 6472, 271319, 131694, 316912238
q1, d, -, 200, 178480, 47, 29137069, 86372422, 175756, 1475535, 421010, 314224474
q1,  r,  c,  200, 178480,  47, 27821146, 88072027, 6793, 271664, 131753, 315585174
q1, d, -, 200, 178480, 47, 28598636, 86374602, 170463, 896910, 419951, 314227907
q1,  r,  c,  200, 178480,  47, 27849693, 88065311, 7161, 271441, 131709, 315595693
q1, d, -, 200, 178480, 47, 29676352, 86725148, 178906, 1492173, 418414, 316356208
q1,  r,  c,  200, 178480,  47, 27920762, 88198466, 5545, 270492, 131739, 316392515
q1, d, -, 200, 178480, 47, 26945678, 80203814, 175104, 907056, 420754, 306141187
q1,  r,  c,  200, 178480,  47, 27338580, 86251585, 5471, 269446, 131688, 312324691
q1, d, -, 200, 178480, 47, 29542872, 86723980, 170681, 1521549, 423434, 316354579
q1,  r,  c,  200, 178480,  47, 27850230, 88067075, 7669, 272225, 131671, 315600439
q1, d, -, 200, 178480, 47, 29102936, 86372136, 167501, 1467065, 421700, 314223874
q1,  r,  c,  200, 178480,  47, 27970788, 88288030, 6939, 272288, 131692, 316927303
q1, d, -, 200, 178480, 47, 29084591, 86545745, 178863, 894463, 418012, 315284441
q1,  r,  c,  200, 178480,  47, 27505717, 86364569, 8244, 272803, 131741, 312905590
q1, d, -, 200, 178480, 47, 28951236, 86545616, 168862, 907157, 424497, 315283568
q1,  r,  c,  200, 178480,  47, 27234644, 85224542, 8805, 272467, 131739, 312927205
q1, d, -, 200, 178480, 47, 29039205, 86724054, 170596, 909513, 424089, 316354602
q1,  r,  c,  200, 178480,  47, 27880667, 88111852, 6890, 271898, 131687, 315857897
q1, c, -, 200, 178480, 47, 27762299, 83997669, 66536, 292323, 131210, 312368304
q1, c, -, 200, 178480, 47, 27719675, 83815492, 65284, 290108, 131231, 311287981
q1, c, -, 200, 178480, 47, 27399277, 83462619, 64765, 290451, 131194, 309153426
q1, c, -, 200, 178480, 47, 27525500, 83462254, 64895, 290081, 131206, 309153586
q1, c, -, 200, 178480, 47, 27433020, 83462836, 65927, 292582, 131197, 309153524
q1, c, -, 200, 178480, 47, 27408080, 83462357, 66310, 291657, 131180, 309153871
q1, c, -, 200, 178480, 47, 25043988, 74563610, 49429, 175346, 78946, 297039848
q1, c, -, 200, 178480, 47, 27401690, 83462195, 65402, 289189, 131199, 309153634
q1, c, -, 200, 178480, 47, 27415534, 83463232, 65468, 291444, 131216, 309155710
q1, c, -, 200, 178480, 47, 27391983, 83461621, 64712, 290111, 131183, 309151158
q1, c, -, 200, 178480, 47, 27396175, 83462755, 63334, 288759, 131190, 309152242
q1, c, -, 200, 178480, 47, 27401308, 83462370, 65298, 290859, 131241, 309154946
q1, c, -, 200, 178480, 47, 27403263, 83462119, 63992, 288586, 131170, 309153692
q1, c, -, 200, 178480, 47, 27672946, 83636953, 64316, 289468, 131228, 310216161
q1, c, -, 200, 178480, 47, 27406032, 83463200, 64191, 288370, 131238, 309155692
q1, c, -, 200, 178480, 47, 27407963, 83463211, 65524, 290316, 131184, 309155955
q1, c, -, 200, 178480, 47, 27400473, 83462527, 64344, 288782, 131161, 309150765
q1, c, -, 200, 178480, 47, 27701158, 83815200, 64641, 289709, 131239, 311287629
q1, c, -, 200, 178480, 47, 27406851, 83461328, 64558, 289660, 131207, 309149691
q1, c, -, 200, 178480, 47, 27537108, 83462426, 64278, 287736, 131222, 309152100
q1, c, -, 200, 178480, 47, 27501087, 83462063, 64996, 290707, 131171, 309153188
q1, c, -, 200, 178480, 47, 27718639, 83816038, 64815, 290938, 131180, 311287916
q1, c, -, 200, 178480, 47, 27389871, 83461461, 64352, 290000, 131198, 309152980
q1, c, -, 200, 178480, 47, 27686831, 83636961, 64811, 290765, 131195, 310216199
q1, c, -, 200, 178480, 47, 27677954, 83636785, 65572, 290856, 131214, 310215786
q1, c, -, 200, 178480, 47, 27551292, 83461824, 64351, 289960, 131203, 309154003
q1, c, -, 200, 178480, 47, 27402231, 83462293, 64643, 288686, 131200, 309153802
q1, c, -, 200, 178480, 47, 27716650, 83815235, 66971, 292705, 131217, 311286388
q1, c, -, 200, 178480, 47, 27520744, 83461909, 65172, 291375, 131194, 309151380
q1, c, -, 200, 178480, 47, 27687972, 83817767, 66205, 291213, 131164, 311271951
q1, d, -, 200, 356960, 47, 57353223, 172761312, 359107, 1787612, 834489, 628483321
q1,  r,  c,  200, 356960,  47, 55828712, 176277375, 13905, 543423, 263420, 632020558
q1, d, -, 200, 356960, 47, 57210625, 172756544, 334427, 1802068, 846429, 628473637
q1,  r,  c,  200, 356960,  47, 55516531, 175070402, 13130, 543090, 263398, 631914405
q1, d, -, 200, 356960, 47, 57150038, 172758735, 336491, 1810247, 845983, 628480121
q1,  r,  c,  200, 356960,  47, 55459354, 174763347, 13112, 542039, 263477, 630049830
q1, d, -, 200, 356960, 47, 53883858, 158197024, 348924, 1788240, 840739, 602107491
q1,  r,  c,  200, 356960,  47, 55501253, 174826065, 16019, 544835, 263435, 630535989
q1, d, -, 200, 356960, 47, 58087291, 173104894, 350410, 1791188, 837414, 630596270
q1,  r,  c,  200, 356960,  47, 55404882, 174717565, 11987, 541224, 263475, 630315975
q1, d, -, 200, 356960, 47, 53964420, 158192937, 342268, 1786931, 843000, 602108011
q1,  r,  c,  200, 356960,  47, 55809591, 176411858, 13001, 542782, 263502, 632819044
q1, d, -, 200, 356960, 47, 58977979, 173102279, 343048, 2971923, 846717, 630592067
q1,  r,  c,  200, 356960,  47, 55775576, 176277399, 13082, 542407, 263463, 632015050
q1, d, -, 200, 356960, 47, 58044001, 173103544, 355691, 1803336, 840424, 630598249
q1,  r,  c,  200, 356960,  47, 55863388, 176499793, 14338, 542617, 263474, 633351349
q1, d, -, 200, 356960, 47, 57173279, 172753749, 350465, 1810824, 839274, 628470619
q1,  r,  c,  200, 356960,  47, 55346861, 174764167, 11642, 542824, 263419, 630032313
q1, d, -, 200, 356960, 47, 59044573, 173459343, 335769, 3067348, 846544, 632734114
q1,  r,  c,  200, 356960,  47, 55766861, 176274649, 12556, 541482, 263429, 632015204
q1, d, -, 200, 356960, 47, 57187587, 172757177, 343382, 1809724, 844245, 628477917
q1,  r,  c,  200, 356960,  47, 55095784, 173125199, 15061, 545073, 263462, 627848681
q1, d, -, 200, 356960, 47, 57385056, 172759455, 353598, 1775147, 833261, 628488048
q1,  r,  c,  200, 356960,  47, 54975074, 173126280, 12257, 542177, 263398, 628018689
q1, d, -, 200, 356960, 47, 59030815, 173102727, 355649, 2978527, 839869, 630593609
q1,  r,  c,  200, 356960,  47, 55927916, 176451874, 14172, 543616, 263426, 633078951
q1, d, -, 200, 356960, 47, 57151979, 172755839, 338465, 1803947, 842992, 628471723
q1,  r,  c,  200, 356960,  47, 55816211, 176278167, 12901, 543628, 263458, 632008828
q1, d, -, 200, 356960, 47, 57588667, 172764465, 347036, 1785634, 838262, 628468004
q1,  r,  c,  200, 356960,  47, 55425650, 174774068, 12921, 541966, 263471, 630247819
q1, d, -, 200, 356960, 47, 57314107, 172756039, 347684, 1791837, 839283, 628474869
q1,  r,  c,  200, 356960,  47, 55560326, 174856310, 13563, 542962, 263485, 630767209
q1, d, -, 200, 356960, 47, 58881296, 173101657, 336630, 2975456, 847940, 630590975
q1,  r,  c,  200, 356960,  47, 55366937, 174585543, 14422, 544234, 263431, 629516532
q1, d, -, 200, 356960, 47, 57318268, 172753524, 354779, 1773316, 831627, 628470246
q1,  r,  c,  200, 356960,  47, 55454877, 174911173, 14417, 544330, 263511, 631058098
q1, d, -, 200, 356960, 47, 57286273, 172754296, 347003, 1805547, 842915, 628470301
q1,  r,  c,  200, 356960,  47, 55451897, 174722666, 13294, 544007, 263389, 630328836
q1, d, -, 200, 356960, 47, 57217100, 172759041, 347166, 1800112, 838059, 628480887
q1,  r,  c,  200, 356960,  47, 55829271, 176365682, 15028, 545363, 263445, 632556068
q1, d, -, 200, 356960, 47, 57275439, 172760841, 350864, 1776445, 833651, 628483045
q1,  r,  c,  200, 356960,  47, 55000663, 172895831, 13577, 543863, 263454, 627028981
q1, d, -, 200, 356960, 47, 57782777, 173826167, 344256, 1809205, 843186, 634903681
q1,  r,  c,  200, 356960,  47, 55067037, 173221074, 12564, 543942, 263441, 628033588
q1, d, -, 200, 356960, 47, 57746275, 172761094, 340613, 1797174, 843576, 628478315
q1,  r,  c,  200, 356960,  47, 55835497, 176365483, 12927, 542927, 263507, 632549217
q1, d, -, 200, 356960, 47, 57194962, 172755485, 337402, 1799351, 841787, 628473604
q1,  r,  c,  200, 356960,  47, 55418400, 174819806, 13555, 542236, 263382, 630520119
q1, d, -, 200, 356960, 47, 57585197, 172761258, 341690, 1788002, 841700, 628485967
q1,  r,  c,  200, 356960,  47, 55852470, 176409098, 15191, 544151, 263459, 632815243
q1, d, -, 200, 356960, 47, 57126909, 172757464, 337083, 1801819, 844043, 628479104
q1,  r,  c,  200, 356960,  47, 55700246, 176144064, 12318, 543096, 263458, 631222834
q1, d, -, 200, 356960, 47, 57220526, 172761401, 353649, 1814459, 841579, 628482545
q1,  r,  c,  200, 356960,  47, 55804008, 176320774, 13426, 541697, 263480, 632276442
q1, d, -, 200, 356960, 47, 57895663, 173102513, 346550, 1814746, 845295, 630593336
q1,  r,  c,  200, 356960,  47, 55845385, 176274826, 15625, 546441, 263409, 632012668
q1, d, -, 200, 356960, 47, 57315771, 172759317, 348235, 1769294, 834370, 628472269
q1,  r,  c,  200, 356960,  47, 55870169, 176370295, 14189, 544303, 263435, 632531388
q1, d, -, 200, 356960, 47, 57846838, 173103459, 338867, 1810009, 845248, 630594849
q1,  r,  c,  200, 356960,  47, 55804923, 176276106, 12759, 543438, 263442, 632017674
q1, c, -, 200, 356960, 47, 54788269, 166941311, 128894, 576462, 262488, 618342980
q1, c, -, 200, 356960, 47, 55374670, 167290818, 131082, 583094, 262434, 620468816
q1, c, -, 200, 356960, 47, 54810765, 166941442, 128961, 579383, 262383, 618343429
q1, c, -, 200, 356960, 47, 55435721, 167648465, 135389, 586902, 262384, 622612393
q1, c, -, 200, 356960, 47, 55537426, 167290858, 131767, 583435, 262457, 620469521
q1, c, -, 200, 356960, 47, 55447198, 167649062, 130767, 581739, 262413, 622613225
q1, c, -, 200, 356960, 47, 55355909, 167292250, 130489, 581757, 262475, 620471647
q1, c, -, 200, 356960, 47, 54820613, 166940444, 129185, 580343, 262341, 618341317
q1, c, -, 200, 356960, 47, 54807862, 166943471, 130031, 581056, 262434, 618345493
q1, c, -, 200, 356960, 47, 54980487, 166948740, 130394, 581874, 262426, 618322540
q1, c, -, 200, 356960, 47, 55372154, 167292810, 131767, 583451, 262360, 620474585
q1, c, -, 200, 356960, 47, 54811326, 166943392, 129234, 577246, 262428, 618347591
q1, c, -, 200, 356960, 47, 54812344, 166940595, 131135, 582364, 262374, 618342535
q1, c, -, 200, 356960, 47, 55030297, 166941391, 129726, 581305, 262452, 618342655
q1, c, -, 200, 356960, 47, 54808023, 166941576, 128380, 579322, 262305, 618341572
q1, c, -, 200, 356960, 47, 54809789, 166942680, 127869, 575000, 262513, 618348175
q1, c, -, 200, 356960, 47, 54838480, 166943140, 129532, 580698, 262328, 618361283
q1, c, -, 200, 356960, 47, 55441670, 167648599, 132488, 586365, 262378, 622610108
q1, c, -, 200, 356960, 47, 54801449, 166942592, 130419, 580019, 262414, 618340408
q1, c, -, 200, 356960, 47, 54639976, 166971830, 129685, 580278, 262393, 618265597
q1, c, -, 200, 356960, 47, 54804121, 166941046, 130684, 582333, 262401, 618342881
q1, c, -, 200, 356960, 47, 55649421, 167294363, 129162, 580192, 262359, 620468729
q1, c, -, 200, 356960, 47, 55440485, 167649227, 130133, 582942, 262374, 622625960
q1, c, -, 200, 356960, 47, 55455092, 167647585, 132947, 584263, 262338, 622611012
q1, c, -, 200, 356960, 47, 55457760, 167648402, 132602, 584774, 262428, 622619253
q1, c, -, 200, 356960, 47, 55013139, 166942672, 129437, 581057, 262377, 618344249
q1, c, -, 200, 356960, 47, 54800270, 166942028, 128786, 575964, 262440, 618342690
q1, c, -, 200, 356960, 47, 54806738, 166942064, 126992, 576977, 262369, 618340549
q1, c, -, 200, 356960, 47, 54797822, 166941640, 128832, 579680, 262402, 618340585
q1, c, -, 200, 356960, 47, 55357063, 167292741, 131303, 582121, 262375, 620470003
q1, d, -, 200, 713920, 47, 117821692, 346271659, 696651, 5965320, 1688136, 1261327932
q1,  r,  c,  200, 713920,  47, 111655942, 352663170, 27246, 1087855, 526992, 1264442678
q1, d, -, 200, 713920, 47, 114381074, 345574423, 679787, 3593662, 1683162, 1257085354
q1,  r,  c,  200, 713920,  47, 111024607, 349695224, 28445, 1087519, 526969, 1261517017
q1, d, -, 200, 713920, 47, 114387950, 345588198, 692509, 3615459, 1687081, 1257108753
q1,  r,  c,  200, 713920,  47, 111108101, 350755969, 26478, 1087094, 526968, 1260625286
q1, d, -, 200, 713920, 47, 118210243, 346989409, 693449, 6122388, 1689064, 1265584934
q1,  r,  c,  200, 713920,  47, 111833934, 352931356, 26492, 1089212, 526944, 1266024637
q1, d, -, 200, 713920, 47, 114463697, 345587571, 712826, 3645960, 1680972, 1257124784
q1,  r,  c,  200, 713920,  47, 110146686, 347094452, 26915, 1086596, 527114, 1254007342
q1, d, -, 200, 713920, 47, 118199272, 346984982, 700646, 6145941, 1688532, 1265611684
q1,  r,  c,  200, 713920,  47, 111204694, 350956772, 27787, 1087309, 527099, 1261718430
q1, d, -, 200, 713920, 47, 116265572, 346279708, 690468, 3616642, 1682957, 1261328323
q1,  r,  c,  200, 713920,  47, 110200997, 347435067, 24327, 1085312, 527026, 1255580975
q1, d, -, 200, 713920, 47, 114496582, 345581403, 689838, 3596366, 1685262, 1257100295
q1,  r,  c,  200, 713920,  47, 111100642, 350745335, 25972, 1086307, 527045, 1260583404
q1, d, -, 200, 713920, 47, 115862394, 346987185, 668636, 3605400, 1690835, 1265614138
q1,  r,  c,  200, 713920,  47, 111323289, 351236139, 27780, 1087141, 527018, 1263537438
q1, d, -, 200, 713920, 47, 115312151, 345586970, 680346, 3600148, 1686778, 1257125122
q1,  r,  c,  200, 713920,  47, 111308057, 351068849, 28804, 1087448, 526850, 1262139809
q1, d, -, 200, 713920, 47, 115923792, 346282161, 674936, 3604249, 1689330, 1261309761
q1,  r,  c,  200, 713920,  47, 111264590, 351015209, 27801, 1086377, 527079, 1262212084
q1, d, -, 200, 713920, 47, 116226421, 346986695, 704141, 3580780, 1674531, 1265616342
q1,  r,  c,  200, 713920,  47, 111077427, 350838094, 22943, 1084048, 527062, 1261144745
q1, d, -, 200, 713920, 47, 118075343, 346984683, 684819, 6102889, 1688568, 1265682773
q1,  r,  c,  200, 713920,  47, 111842687, 353193185, 25745, 1084715, 527008, 1267637725
q1, d, -, 200, 713920, 47, 116258053, 345573854, 677822, 5838218, 1686419, 1257088285
q1,  r,  c,  200, 713920,  47, 110917280, 349507528, 28339, 1085013, 527053, 1260426419
q1, d, -, 200, 713920, 47, 115888370, 346985628, 677009, 3608689, 1691528, 1265611631
q1,  r,  c,  200, 713920,  47, 110966844, 350061660, 25072, 1083563, 527125, 1263307529
q1, d, -, 200, 713920, 47, 115954777, 346985428, 688025, 3618006, 1685254, 1265611987
q1,  r,  c,  200, 713920,  47, 111786762, 352793941, 29303, 1087738, 527095, 1265233697
q1, d, -, 200, 713920, 47, 116357604, 346989380, 701366, 3586866, 1675880, 1265581147
q1,  r,  c,  200, 713920,  47, 111107142, 350757335, 28067, 1084745, 527107, 1260629315
q1, d, -, 200, 713920, 47, 116510586, 345594199, 688078, 5863701, 1686507, 1257072370
q1,  r,  c,  200, 713920,  47, 110454725, 347816898, 25642, 1085770, 526935, 1257769023
q1, d, -, 200, 713920, 47, 115384450, 347729089, 682027, 3615359, 1686740, 1269941383
q1,  r,  c,  200, 713920,  47, 111147906, 350891780, 26537, 1086381, 527025, 1261429150
q1, d, -, 200, 713920, 47, 116031868, 346270048, 713850, 3610377, 1680387, 1261344750
q1,  r,  c,  200, 713920,  47, 110681326, 349258637, 26295, 1086752, 527010, 1258874596
q1, d, -, 200, 713920, 47, 114380784, 345577878, 679945, 3603726, 1682052, 1257096706
q1,  r,  c,  200, 713920,  47, 111686301, 352703817, 29262, 1086573, 526976, 1264701108
q1, d, -, 200, 713920, 47, 115912235, 346987090, 685449, 3609088, 1684719, 1265614117
q1,  r,  c,  200, 713920,  47, 111640443, 352797847, 26715, 1084839, 526965, 1265239853
q1, d, -, 200, 713920, 47, 114313086, 345585134, 678041, 3606720, 1687320, 1257105695
q1,  r,  c,  200, 713920,  47, 111778670, 353150219, 24062, 1084329, 526928, 1267350336
q1, d, -, 200, 713920, 47, 114624600, 345569961, 715696, 3634982, 1676554, 1257075603
q1,  r,  c,  200, 713920,  47, 111669029, 352794938, 26891, 1086150, 527050, 1265241694
q1, d, -, 200, 713920, 47, 115104588, 345585260, 698270, 3603593, 1678297, 1257108955
q1,  r,  c,  200, 713920,  47, 111264723, 351111725, 27210, 1084443, 526999, 1262760182
q1, d, -, 200, 713920, 47, 116542917, 345574466, 693421, 5937542, 1684793, 1257088295
q1,  r,  c,  200, 713920,  47, 111364310, 351288019, 25759, 1085494, 527128, 1263464347
q1, d, -, 200, 713920, 47, 114212787, 345580534, 672830, 3610448, 1690341, 1257091009
q1,  r,  c,  200, 713920,  47, 110842452, 349275100, 29360, 1088717, 526973, 1259434871
q1, d, -, 200, 713920, 47, 115831721, 346985349, 685823, 3618257, 1684887, 1265608327
q1,  r,  c,  200, 713920,  47, 110840701, 349517102, 26155, 1085505, 527012, 1260452836
q1, d, -, 200, 713920, 47, 114739174, 345588489, 703583, 3536475, 1663469, 1257110708
q1,  r,  c,  200, 713920,  47, 110350058, 347649033, 27537, 1085897, 526992, 1256892432
q1, d, -, 200, 713920, 47, 118208943, 346987804, 684856, 6050444, 1685007, 1265630803
q1,  r,  c,  200, 713920,  47, 111708563, 352927441, 26366, 1086097, 526957, 1266039265
q1, c, -, 200, 713920, 47, 111141981, 334682352, 259415, 1155664, 524815, 1241145901
q1, c, -, 200, 713920, 47, 109668387, 333981523, 267603, 1171865, 524887, 1236883484
q1, c, -, 200, 713920, 47, 110764254, 334682358, 262858, 1159619, 524897, 1241149123
q1, c, -, 200, 713920, 47, 109630760, 333980078, 260200, 1159065, 524748, 1236889059
q1, c, -, 200, 713920, 47, 110735344, 334679578, 262219, 1160812, 524708, 1241145615
q1, c, -, 200, 713920, 47, 98327969, 296818834, 198976, 700313, 315684, 1179516734
q1, c, -, 200, 713920, 47, 100126004, 298222413, 200849, 707296, 315444, 1188089606
q1, c, -, 200, 713920, 47, 110907681, 335393501, 263496, 1162111, 524726, 1245428877
q1, c, -, 200, 713920, 47, 110948083, 335394928, 262596, 1165463, 524659, 1245431282
q1, c, -, 200, 713920, 47, 110526054, 336122793, 263433, 1166299, 524793, 1249735196
q1, c, -, 200, 713920, 47, 110748060, 334680780, 259630, 1161025, 524835, 1241142542
q1, c, -, 200, 713920, 47, 111434123, 335394446, 261554, 1162380, 524901, 1245425611
q1, c, -, 200, 713920, 47, 110778577, 334680260, 262512, 1161982, 524870, 1241146265
q1, c, -, 200, 713920, 47, 110881231, 335393074, 262166, 1164720, 524647, 1245423992
q1, c, -, 200, 713920, 47, 110741229, 334681442, 260553, 1161742, 524846, 1241148267
q1, c, -, 200, 713920, 47, 110802795, 334678572, 263262, 1169856, 524800, 1241140248
q1, c, -, 200, 713920, 47, 109705405, 333983156, 256464, 1152312, 524663, 1236899766
q1, c, -, 200, 713920, 47, 110834423, 334678597, 267297, 1175066, 524713, 1241141351
q1, c, -, 200, 713920, 47, 111453871, 335396391, 266628, 1165300, 525008, 1245422213
q1, c, -, 200, 713920, 47, 110088404, 333979730, 257959, 1157524, 524804, 1236890100
q1, c, -, 200, 713920, 47, 109651131, 333981369, 258840, 1157349, 524845, 1236894673
q1, c, -, 200, 713920, 47, 109687758, 333979737, 271706, 1177961, 524866, 1236891070
q1, c, -, 200, 713920, 47, 109674223, 333982515, 258819, 1159964, 524905, 1236888550
q1, c, -, 200, 713920, 47, 109640926, 333983116, 257198, 1150836, 524800, 1236901264
q1, c, -, 200, 713920, 47, 110072931, 333981515, 259250, 1158028, 524898, 1236883750
q1, c, -, 200, 713920, 47, 110209653, 333983272, 262025, 1165759, 524676, 1236901384
q1, c, -, 200, 713920, 47, 111477239, 335401128, 259383, 1158213, 524760, 1245432228
q1, c, -, 200, 713920, 47, 110853009, 335395539, 264782, 1167500, 524840, 1245410204
q1, c, -, 200, 713920, 47, 110751499, 334680322, 262651, 1164545, 524911, 1241142655
q1, c, -, 200, 713920, 47, 109672016, 333980372, 259734, 1159097, 524790, 1236888192
q1, d, -, 200, 1427840, 47, 230591500, 691227127, 1390144, 7160693, 3356093, 2514343447
q1,  r,  c,  200, 1427840,  47, 223126757, 704319350, 54000, 2171507, 1054492, 2529727700
q1, d, -, 200, 1427840, 47, 231732344, 694040440, 1363309, 7229261, 3378640, 2531372809
q1,  r,  c,  200, 1427840,  47, 222634397, 702527744, 53280, 2167226, 1054561, 2525942049
q1, d, -, 200, 1427840, 47, 229235726, 691245492, 1425081, 7217336, 3351853, 2514366102
q1,  r,  c,  200, 1427840,  47, 222694778, 702545213, 54113, 2171644, 1054511, 2526880883
q1, d, -, 200, 1427840, 47, 233551892, 691227205, 1393674, 11739912, 3340508, 2514335994
q1,  r,  c,  200, 1427840,  47, 223354223, 705615594, 55586, 2174181, 1054433, 2530350848
q1, d, -, 200, 1427840, 47, 232507503, 694042478, 1441041, 7181418, 3344821, 2531378456
q1,  r,  c,  200, 1427840,  47, 222328287, 701062488, 57381, 2175606, 1054481, 2524797894
q1, d, -, 200, 1427840, 47, 228455887, 691231348, 1336517, 7202295, 3375293, 2514350861
q1,  r,  c,  200, 1427840,  47, 222295988, 700679805, 57544, 2180539, 1054440, 2523321929
q1, d, -, 200, 1427840, 47, 229007131, 691243831, 1399045, 7223545, 3368758, 2514363156
q1,  r,  c,  200, 1427840,  47, 222862219, 702816966, 55997, 2176487, 1054464, 2528130817
q1, d, -, 200, 1427840, 47, 232933699, 691235919, 1401209, 11705925, 3351700, 2514303317
q1,  r,  c,  200, 1427840,  47, 221855853, 699344498, 52242, 2173796, 1054493, 2522072065
q1, d, -, 200, 1427840, 47, 229078555, 691244172, 1389881, 7235846, 3371969, 2514362782
q1,  r,  c,  200, 1427840,  47, 222474393, 701990874, 52461, 2173086, 1054484, 2524772544
q1, d, -, 200, 1427840, 47, 231938521, 694042512, 1392818, 7252955, 3379626, 2531373705
q1,  r,  c,  200, 1427840,  47, 222916819, 703776448, 54600, 2174807, 1054414, 2527035938
q1, d, -, 200, 1427840, 47, 232812780, 691216388, 1400823, 11743013, 3368732, 2514322994
q1,  r,  c,  200, 1427840,  47, 221891021, 699229693, 55567, 2175799, 1054403, 2520850746
q1, d, -, 200, 1427840, 47, 230907969, 695504216, 1366024, 7246565, 3377551, 2540029061
q1,  r,  c,  200, 1427840,  47, 223003015, 703827538, 55524, 2177083, 1054523, 2527309120
q1, d, -, 200, 1427840, 47, 231500511, 692605341, 1372434, 7244219, 3379092, 2522794913
q1,  r,  c,  200, 1427840,  47, 222429268, 701864589, 52489, 2174331, 1054364, 2523208554
q1, d, -, 200, 1427840, 47, 230646388, 691236502, 1388986, 7128729, 3350800, 2514363872
q1,  r,  c,  200, 1427840,  47, 221020022, 696489762, 59810, 2183146, 1054233, 2513351549
q1, d, -, 200, 1427840, 47, 231756178, 692614282, 1376182, 7174880, 3351775, 2522811596
q1,  r,  c,  200, 1427840,  47, 222689064, 702827797, 52252, 2175988, 1054455, 2527987968
q1, d, -, 200, 1427840, 47, 233402515, 691269336, 1400579, 11781356, 3347637, 2514285002
q1,  r,  c,  200, 1427840,  47, 222266836, 700780209, 56922, 2178389, 1054442, 2523309898
q1, d, -, 200, 1427840, 47, 229530334, 691232668, 1396494, 7145247, 3347905, 2514344617
q1,  r,  c,  200, 1427840,  47, 222227521, 700766282, 54109, 2176191, 1054475, 2523848100
q1, d, -, 200, 1427840, 47, 236293321, 692606919, 1408737, 11882100, 3368453, 2522800456
q1,  r,  c,  200, 1427840,  47, 221264462, 697043641, 54136, 2172098, 1054405, 2517351169
q1, d, -, 200, 1427840, 47, 232876606, 691231958, 1370410, 11740320, 3372034, 2514319870
q1,  r,  c,  200, 1427840,  47, 223057332, 704192492, 54074, 2171962, 1054303, 2529093960
q1, d, -, 200, 1427840, 47, 233798486, 691224165, 1383617, 11718537, 3338981, 2514330045
q1,  r,  c,  200, 1427840,  47, 222644703, 702297048, 56104, 2176182, 1054559, 2525271427
q1, d, -, 200, 1427840, 47, 232871236, 691212853, 1364063, 11729788, 3367259, 2514319447
q1,  r,  c,  200, 1427840,  47, 221625081, 698890111, 56412, 2172904, 1054547, 2520058271
q1, d, -, 200, 1427840, 47, 232609069, 691225917, 1341734, 11708579, 3372907, 2514328885
q1,  r,  c,  200, 1427840,  47, 222712331, 702191567, 57516, 2178898, 1054490, 2524736933
q1, d, -, 200, 1427840, 47, 233299464, 691225249, 1351661, 11813249, 3377966, 2514329116
q1,  r,  c,  200, 1427840,  47, 222463986, 702291910, 48849, 2169656, 1054439, 2525306063
q1, d, -, 200, 1427840, 47, 215031171, 632791523, 1354249, 7207424, 3377058, 2408453287
q1,  r,  c,  200, 1427840,  47, 223083490, 703969114, 51251, 2174118, 1054294, 2528134765
q1, d, -, 200, 1427840, 47, 233200086, 691227506, 1411056, 11692733, 3345703, 2514331445
q1,  r,  c,  200, 1427840,  47, 222526115, 702213475, 55112, 2176161, 1054302, 2524784057
q1, d, -, 200, 1427840, 47, 228860335, 691218836, 1375811, 7262781, 3381085, 2514336455
q1,  r,  c,  200, 1427840,  47, 223126135, 704024289, 56582, 2180692, 1054504, 2528391234
q1, d, -, 200, 1427840, 47, 229394935, 691231340, 1389194, 7199074, 3363929, 2514339804
q1,  r,  c,  200, 1427840,  47, 222348340, 700953953, 53410, 2176394, 1054417, 2524575124
q1, d, -, 200, 1427840, 47, 231854341, 694042052, 1364763, 7241507, 3377576, 2531375576
q1,  r,  c,  200, 1427840,  47, 222371900, 700787291, 60002, 2181472, 1054423, 2524871073
q1, d, -, 200, 1427840, 47, 215481548, 641592311, 1346215, 7209401, 3382073, 2449045458
q1,  r,  c,  200, 1427840,  47, 222955715, 703747751, 55881, 2174806, 1054389, 2526785362
q1, d, -, 200, 1427840, 47, 232035455, 694039777, 1400544, 7250574, 3372768, 2531361670
q1,  r,  c,  200, 1427840,  47, 222635441, 702194583, 58650, 2177462, 1054267, 2524746776
q1, c, -, 200, 1427840, 47, 222198668, 669456886, 528992, 2333074, 1049861, 2482484095
q1, c, -, 200, 1427840, 47, 221872941, 670891922, 519954, 2318050, 1049608, 2491075931
q1, c, -, 200, 1427840, 47, 221841036, 670891020, 530596, 2336691, 1050015, 2491066069
q1, c, -, 200, 1427840, 47, 222361000, 669458277, 522615, 2323937, 1049659, 2482490887
q1, c, -, 200, 1427840, 47, 219470386, 668066859, 519216, 2310572, 1049509, 2474008135
q1, c, -, 200, 1427840, 47, 219186035, 668082259, 521976, 2309692, 1049927, 2473937938
q1, c, -, 200, 1427840, 47, 220296511, 668064349, 519718, 2322479, 1049721, 2474003953
q1, c, -, 200, 1427840, 47, 219338799, 668066751, 522839, 2316490, 1049721, 2474006356
q1, c, -, 200, 1427840, 47, 222280775, 672344970, 523645, 2327865, 1049396, 2499700347
q1, c, -, 200, 1427840, 47, 199579656, 597918221, 395999, 1400526, 631618, 2384817064
q1, c, -, 200, 1427840, 47, 219392353, 668056725, 518808, 2321219, 1049513, 2473976724
q1, c, -, 200, 1427840, 47, 221936758, 670886068, 534505, 2345006, 1049534, 2491063214
q1, c, -, 200, 1427840, 47, 219348070, 668082369, 546405, 2365119, 1049506, 2473918053
q1, c, -, 200, 1427840, 47, 219389661, 668059438, 541879, 2352668, 1049722, 2473979734
q1, c, -, 200, 1427840, 47, 219421522, 668066246, 517373, 2314068, 1049706, 2474010641
q1, c, -, 200, 1427840, 47, 221078039, 672350278, 522149, 2324313, 1049632, 2499704209
q1, c, -, 200, 1427840, 47, 219018923, 668110996, 514403, 2312718, 1049656, 2473856493
q1, c, -, 200, 1427840, 47, 221641630, 669460674, 536927, 2342081, 1049503, 2482499856
q1, c, -, 200, 1427840, 47, 221245938, 672346154, 530348, 2340628, 1049650, 2499684304
q1, c, -, 200, 1427840, 47, 219394715, 668065314, 520838, 2321663, 1050072, 2473996183
q1, c, -, 200, 1427840, 47, 219422712, 668064251, 524387, 2325193, 1049861, 2474058140
q1, c, -, 200, 1427840, 47, 219346416, 668064856, 519205, 2323441, 1049772, 2473999592
q1, c, -, 200, 1427840, 47, 219413720, 668056450, 513891, 2316183, 1049630, 2473968147
q1, c, -, 200, 1427840, 47, 221764622, 670889553, 531319, 2327895, 1049502, 2491046140
q1, c, -, 200, 1427840, 47, 199480982, 597921940, 407573, 1418659, 631453, 2384844107
q1, c, -, 200, 1427840, 47, 219296221, 668058867, 517442, 2317525, 1049677, 2473978035
q1, c, -, 200, 1427840, 47, 221629430, 669460848, 532983, 2343027, 1049711, 2482497787
q1, c, -, 200, 1427840, 47, 219390939, 668059640, 522267, 2318862, 1049469, 2473993432
q1, c, -, 200, 1427840, 47, 221753675, 670896404, 556411, 2360283, 1050058, 2490983883
q1, c, -, 200, 1427840, 47, 219392692, 668058888, 518563, 2315713, 1049690, 2473981354
q1, d, -, 200, 2855680, 47, 463016186, 1385292404, 2764284, 14494359, 6733669, 5045756290
q1,  r,  c,  200, 2855680,  47, 444967268, 1403490657, 108489, 4346879, 2111127, 5052366353
q1, d, -, 200, 2855680, 47, 463560019, 1385293289, 2726006, 14457232, 6747473, 5045759452
q1,  r,  c,  200, 2855680,  47, 443022631, 1396021747, 107990, 4348984, 2111103, 5036488680
q1, d, -, 200, 2855680, 47, 458907961, 1382528236, 2804788, 14240281, 6674952, 5028850310
q1,  r,  c,  200, 2855680,  47, 445741573, 1406776092, 105184, 4342272, 2111038, 5055909390
q1, d, -, 200, 2855680, 47, 462987848, 1385283025, 2772717, 14475733, 6727754, 5045739538
q1,  r,  c,  200, 2855680,  47, 445286503, 1405053916, 109545, 4349533, 2111218, 5053128169
q1, d, -, 200, 2855680, 47, 463352358, 1385295853, 2818534, 14581819, 6748243, 5045760228
q1,  r,  c,  200, 2855680,  47, 444304423, 1400859096, 112923, 4354035, 2110976, 5042312678
q1, d, -, 200, 2855680, 47, 431089742, 1283206918, 2741122, 14488591, 6757150, 4898130147
q1,  r,  c,  200, 2855680,  47, 445382617, 1404831580, 113929, 4350804, 2111153, 5051481848
q1, d, -, 200, 2855680, 47, 464356406, 1388152159, 2740653, 14480781, 6753587, 5062893105
q1,  r,  c,  200, 2855680,  47, 445074489, 1403831942, 108438, 4352155, 2111092, 5046278857
q1, d, -, 200, 2855680, 47, 472184150, 1385280752, 2857402, 23797265, 6716205, 5045741560
q1,  r,  c,  200, 2855680,  47, 445940835, 1407912046, 107146, 4346452, 2111409, 5055878346
q1, d, -, 200, 2855680, 47, 458619251, 1382554601, 2842162, 14334904, 6680584, 5028872458
q1,  r,  c,  200, 2855680,  47, 444157596, 1400968367, 105507, 4342732, 2111227, 5044386947
q1, d, -, 200, 2855680, 47, 473844571, 1388177862, 2848977, 24336301, 6688743, 5062825934
q1,  r,  c,  200, 2855680,  47, 445138724, 1404391366, 106658, 4351202, 2111011, 5049687042
q1, d, -, 200, 2855680, 47, 458979699, 1382529631, 2848253, 14353495, 6688672, 5028810173
q1,  r,  c,  200, 2855680,  47, 444088097, 1400173446, 111216, 4349410, 2111295, 5046427219
q1, d, -, 200, 2855680, 47, 458515521, 1382534467, 2796105, 14424932, 6731807, 5028886990
q1,  r,  c,  200, 2855680,  47, 445618424, 1406083075, 111978, 4346734, 2111102, 5052030972
q1, d, -, 200, 2855680, 47, 456986337, 1382496942, 2669556, 14374391, 6732902, 5028762629
q1,  r,  c,  200, 2855680,  47, 446337145, 1408179819, 111586, 4354628, 2111301, 5057429779
q1, d, -, 200, 2855680, 47, 462447664, 1391161524, 2724644, 14341450, 6727699, 5080172544
q1,  r,  c,  200, 2855680,  47, 445624163, 1406078254, 114438, 4351760, 2111102, 5052360178
q1, d, -, 200, 2855680, 47, 462641851, 1385303363, 2726960, 14433134, 6731867, 5045661522
q1,  r,  c,  200, 2855680,  47, 444450369, 1403116557, 98939, 4336287, 2110928, 5050434466
q1, d, -, 200, 2855680, 47, 458924166, 1382551997, 2816284, 14174081, 6664655, 5028870845
q1,  r,  c,  200, 2855680,  47, 444350175, 1402176664, 106475, 4340836, 2111097, 5044399917
q1, d, -, 200, 2855680, 47, 472769332, 1385285606, 2834185, 23576264, 6702093, 5045750013
q1,  r,  c,  200, 2855680,  47, 445372981, 1405178119, 104661, 4338865, 2110761, 5053921797
q1, d, -, 200, 2855680, 47, 458526084, 1382528339, 2821415, 14321396, 6689159, 5028846173
q1,  r,  c,  200, 2855680,  47, 445654902, 1407800136, 106445, 4345148, 2111041, 5054704191
q1, d, -, 200, 2855680, 47, 464265208, 1388152587, 2801162, 14510509, 6751740, 5062897671
q1,  r,  c,  200, 2855680,  47, 444575306, 1404274967, 102174, 4342922, 2110932, 5048361605
q1, d, -, 200, 2855680, 47, 464947478, 1388147122, 2855002, 14481698, 6719335, 5062894991
q1,  r,  c,  200, 2855680,  47, 445902574, 1406367835, 115678, 4355003, 2111130, 5053637548
q1, d, -, 200, 2855680, 47, 458433746, 1385688047, 2697275, 14400465, 6755865, 5044747885
q1,  r,  c,  200, 2855680,  47, 446564096, 1409829409, 106769, 4346351, 2111111, 5059350274
q1, d, -, 200, 2855680, 47, 463527729, 1388139487, 2744074, 14485364, 6754431, 5062880016
q1,  r,  c,  200, 2855680,  47, 445037027, 1404002060, 105254, 4348465, 2110903, 5053676418
q1, d, -, 200, 2855680, 47, 460452853, 1382532161, 2775199, 14346339, 6717638, 5028819803
q1,  r,  c,  200, 2855680,  47, 444847079, 1402677433, 110176, 4350389, 2111137, 5046102350
q1, d, -, 200, 2855680, 47, 465025372, 1388151894, 2852674, 14298641, 6681129, 5062902139
q1,  r,  c,  200, 2855680,  47, 444870267, 1404133611, 102957, 4347805, 2111202, 5047764815
q1, d, -, 200, 2855680, 47, 462760985, 1385295829, 2689693, 14489868, 6774626, 5045761794
q1,  r,  c,  200, 2855680,  47, 445537525, 1404743673, 119479, 4361506, 2110990, 5052191160
q1, d, -, 200, 2855680, 47, 429685596, 1265601526, 2671170, 14434861, 6781795, 4816830618
q1,  r,  c,  200, 2855680,  47, 445331762, 1404565499, 106038, 4350999, 2110970, 5050237465
q1, d, -, 200, 2855680, 47, 438598701, 1265622993, 2795370, 23706314, 6711400, 4817100924
q1,  r,  c,  200, 2855680,  47, 443499529, 1397756353, 109416, 4348942, 2110884, 5039626279
q1, d, -, 200, 2855680, 47, 457181644, 1382557253, 2737079, 14410820, 6719788, 5028873317
q1,  r,  c,  200, 2855680,  47, 444085305, 1401073134, 104814, 4348068, 2110857, 5043553652
q1, d, -, 200, 2855680, 47, 472461442, 1385288372, 2839419, 23678166, 6703398, 5045739180
q1,  r,  c,  200, 2855680,  47, 444184674, 1401470797, 102830, 4347506, 2110779, 5045945507
q1, d, -, 200, 2855680, 47, 464483570, 1388147728, 2796520, 14559522, 6762861, 5062888194
q1,  r,  c,  200, 2855680,  47, 443425613, 1397867784, 111132, 4349787, 2110868, 5039638567
q1, c, -, 200, 2855680, 47, 438660394, 1336220144, 1049893, 4649623, 2099350, 4948172765
q1, c, -, 200, 2855680, 47, 438574054, 1336240005, 1056292, 4648375, 2099218, 4948144197
q1, c, -, 200, 2855680, 47, 438780229, 1336210274, 1032032, 4627194, 2098998, 4948161359
q1, c, -, 200, 2855680, 47, 438755458, 1336231863, 1032096, 4602722, 2099625, 4948213257
q1, c, -, 200, 2855680, 47, 443402566, 1339022405, 1077346, 4697485, 2098762, 4965206246
q1, c, -, 200, 2855680, 47, 443031386, 1339017777, 1070588, 4664629, 2099286, 4965142950
q1, c, -, 200, 2855680, 47, 438748878, 1336228920, 1053202, 4647302, 2099995, 4948205769
q1, c, -, 200, 2855680, 47, 438721313, 1336227335, 1044264, 4647377, 2099509, 4948204865
q1, c, -, 200, 2855680, 47, 438917679, 1336208864, 1055323, 4662170, 2098896, 4948183343
q1, c, -, 200, 2855680, 47, 438728326, 1336225932, 1042383, 4638113, 2099908, 4948218995
q1, c, -, 200, 2855680, 47, 393390274, 1187314130, 795026, 2784334, 1265114, 4718229431
q1, c, -, 200, 2855680, 47, 440391741, 1336235456, 1047144, 4617211, 2099881, 4948135317
q1, c, -, 200, 2855680, 47, 444041692, 1341880219, 1075725, 4669355, 2099457, 4982358076
q1, c, -, 200, 2855680, 47, 438854643, 1336228574, 1082597, 4687987, 2099916, 4948191605
q1, c, -, 200, 2855680, 47, 440682936, 1336230270, 1044013, 4641298, 2098896, 4948218710
q1, c, -, 200, 2855680, 47, 443789421, 1341883570, 1064418, 4669239, 2099688, 4982448916
q1, c, -, 200, 2855680, 47, 444136046, 1341871462, 1112529, 4747742, 2099039, 4982341950
q1, c, -, 200, 2855680, 47, 445858499, 1341895155, 1068741, 4692661, 2098694, 4982335435
q1, c, -, 200, 2855680, 47, 443758674, 1341879954, 1059276, 4659447, 2099865, 4982341300
q1, c, -, 200, 2855680, 47, 442127775, 1344784741, 1053132, 4626220, 2099847, 4999590360
q1, c, -, 200, 2855680, 47, 440405955, 1336217430, 1040683, 4634691, 2099420, 4948190489
q1, c, -, 200, 2855680, 47, 438884915, 1336225960, 1045773, 4663221, 2099015, 4948200902
q1, c, -, 200, 2855680, 47, 443094010, 1339011172, 1069558, 4677390, 2099790, 4965189214
q1, c, -, 200, 2855680, 47, 398500356, 1195912164, 797718, 2800201, 1264646, 4769535388
q1, c, -, 200, 2855680, 47, 443564032, 1341883832, 1072160, 4680064, 2099618, 4982220991
q1, c, -, 200, 2855680, 47, 443800287, 1341870080, 1063016, 4672168, 2099115, 4982338666
q1, c, -, 200, 2855680, 47, 438626720, 1336221206, 1038025, 4632672, 2099951, 4948150471
q1, c, -, 200, 2855680, 47, 438586762, 1336215882, 1032918, 4621900, 2099569, 4948155573
q1, c, -, 200, 2855680, 47, 440694336, 1336231343, 1052928, 4633821, 2099500, 4948228609
q1, c, -, 200, 2855680, 47, 385412332, 1168392241, 38561, 1205578, 581659, 4657915357
