bench, mem, temp, row_size, row_count, col_width, cycles
q3_new, r, c,16,43690,4,93309
q3_new, r, h,16,43690,4,92203
q3_new, d, -,16,43690,4,102048
q3_new, r, c,16,43690,4,93335
q3_new, r, h,16,43690,4,92318
q3_new, d, -,16,43690,4,102061
q3_new, r, c,16,43690,4,93348
q3_new, r, h,16,43690,4,92296
q3_new, d, -,16,43690,4,102033
q3_new, r, c,16,43690,4,93329
q3_new, r, h,16,43690,4,96268
q3_new, d, -,16,43690,4,102147
q3_new, r, c,16,43690,4,93328
q3_new, r, h,16,43690,4,92169
q3_new, d, -,16,43690,4,107166
q3_new, r, c,16,43690,4,93340
q3_new, r, h,16,43690,4,92263
q3_new, d, -,16,43690,4,104749
q3_new, r, c,16,43690,4,93365
q3_new, r, h,16,43690,4,91972
q3_new, d, -,16,43690,4,104520
q3_new, r, c,16,43690,4,93332
q3_new, r, h,16,43690,4,92146
q3_new, d, -,16,43690,4,104720
q3_new, r, c,16,43690,4,93308
q3_new, r, h,16,43690,4,92284
q3_new, d, -,16,43690,4,127898
q3_new, r, c,16,43690,4,93346
q3_new, r, h,16,43690,4,92174
q3_new, d, -,16,43690,4,105447
q3_new, r, c,16,43690,4,93335
q3_new, r, h,16,43690,4,94209
q3_new, d, -,16,43690,4,102105
q3_new, r, c,16,43690,4,93345
q3_new, r, h,16,43690,4,94313
q3_new, d, -,16,43690,4,101940
q3_new, r, c,16,43690,4,93351
q3_new, r, h,16,43690,4,95129
q3_new, d, -,16,43690,4,102126
q3_new, r, c,16,43690,4,93344
q3_new, r, h,16,43690,4,97747
q3_new, d, -,16,43690,4,102197
q3_new, r, c,16,43690,4,93372
q3_new, r, h,16,43690,4,95029
q3_new, d, -,16,43690,4,102089
q3_new, r, c,16,43690,4,93334
q3_new, r, h,16,43690,4,96911
q3_new, d, -,16,43690,4,102033
q3_new, r, c,16,43690,4,96043
q3_new, r, h,16,43690,4,92191
q3_new, d, -,16,43690,4,102178
q3_new, r, c,16,43690,4,96033
q3_new, r, h,16,43690,4,92211
q3_new, d, -,16,43690,4,102172
q3_new, r, c,16,43690,4,95856
q3_new, r, h,16,43690,4,92389
q3_new, d, -,16,43690,4,102147
q3_new, r, c,16,43690,4,97740
q3_new, r, h,16,43690,4,92223
q3_new, d, -,16,43690,4,102151
q3_new, r, c,16,43690,4,97444
q3_new, r, h,16,43690,4,92166
q3_new, d, -,16,43690,4,102170
q3_new, r, c,16,43690,4,93340
q3_new, r, h,16,43690,4,92168
q3_new, d, -,16,43690,4,102113
q3_new, r, c,16,43690,4,93331
q3_new, r, h,16,43690,4,92289
q3_new, d, -,16,43690,4,102288
q3_new, r, c,16,43690,4,93352
q3_new, r, h,16,43690,4,92160
q3_new, d, -,16,43690,4,102053
q3_new, r, c,16,43690,4,93362
q3_new, r, h,16,43690,4,92212
q3_new, d, -,16,43690,4,102151
q3_new, r, c,16,43690,4,93331
q3_new, r, h,16,43690,4,92368
q3_new, d, -,16,43690,4,102086
q3_new, r, c,16,43690,4,93361
q3_new, r, h,16,43690,4,92091
q3_new, d, -,16,43690,4,107191
q3_new, r, c,16,43690,4,93370
q3_new, r, h,16,43690,4,92160
q3_new, d, -,16,43690,4,105014
q3_new, r, c,16,43690,4,93333
q3_new, r, h,16,43690,4,92195
q3_new, d, -,16,43690,4,104994
q3_new, r, c,16,43690,4,93323
q3_new, r, h,16,43690,4,92021
q3_new, d, -,16,43690,4,104521
q3_new, r, c,32,43690,4,96688
q3_new, r, h,32,43690,4,92242
q3_new, d, -,32,43690,4,106164
q3_new, r, c,32,43690,4,93340
q3_new, r, h,32,43690,4,92243
q3_new, d, -,32,43690,4,105937
q3_new, r, c,32,43690,4,93334
q3_new, r, h,32,43690,4,95192
q3_new, d, -,32,43690,4,106069
q3_new, r, c,32,43690,4,97079
q3_new, r, h,32,43690,4,92199
q3_new, d, -,32,43690,4,106185
q3_new, r, c,32,43690,4,93332
q3_new, r, h,32,43690,4,92140
q3_new, d, -,32,43690,4,146126
q3_new, r, c,32,43690,4,117941
q3_new, r, h,32,43690,4,92481
q3_new, d, -,32,43690,4,106154
q3_new, r, c,32,43690,4,93341
q3_new, r, h,32,43690,4,92150
q3_new, d, -,32,43690,4,109424
q3_new, r, c,32,43690,4,95957
q3_new, r, h,32,43690,4,92409
q3_new, d, -,32,43690,4,106148
q3_new, r, c,32,43690,4,93368
q3_new, r, h,32,43690,4,92390
q3_new, d, -,32,43690,4,106080
q3_new, r, c,32,43690,4,93391
q3_new, r, h,32,43690,4,94807
q3_new, d, -,32,43690,4,105820
q3_new, r, c,32,43690,4,110980
q3_new, r, h,32,43690,4,92310
q3_new, d, -,32,43690,4,106033
q3_new, r, c,32,43690,4,93342
q3_new, r, h,32,43690,4,92308
q3_new, d, -,32,43690,4,111583
q3_new, r, c,32,43690,4,93335
q3_new, r, h,32,43690,4,96371
q3_new, d, -,32,43690,4,106173
q3_new, r, c,32,43690,4,93331
q3_new, r, h,32,43690,4,92337
q3_new, d, -,32,43690,4,106092
q3_new, r, c,32,43690,4,93377
q3_new, r, h,32,43690,4,92273
q3_new, d, -,32,43690,4,112596
q3_new, r, c,32,43690,4,93351
q3_new, r, h,32,43690,4,94537
q3_new, d, -,32,43690,4,106144
q3_new, r, c,32,43690,4,95033
q3_new, r, h,32,43690,4,92408
q3_new, d, -,32,43690,4,106021
q3_new, r, c,32,43690,4,93317
q3_new, r, h,32,43690,4,92521
q3_new, d, -,32,43690,4,105810
q3_new, r, c,32,43690,4,93381
q3_new, r, h,32,43690,4,95015
q3_new, d, -,32,43690,4,106045
q3_new, r, c,32,43690,4,96253
q3_new, r, h,32,43690,4,95236
q3_new, d, -,32,43690,4,106229
q3_new, r, c,32,43690,4,93339
q3_new, r, h,32,43690,4,92206
q3_new, d, -,32,43690,4,108604
q3_new, r, c,32,43690,4,93331
q3_new, r, h,32,43690,4,94097
q3_new, d, -,32,43690,4,106199
q3_new, r, c,32,43690,4,94900
q3_new, r, h,32,43690,4,92396
q3_new, d, -,32,43690,4,106027
q3_new, r, c,32,43690,4,93331
q3_new, r, h,32,43690,4,92258
q3_new, d, -,32,43690,4,108442
q3_new, r, c,32,43690,4,93326
q3_new, r, h,32,43690,4,94680
q3_new, d, -,32,43690,4,106316
q3_new, r, c,32,43690,4,95093
q3_new, r, h,32,43690,4,92292
q3_new, d, -,32,43690,4,105823
q3_new, r, c,32,43690,4,93340
q3_new, r, h,32,43690,4,92373
q3_new, d, -,32,43690,4,106111
q3_new, r, c,32,43690,4,93313
q3_new, r, h,32,43690,4,94568
q3_new, d, -,32,43690,4,105976
q3_new, r, c,32,43690,4,95322
q3_new, r, h,32,43690,4,92512
q3_new, d, -,32,43690,4,105822
q3_new, r, c,32,43690,4,93330
q3_new, r, h,32,43690,4,92965
q3_new, d, -,32,43690,4,105839
q3_new, r, c,48,43690,4,95407
q3_new, r, h,48,43690,4,92442
q3_new, d, -,48,43690,4,112679
q3_new, r, c,48,43690,4,93342
q3_new, r, h,48,43690,4,94286
q3_new, d, -,48,43690,4,112518
q3_new, r, c,48,43690,4,93333
q3_new, r, h,48,43690,4,92155
q3_new, d, -,48,43690,4,115307
q3_new, r, c,48,43690,4,125388
q3_new, r, h,48,43690,4,92371
q3_new, d, -,48,43690,4,112151
q3_new, r, c,48,43690,4,93330
q3_new, r, h,48,43690,4,96880
q3_new, d, -,48,43690,4,111867
q3_new, r, c,48,43690,4,93330
q3_new, r, h,48,43690,4,92422
q3_new, d, -,48,43690,4,114319
q3_new, r, c,48,43690,4,93367
q3_new, r, h,48,43690,4,92224
q3_new, d, -,48,43690,4,111971
q3_new, r, c,48,43690,4,93398
q3_new, r, h,48,43690,4,92485
q3_new, d, -,48,43690,4,112872
q3_new, r, c,48,43690,4,93346
q3_new, r, h,48,43690,4,92432
q3_new, d, -,48,43690,4,114937
q3_new, r, c,48,43690,4,93323
q3_new, r, h,48,43690,4,92480
q3_new, d, -,48,43690,4,112194
q3_new, r, c,48,43690,4,95460
q3_new, r, h,48,43690,4,92375
q3_new, d, -,48,43690,4,112300
q3_new, r, c,48,43690,4,93339
q3_new, r, h,48,43690,4,96616
q3_new, d, -,48,43690,4,111831
q3_new, r, c,48,43690,4,93332
q3_new, r, h,48,43690,4,92398
q3_new, d, -,48,43690,4,118284
q3_new, r, c,48,43690,4,95420
q3_new, r, h,48,43690,4,92477
q3_new, d, -,48,43690,4,112510
q3_new, r, c,48,43690,4,93331
q3_new, r, h,48,43690,4,94934
q3_new, d, -,48,43690,4,112772
q3_new, r, c,48,43690,4,93341
q3_new, r, h,48,43690,4,92219
q3_new, d, -,48,43690,4,115334
q3_new, r, c,48,43690,4,93356
q3_new, r, h,48,43690,4,92238
q3_new, d, -,48,43690,4,112217
q3_new, r, c,48,43690,4,95943
q3_new, r, h,48,43690,4,92351
q3_new, d, -,48,43690,4,112728
q3_new, r, c,48,43690,4,93344
q3_new, r, h,48,43690,4,92127
q3_new, d, -,48,43690,4,114559
q3_new, r, c,48,43690,4,93343
q3_new, r, h,48,43690,4,92337
q3_new, d, -,48,43690,4,112363
q3_new, r, c,48,43690,4,96933
q3_new, r, h,48,43690,4,92395
q3_new, d, -,48,43690,4,111804
q3_new, r, c,48,43690,4,93326
q3_new, r, h,48,43690,4,95613
q3_new, d, -,48,43690,4,111787
q3_new, r, c,48,43690,4,93336
q3_new, r, h,48,43690,4,92407
q3_new, d, -,48,43690,4,115163
q3_new, r, c,48,43690,4,95595
q3_new, r, h,48,43690,4,92298
q3_new, d, -,48,43690,4,112756
q3_new, r, c,48,43690,4,93339
q3_new, r, h,48,43690,4,94893
q3_new, d, -,48,43690,4,112790
q3_new, r, c,48,43690,4,93339
q3_new, r, h,48,43690,4,92807
q3_new, d, -,48,43690,4,114665
q3_new, r, c,48,43690,4,93331
q3_new, r, h,48,43690,4,92108
q3_new, d, -,48,43690,4,112074
q3_new, r, c,48,43690,4,93315
q3_new, r, h,48,43690,4,97133
q3_new, d, -,48,43690,4,111749
q3_new, r, c,48,43690,4,93337
q3_new, r, h,48,43690,4,95978
q3_new, d, -,48,43690,4,112491
q3_new, r, c,48,43690,4,93313
q3_new, r, h,48,43690,4,92224
q3_new, d, -,48,43690,4,119095
q3_new, r, c,64,43690,4,93342
q3_new, r, h,64,43690,4,92320
q3_new, d, -,64,43690,4,154348
q3_new, r, c,64,43690,4,93329
q3_new, r, h,64,43690,4,92544
q3_new, d, -,64,43690,4,182307
q3_new, r, c,64,43690,4,93329
q3_new, r, h,64,43690,4,97868
q3_new, d, -,64,43690,4,120608
q3_new, r, c,64,43690,4,93330
q3_new, r, h,64,43690,4,95342
q3_new, d, -,64,43690,4,121406
q3_new, r, c,64,43690,4,93343
q3_new, r, h,64,43690,4,95411
q3_new, d, -,64,43690,4,121698
q3_new, r, c,64,43690,4,96046
q3_new, r, h,64,43690,4,92437
q3_new, d, -,64,43690,4,121651
q3_new, r, c,64,43690,4,97687
q3_new, r, h,64,43690,4,92465
q3_new, d, -,64,43690,4,121420
q3_new, r, c,64,43690,4,96760
q3_new, r, h,64,43690,4,92333
q3_new, d, -,64,43690,4,120251
q3_new, r, c,64,43690,4,96316
q3_new, r, h,64,43690,4,92344
q3_new, d, -,64,43690,4,121457
q3_new, r, c,64,43690,4,93331
q3_new, r, h,64,43690,4,92250
q3_new, d, -,64,43690,4,122881
q3_new, r, c,64,43690,4,93329
q3_new, r, h,64,43690,4,92251
q3_new, d, -,64,43690,4,122017
q3_new, r, c,64,43690,4,93334
q3_new, r, h,64,43690,4,92451
q3_new, d, -,64,43690,4,124552
q3_new, r, c,64,43690,4,93343
q3_new, r, h,64,43690,4,92415
q3_new, d, -,64,43690,4,124981
q3_new, r, c,64,43690,4,93331
q3_new, r, h,64,43690,4,92447
q3_new, d, -,64,43690,4,125510
q3_new, r, c,64,43690,4,93341
q3_new, r, h,64,43690,4,94964
q3_new, d, -,64,43690,4,120966
q3_new, r, c,64,43690,4,93343
q3_new, r, h,64,43690,4,92587
q3_new, d, -,64,43690,4,121030
q3_new, r, c,64,43690,4,95909
q3_new, r, h,64,43690,4,92560
q3_new, d, -,64,43690,4,121611
q3_new, r, c,64,43690,4,96659
q3_new, r, h,64,43690,4,92510
q3_new, d, -,64,43690,4,121662
q3_new, r, c,64,43690,4,96726
q3_new, r, h,64,43690,4,92159
q3_new, d, -,64,43690,4,121408
q3_new, r, c,64,43690,4,93351
q3_new, r, h,64,43690,4,92402
q3_new, d, -,64,43690,4,123355
q3_new, r, c,64,43690,4,93332
q3_new, r, h,64,43690,4,92229
q3_new, d, -,64,43690,4,122035
q3_new, r, c,64,43690,4,93318
q3_new, r, h,64,43690,4,92334
q3_new, d, -,64,43690,4,125213
q3_new, r, c,64,43690,4,93333
q3_new, r, h,64,43690,4,92370
q3_new, d, -,64,43690,4,126572
q3_new, r, c,64,43690,4,93355
q3_new, r, h,64,43690,4,92289
q3_new, d, -,64,43690,4,125522
q3_new, r, c,64,43690,4,93337
q3_new, r, h,64,43690,4,92357
q3_new, d, -,64,43690,4,125324
q3_new, r, c,64,43690,4,93313
q3_new, r, h,64,43690,4,92452
q3_new, d, -,64,43690,4,125080
q3_new, r, c,64,43690,4,93335
q3_new, r, h,64,43690,4,98174
q3_new, d, -,64,43690,4,120486
q3_new, r, c,64,43690,4,93349
q3_new, r, h,64,43690,4,95396
q3_new, d, -,64,43690,4,120993
q3_new, r, c,64,43690,4,93342
q3_new, r, h,64,43690,4,94666
q3_new, d, -,64,43690,4,120884
q3_new, r, c,64,43690,4,97195
q3_new, r, h,64,43690,4,92257
q3_new, d, -,64,43690,4,120720
q3_new, r, c,80,43690,4,93339
q3_new, r, h,80,43690,4,92251
q3_new, d, -,80,43690,4,228218
q3_new, r, c,80,43690,4,123175
q3_new, r, h,80,43690,4,92450
q3_new, d, -,80,43690,4,227571
q3_new, r, c,80,43690,4,93344
q3_new, r, h,80,43690,4,95724
q3_new, d, -,80,43690,4,208112
q3_new, r, c,80,43690,4,93353
q3_new, r, h,80,43690,4,92301
q3_new, d, -,80,43690,4,218741
q3_new, r, c,80,43690,4,96919
q3_new, r, h,80,43690,4,92383
q3_new, d, -,80,43690,4,234819
q3_new, r, c,80,43690,4,93344
q3_new, r, h,80,43690,4,98862
q3_new, d, -,80,43690,4,219054
q3_new, r, c,80,43690,4,93344
q3_new, r, h,80,43690,4,92335
q3_new, d, -,80,43690,4,207775
q3_new, r, c,80,43690,4,96820
q3_new, r, h,80,43690,4,92310
q3_new, d, -,80,43690,4,209790
q3_new, r, c,80,43690,4,93332
q3_new, r, h,80,43690,4,94565
q3_new, d, -,80,43690,4,219302
q3_new, r, c,80,43690,4,93331
q3_new, r, h,80,43690,4,92375
q3_new, d, -,80,43690,4,212952
q3_new, r, c,80,43690,4,97750
q3_new, r, h,80,43690,4,92425
q3_new, d, -,80,43690,4,219275
q3_new, r, c,80,43690,4,93326
q3_new, r, h,80,43690,4,92347
q3_new, d, -,80,43690,4,226888
q3_new, r, c,80,43690,4,93369
q3_new, r, h,80,43690,4,92219
q3_new, d, -,80,43690,4,222885
q3_new, r, c,80,43690,4,95974
q3_new, r, h,80,43690,4,92512
q3_new, d, -,80,43690,4,210849
q3_new, r, c,80,43690,4,96223
q3_new, r, h,80,43690,4,92453
q3_new, d, -,80,43690,4,211012
q3_new, r, c,80,43690,4,93334
q3_new, r, h,80,43690,4,92284
q3_new, d, -,80,43690,4,232128
q3_new, r, c,80,43690,4,93339
q3_new, r, h,80,43690,4,101537
q3_new, d, -,80,43690,4,232356
q3_new, r, c,80,43690,4,93370
q3_new, r, h,80,43690,4,92580
q3_new, d, -,80,43690,4,214777
q3_new, r, c,80,43690,4,93355
q3_new, r, h,80,43690,4,92435
q3_new, d, -,80,43690,4,219864
q3_new, r, c,80,43690,4,93378
q3_new, r, h,80,43690,4,95471
q3_new, d, -,80,43690,4,214849
q3_new, r, c,80,43690,4,93333
q3_new, r, h,80,43690,4,92310
q3_new, d, -,80,43690,4,205959
q3_new, r, c,80,43690,4,96901
q3_new, r, h,80,43690,4,92631
q3_new, d, -,80,43690,4,215887
q3_new, r, c,80,43690,4,93342
q3_new, r, h,80,43690,4,94811
q3_new, d, -,80,43690,4,206074
q3_new, r, c,80,43690,4,93393
q3_new, r, h,80,43690,4,92247
q3_new, d, -,80,43690,4,222042
q3_new, r, c,80,43690,4,95749
q3_new, r, h,80,43690,4,92505
q3_new, d, -,80,43690,4,214173
q3_new, r, c,80,43690,4,93335
q3_new, r, h,80,43690,4,94937
q3_new, d, -,80,43690,4,230479
q3_new, r, c,80,43690,4,93335
q3_new, r, h,80,43690,4,92364
q3_new, d, -,80,43690,4,223504
q3_new, r, c,80,43690,4,95773
q3_new, r, h,80,43690,4,92379
q3_new, d, -,80,43690,4,215532
q3_new, r, c,80,43690,4,93371
q3_new, r, h,80,43690,4,94882
q3_new, d, -,80,43690,4,218039
q3_new, r, c,80,43690,4,93342
q3_new, r, h,80,43690,4,92248
q3_new, d, -,80,43690,4,221959
q3_new, r, c,96,43690,4,93336
q3_new, r, h,96,43690,4,92906
q3_new, d, -,96,43690,4,194845
q3_new, r, c,96,43690,4,93337
q3_new, r, h,96,43690,4,92233
q3_new, d, -,96,43690,4,196603
q3_new, r, c,96,43690,4,95436
q3_new, r, h,96,43690,4,92490
q3_new, d, -,96,43690,4,197383
q3_new, r, c,96,43690,4,95550
q3_new, r, h,96,43690,4,92526
q3_new, d, -,96,43690,4,193154
q3_new, r, c,96,43690,4,95808
q3_new, r, h,96,43690,4,92462
q3_new, d, -,96,43690,4,195360
q3_new, r, c,96,43690,4,93332
q3_new, r, h,96,43690,4,92470
q3_new, d, -,96,43690,4,192297
q3_new, r, c,96,43690,4,93334
q3_new, r, h,96,43690,4,95408
q3_new, d, -,96,43690,4,196948
q3_new, r, c,96,43690,4,93339
q3_new, r, h,96,43690,4,95538
q3_new, d, -,96,43690,4,198859
q3_new, r, c,96,43690,4,93377
q3_new, r, h,96,43690,4,95108
q3_new, d, -,96,43690,4,192000
q3_new, r, c,96,43690,4,93333
q3_new, r, h,96,43690,4,95187
q3_new, d, -,96,43690,4,198026
q3_new, r, c,96,43690,4,93342
q3_new, r, h,96,43690,4,95560
q3_new, d, -,96,43690,4,196094
q3_new, r, c,96,43690,4,93336
q3_new, r, h,96,43690,4,92438
q3_new, d, -,96,43690,4,199264
q3_new, r, c,96,43690,4,93343
q3_new, r, h,96,43690,4,92298
q3_new, d, -,96,43690,4,194247
q3_new, r, c,96,43690,4,93340
q3_new, r, h,96,43690,4,92346
q3_new, d, -,96,43690,4,198418
q3_new, r, c,96,43690,4,93350
q3_new, r, h,96,43690,4,92422
q3_new, d, -,96,43690,4,196730
q3_new, r, c,96,43690,4,93338
q3_new, r, h,96,43690,4,92411
q3_new, d, -,96,43690,4,203297
q3_new, r, c,96,43690,4,93330
q3_new, r, h,96,43690,4,92534
q3_new, d, -,96,43690,4,197481
q3_new, r, c,96,43690,4,93343
q3_new, r, h,96,43690,4,92184
q3_new, d, -,96,43690,4,197354
q3_new, r, c,96,43690,4,95220
q3_new, r, h,96,43690,4,92242
q3_new, d, -,96,43690,4,195201
q3_new, r, c,96,43690,4,95652
q3_new, r, h,96,43690,4,92252
q3_new, d, -,96,43690,4,193204
q3_new, r, c,96,43690,4,97486
q3_new, r, h,96,43690,4,92400
q3_new, d, -,96,43690,4,196826
q3_new, r, c,96,43690,4,93336
q3_new, r, h,96,43690,4,92719
q3_new, d, -,96,43690,4,193916
q3_new, r, c,96,43690,4,93334
q3_new, r, h,96,43690,4,95259
q3_new, d, -,96,43690,4,194199
q3_new, r, c,96,43690,4,93337
q3_new, r, h,96,43690,4,96087
q3_new, d, -,96,43690,4,195669
q3_new, r, c,96,43690,4,93344
q3_new, r, h,96,43690,4,94989
q3_new, d, -,96,43690,4,195474
q3_new, r, c,96,43690,4,93330
q3_new, r, h,96,43690,4,94973
q3_new, d, -,96,43690,4,193515
q3_new, r, c,96,43690,4,93351
q3_new, r, h,96,43690,4,92491
q3_new, d, -,96,43690,4,199231
q3_new, r, c,96,43690,4,93337
q3_new, r, h,96,43690,4,92226
q3_new, d, -,96,43690,4,197775
q3_new, r, c,96,43690,4,93327
q3_new, r, h,96,43690,4,92285
q3_new, d, -,96,43690,4,199813
q3_new, r, c,96,43690,4,93330
q3_new, r, h,96,43690,4,92247
q3_new, d, -,96,43690,4,197766
q3_new, r, c,112,43690,4,93331
q3_new, r, h,112,43690,4,96639
q3_new, d, -,112,43690,4,408601
q3_new, r, c,112,43690,4,93333
q3_new, r, h,112,43690,4,92417
q3_new, d, -,112,43690,4,410190
q3_new, r, c,112,43690,4,93338
q3_new, r, h,112,43690,4,92100
q3_new, d, -,112,43690,4,403940
q3_new, r, c,112,43690,4,96572
q3_new, r, h,112,43690,4,92463
q3_new, d, -,112,43690,4,405824
q3_new, r, c,112,43690,4,96863
q3_new, r, h,112,43690,4,92451
q3_new, d, -,112,43690,4,407037
q3_new, r, c,112,43690,4,93338
q3_new, r, h,112,43690,4,94787
q3_new, d, -,112,43690,4,410161
q3_new, r, c,112,43690,4,93344
q3_new, r, h,112,43690,4,97853
q3_new, d, -,112,43690,4,407788
q3_new, r, c,112,43690,4,93348
q3_new, r, h,112,43690,4,92373
q3_new, d, -,112,43690,4,405094
q3_new, r, c,112,43690,4,126863
q3_new, r, h,112,43690,4,92466
q3_new, d, -,112,43690,4,408448
q3_new, r, c,112,43690,4,96157
q3_new, r, h,112,43690,4,92410
q3_new, d, -,112,43690,4,407405
q3_new, r, c,112,43690,4,93341
q3_new, r, h,112,43690,4,102715
q3_new, d, -,112,43690,4,406777
q3_new, r, c,112,43690,4,93340
q3_new, r, h,112,43690,4,92140
q3_new, d, -,112,43690,4,408048
q3_new, r, c,112,43690,4,93356
q3_new, r, h,112,43690,4,92323
q3_new, d, -,112,43690,4,408513
q3_new, r, c,112,43690,4,95306
q3_new, r, h,112,43690,4,92400
q3_new, d, -,112,43690,4,406831
q3_new, r, c,112,43690,4,96112
q3_new, r, h,112,43690,4,92470
q3_new, d, -,112,43690,4,406439
q3_new, r, c,112,43690,4,93344
q3_new, r, h,112,43690,4,95131
q3_new, d, -,112,43690,4,407512
q3_new, r, c,112,43690,4,93383
q3_new, r, h,112,43690,4,92292
q3_new, d, -,112,43690,4,408301
q3_new, r, c,112,43690,4,93344
q3_new, r, h,112,43690,4,92424
q3_new, d, -,112,43690,4,406424
q3_new, r, c,112,43690,4,93348
q3_new, r, h,112,43690,4,92359
q3_new, d, -,112,43690,4,409122
q3_new, r, c,112,43690,4,95563
q3_new, r, h,112,43690,4,92401
q3_new, d, -,112,43690,4,405979
q3_new, r, c,112,43690,4,93330
q3_new, r, h,112,43690,4,97151
q3_new, d, -,112,43690,4,408558
q3_new, r, c,112,43690,4,93333
q3_new, r, h,112,43690,4,92260
q3_new, d, -,112,43690,4,409595
q3_new, r, c,112,43690,4,93339
q3_new, r, h,112,43690,4,92301
q3_new, d, -,112,43690,4,406015
q3_new, r, c,112,43690,4,93335
q3_new, r, h,112,43690,4,92427
q3_new, d, -,112,43690,4,406284
q3_new, r, c,112,43690,4,95865
q3_new, r, h,112,43690,4,92355
q3_new, d, -,112,43690,4,410258
q3_new, r, c,112,43690,4,93341
q3_new, r, h,112,43690,4,94945
q3_new, d, -,112,43690,4,405452
q3_new, r, c,112,43690,4,93339
q3_new, r, h,112,43690,4,92215
q3_new, d, -,112,43690,4,407251
q3_new, r, c,112,43690,4,93348
q3_new, r, h,112,43690,4,92280
q3_new, d, -,112,43690,4,405692
q3_new, r, c,112,43690,4,95338
q3_new, r, h,112,43690,4,92423
q3_new, d, -,112,43690,4,406933
q3_new, r, c,112,43690,4,97657
q3_new, r, h,112,43690,4,92358
q3_new, d, -,112,43690,4,407287
q3_new, r, c,128,43690,4,96696
q3_new, r, h,128,43690,4,92361
q3_new, d, -,128,43690,4,131149
q3_new, r, c,128,43690,4,93336
q3_new, r, h,128,43690,4,92290
q3_new, d, -,128,43690,4,134566
q3_new, r, c,128,43690,4,95827
q3_new, r, h,128,43690,4,92251
q3_new, d, -,128,43690,4,131774
q3_new, r, c,128,43690,4,93333
q3_new, r, h,128,43690,4,92507
q3_new, d, -,128,43690,4,133946
q3_new, r, c,128,43690,4,93337
q3_new, r, h,128,43690,4,95199
q3_new, d, -,128,43690,4,131751
q3_new, r, c,128,43690,4,93342
q3_new, r, h,128,43690,4,92301
q3_new, d, -,128,43690,4,131298
q3_new, r, c,128,43690,4,93341
q3_new, r, h,128,43690,4,95098
q3_new, d, -,128,43690,4,131692
q3_new, r, c,128,43690,4,95573
q3_new, r, h,128,43690,4,92475
q3_new, d, -,128,43690,4,130732
q3_new, r, c,128,43690,4,93346
q3_new, r, h,128,43690,4,92217
q3_new, d, -,128,43690,4,134414
q3_new, r, c,128,43690,4,95855
q3_new, r, h,128,43690,4,92357
q3_new, d, -,128,43690,4,130777
q3_new, r, c,128,43690,4,93337
q3_new, r, h,128,43690,4,92231
q3_new, d, -,128,43690,4,133977
q3_new, r, c,128,43690,4,93344
q3_new, r, h,128,43690,4,94991
q3_new, d, -,128,43690,4,131765
q3_new, r, c,128,43690,4,93354
q3_new, r, h,128,43690,4,92353
q3_new, d, -,128,43690,4,132222
q3_new, r, c,128,43690,4,93343
q3_new, r, h,128,43690,4,92164
q3_new, d, -,128,43690,4,134062
q3_new, r, c,128,43690,4,96540
q3_new, r, h,128,43690,4,92208
q3_new, d, -,128,43690,4,131316
q3_new, r, c,128,43690,4,93329
q3_new, r, h,128,43690,4,92289
q3_new, d, -,128,43690,4,141685
q3_new, r, c,128,43690,4,96178
q3_new, r, h,128,43690,4,92333
q3_new, d, -,128,43690,4,131110
q3_new, r, c,128,43690,4,93332
q3_new, r, h,128,43690,4,92261
q3_new, d, -,128,43690,4,134287
q3_new, r, c,128,43690,4,93327
q3_new, r, h,128,43690,4,96178
q3_new, d, -,128,43690,4,131506
q3_new, r, c,128,43690,4,93332
q3_new, r, h,128,43690,4,92312
q3_new, d, -,128,43690,4,131995
q3_new, r, c,128,43690,4,93361
q3_new, r, h,128,43690,4,92428
q3_new, d, -,128,43690,4,133375
q3_new, r, c,128,43690,4,95768
q3_new, r, h,128,43690,4,92315
q3_new, d, -,128,43690,4,131417
q3_new, r, c,128,43690,4,93333
q3_new, r, h,128,43690,4,92548
q3_new, d, -,128,43690,4,135110
q3_new, r, c,128,43690,4,96159
q3_new, r, h,128,43690,4,92419
q3_new, d, -,128,43690,4,130984
q3_new, r, c,128,43690,4,93350
q3_new, r, h,128,43690,4,92365
q3_new, d, -,128,43690,4,135477
q3_new, r, c,128,43690,4,93346
q3_new, r, h,128,43690,4,92433
q3_new, d, -,128,43690,4,131285
q3_new, r, c,128,43690,4,93346
q3_new, r, h,128,43690,4,92300
q3_new, d, -,128,43690,4,134890
q3_new, r, c,128,43690,4,93348
q3_new, r, h,128,43690,4,96831
q3_new, d, -,128,43690,4,131391
q3_new, r, c,128,43690,4,93343
q3_new, r, h,128,43690,4,92330
q3_new, d, -,128,43690,4,131985
q3_new, r, c,128,43690,4,93346
q3_new, r, h,128,43690,4,94900
q3_new, d, -,128,43690,4,131454
q3_new, r, c,144,43690,4,93331
q3_new, r, h,144,43690,4,99377
q3_new, d, -,144,43690,4,472653
q3_new, r, c,144,43690,4,95779
q3_new, r, h,144,43690,4,92527
q3_new, d, -,144,43690,4,470779
q3_new, r, c,144,43690,4,93339
q3_new, r, h,144,43690,4,95087
q3_new, d, -,144,43690,4,469236
q3_new, r, c,144,43690,4,93343
q3_new, r, h,144,43690,4,92292
q3_new, d, -,144,43690,4,471107
q3_new, r, c,144,43690,4,95929
q3_new, r, h,144,43690,4,92381
q3_new, d, -,144,43690,4,468044
q3_new, r, c,144,43690,4,93347
q3_new, r, h,144,43690,4,103642
q3_new, d, -,144,43690,4,470910
q3_new, r, c,144,43690,4,93335
q3_new, r, h,144,43690,4,92352
q3_new, d, -,144,43690,4,471182
q3_new, r, c,144,43690,4,96208
q3_new, r, h,144,43690,4,92535
q3_new, d, -,144,43690,4,469059
q3_new, r, c,144,43690,4,93338
q3_new, r, h,144,43690,4,92363
q3_new, d, -,144,43690,4,473443
q3_new, r, c,144,43690,4,93332
q3_new, r, h,144,43690,4,92388
q3_new, d, -,144,43690,4,468790
q3_new, r, c,144,43690,4,97436
q3_new, r, h,144,43690,4,92471
q3_new, d, -,144,43690,4,469647
q3_new, r, c,144,43690,4,93339
q3_new, r, h,144,43690,4,92453
q3_new, d, -,144,43690,4,472589
q3_new, r, c,144,43690,4,93349
q3_new, r, h,144,43690,4,92332
q3_new, d, -,144,43690,4,470944
q3_new, r, c,144,43690,4,93344
q3_new, r, h,144,43690,4,95469
q3_new, d, -,144,43690,4,465951
q3_new, r, c,144,43690,4,93342
q3_new, r, h,144,43690,4,92356
q3_new, d, -,144,43690,4,468425
q3_new, r, c,144,43690,4,97000
q3_new, r, h,144,43690,4,92420
q3_new, d, -,144,43690,4,470081
q3_new, r, c,144,43690,4,93334
q3_new, r, h,144,43690,4,99869
q3_new, d, -,144,43690,4,467879
q3_new, r, c,144,43690,4,93331
q3_new, r, h,144,43690,4,92355
q3_new, d, -,144,43690,4,468669
q3_new, r, c,144,43690,4,93336
q3_new, r, h,144,43690,4,92403
q3_new, d, -,144,43690,4,469960
q3_new, r, c,144,43690,4,93329
q3_new, r, h,144,43690,4,92460
q3_new, d, -,144,43690,4,471516
q3_new, r, c,144,43690,4,93329
q3_new, r, h,144,43690,4,92395
q3_new, d, -,144,43690,4,466615
q3_new, r, c,144,43690,4,93331
q3_new, r, h,144,43690,4,100146
q3_new, d, -,144,43690,4,467299
q3_new, r, c,144,43690,4,93341
q3_new, r, h,144,43690,4,92289
q3_new, d, -,144,43690,4,472029
q3_new, r, c,144,43690,4,93348
q3_new, r, h,144,43690,4,92147
q3_new, d, -,144,43690,4,469074
q3_new, r, c,144,43690,4,93349
q3_new, r, h,144,43690,4,95326
q3_new, d, -,144,43690,4,467937
q3_new, r, c,144,43690,4,93331
q3_new, r, h,144,43690,4,92344
q3_new, d, -,144,43690,4,474168
q3_new, r, c,144,43690,4,93343
q3_new, r, h,144,43690,4,92416
q3_new, d, -,144,43690,4,471350
q3_new, r, c,144,43690,4,93339
q3_new, r, h,144,43690,4,97286
q3_new, d, -,144,43690,4,465081
q3_new, r, c,144,43690,4,93342
q3_new, r, h,144,43690,4,92318
q3_new, d, -,144,43690,4,469606
q3_new, r, c,144,43690,4,97314
q3_new, r, h,144,43690,4,92947
q3_new, d, -,144,43690,4,465301
q3_new, r, c,160,43690,4,96188
q3_new, r, h,160,43690,4,92477
q3_new, d, -,160,43690,4,577197
q3_new, r, c,160,43690,4,93354
q3_new, r, h,160,43690,4,92383
q3_new, d, -,160,43690,4,580257
q3_new, r, c,160,43690,4,93334
q3_new, r, h,160,43690,4,92305
q3_new, d, -,160,43690,4,583391
q3_new, r, c,160,43690,4,96495
q3_new, r, h,160,43690,4,94611
q3_new, d, -,160,43690,4,577198
q3_new, r, c,160,43690,4,95957
q3_new, r, h,160,43690,4,92460
q3_new, d, -,160,43690,4,577789
q3_new, r, c,160,43690,4,93346
q3_new, r, h,160,43690,4,92252
q3_new, d, -,160,43690,4,579613
q3_new, r, c,160,43690,4,93344
q3_new, r, h,160,43690,4,92196
q3_new, d, -,160,43690,4,579882
q3_new, r, c,160,43690,4,93371
q3_new, r, h,160,43690,4,95953
q3_new, d, -,160,43690,4,577246
q3_new, r, c,160,43690,4,95858
q3_new, r, h,160,43690,4,92323
q3_new, d, -,160,43690,4,578036
q3_new, r, c,160,43690,4,93344
q3_new, r, h,160,43690,4,92405
q3_new, d, -,160,43690,4,582502
q3_new, r, c,160,43690,4,93353
q3_new, r, h,160,43690,4,92360
q3_new, d, -,160,43690,4,590921
q3_new, r, c,160,43690,4,93357
q3_new, r, h,160,43690,4,95554
q3_new, d, -,160,43690,4,577595
q3_new, r, c,160,43690,4,95575
q3_new, r, h,160,43690,4,92565
q3_new, d, -,160,43690,4,578444
q3_new, r, c,160,43690,4,93380
q3_new, r, h,160,43690,4,92293
q3_new, d, -,160,43690,4,580080
q3_new, r, c,160,43690,4,93334
q3_new, r, h,160,43690,4,92413
q3_new, d, -,160,43690,4,579690
q3_new, r, c,160,43690,4,93331
q3_new, r, h,160,43690,4,95038
q3_new, d, -,160,43690,4,577449
q3_new, r, c,160,43690,4,95906
q3_new, r, h,160,43690,4,92282
q3_new, d, -,160,43690,4,580243
q3_new, r, c,160,43690,4,93359
q3_new, r, h,160,43690,4,92207
q3_new, d, -,160,43690,4,580096
q3_new, r, c,160,43690,4,93358
q3_new, r, h,160,43690,4,92223
q3_new, d, -,160,43690,4,581290
q3_new, r, c,160,43690,4,93352
q3_new, r, h,160,43690,4,95453
q3_new, d, -,160,43690,4,577587
q3_new, r, c,160,43690,4,95532
q3_new, r, h,160,43690,4,92280
q3_new, d, -,160,43690,4,577782
q3_new, r, c,160,43690,4,93337
q3_new, r, h,160,43690,4,92321
q3_new, d, -,160,43690,4,579330
q3_new, r, c,160,43690,4,93343
q3_new, r, h,160,43690,4,92419
q3_new, d, -,160,43690,4,585351
q3_new, r, c,160,43690,4,93332
q3_new, r, h,160,43690,4,95518
q3_new, d, -,160,43690,4,577449
q3_new, r, c,160,43690,4,96117
q3_new, r, h,160,43690,4,92533
q3_new, d, -,160,43690,4,578010
q3_new, r, c,160,43690,4,93351
q3_new, r, h,160,43690,4,92247
q3_new, d, -,160,43690,4,579749
q3_new, r, c,160,43690,4,93346
q3_new, r, h,160,43690,4,97434
q3_new, d, -,160,43690,4,579449
q3_new, r, c,160,43690,4,93343
q3_new, r, h,160,43690,4,96542
q3_new, d, -,160,43690,4,577420
q3_new, r, c,160,43690,4,96837
q3_new, r, h,160,43690,4,92450
q3_new, d, -,160,43690,4,578653
q3_new, r, c,160,43690,4,93338
q3_new, r, h,160,43690,4,92341
q3_new, d, -,160,43690,4,580236
q3_new, r, c,176,43690,4,96545
q3_new, r, h,176,43690,4,92412
q3_new, d, -,176,43690,4,552736
q3_new, r, c,176,43690,4,93339
q3_new, r, h,176,43690,4,92229
q3_new, d, -,176,43690,4,557036
q3_new, r, c,176,43690,4,96043
q3_new, r, h,176,43690,4,92992
q3_new, d, -,176,43690,4,552453
q3_new, r, c,176,43690,4,93336
q3_new, r, h,176,43690,4,92473
q3_new, d, -,176,43690,4,554760
q3_new, r, c,176,43690,4,95760
q3_new, r, h,176,43690,4,92472
q3_new, d, -,176,43690,4,553210
q3_new, r, c,176,43690,4,93393
q3_new, r, h,176,43690,4,94890
q3_new, d, -,176,43690,4,554341
q3_new, r, c,176,43690,4,93411
q3_new, r, h,176,43690,4,92211
q3_new, d, -,176,43690,4,559739
q3_new, r, c,176,43690,4,93327
q3_new, r, h,176,43690,4,98866
q3_new, d, -,176,43690,4,551724
q3_new, r, c,176,43690,4,93355
q3_new, r, h,176,43690,4,92206
q3_new, d, -,176,43690,4,557235
q3_new, r, c,176,43690,4,97190
q3_new, r, h,176,43690,4,92191
q3_new, d, -,176,43690,4,554035
q3_new, r, c,176,43690,4,93362
q3_new, r, h,176,43690,4,91956
q3_new, d, -,176,43690,4,555081
q3_new, r, c,176,43690,4,93389
q3_new, r, h,176,43690,4,92314
q3_new, d, -,176,43690,4,555117
q3_new, r, c,176,43690,4,93342
q3_new, r, h,176,43690,4,92461
q3_new, d, -,176,43690,4,552810
q3_new, r, c,176,43690,4,93341
q3_new, r, h,176,43690,4,92053
q3_new, d, -,176,43690,4,555062
q3_new, r, c,176,43690,4,96280
q3_new, r, h,176,43690,4,92290
q3_new, d, -,176,43690,4,553012
q3_new, r, c,176,43690,4,93333
q3_new, r, h,176,43690,4,94889
q3_new, d, -,176,43690,4,553198
q3_new, r, c,176,43690,4,93379
q3_new, r, h,176,43690,4,92220
q3_new, d, -,176,43690,4,553420
q3_new, r, c,176,43690,4,93367
q3_new, r, h,176,43690,4,97186
q3_new, d, -,176,43690,4,554052
q3_new, r, c,176,43690,4,93345
q3_new, r, h,176,43690,4,92125
q3_new, d, -,176,43690,4,554581
q3_new, r, c,176,43690,4,121784
q3_new, r, h,176,43690,4,92146
q3_new, d, -,176,43690,4,556364
q3_new, r, c,176,43690,4,93334
q3_new, r, h,176,43690,4,95185
q3_new, d, -,176,43690,4,554938
q3_new, r, c,176,43690,4,93388
q3_new, r, h,176,43690,4,92253
q3_new, d, -,176,43690,4,556712
q3_new, r, c,176,43690,4,105875
q3_new, r, h,176,43690,4,92436
q3_new, d, -,176,43690,4,553188
q3_new, r, c,176,43690,4,93329
q3_new, r, h,176,43690,4,92167
q3_new, d, -,176,43690,4,555212
q3_new, r, c,176,43690,4,93335
q3_new, r, h,176,43690,4,92226
q3_new, d, -,176,43690,4,554985
q3_new, r, c,176,43690,4,93355
q3_new, r, h,176,43690,4,94871
q3_new, d, -,176,43690,4,552991
q3_new, r, c,176,43690,4,93390
q3_new, r, h,176,43690,4,92113
q3_new, d, -,176,43690,4,559099
q3_new, r, c,176,43690,4,115136
q3_new, r, h,176,43690,4,92409
q3_new, d, -,176,43690,4,552688
q3_new, r, c,176,43690,4,93333
q3_new, r, h,176,43690,4,95969
q3_new, d, -,176,43690,4,554988
q3_new, r, c,176,43690,4,93329
q3_new, r, h,176,43690,4,92277
q3_new, d, -,176,43690,4,558227
q3_new, r, c,192,43690,4,93347
q3_new, r, h,192,43690,4,92097
q3_new, d, -,192,43690,4,149705
q3_new, r, c,192,43690,4,93344
q3_new, r, h,192,43690,4,92265
q3_new, d, -,192,43690,4,149664
q3_new, r, c,192,43690,4,93336
q3_new, r, h,192,43690,4,92113
q3_new, d, -,192,43690,4,146738
q3_new, r, c,192,43690,4,93360
q3_new, r, h,192,43690,4,92187
q3_new, d, -,192,43690,4,147016
q3_new, r, c,192,43690,4,118916
q3_new, r, h,192,43690,4,92110
q3_new, d, -,192,43690,4,145573
q3_new, r, c,192,43690,4,97751
q3_new, r, h,192,43690,4,92046
q3_new, d, -,192,43690,4,145682
q3_new, r, c,192,43690,4,96418
q3_new, r, h,192,43690,4,92284
q3_new, d, -,192,43690,4,146194
q3_new, r, c,192,43690,4,99271
q3_new, r, h,192,43690,4,92235
q3_new, d, -,192,43690,4,146334
q3_new, r, c,192,43690,4,93356
q3_new, r, h,192,43690,4,92328
q3_new, d, -,192,43690,4,145763
q3_new, r, c,192,43690,4,93356
q3_new, r, h,192,43690,4,97382
q3_new, d, -,192,43690,4,146169
q3_new, r, c,192,43690,4,93333
q3_new, r, h,192,43690,4,95632
q3_new, d, -,192,43690,4,146674
q3_new, r, c,192,43690,4,93338
q3_new, r, h,192,43690,4,92822
q3_new, d, -,192,43690,4,149278
q3_new, r, c,192,43690,4,93333
q3_new, r, h,192,43690,4,92351
q3_new, d, -,192,43690,4,149254
q3_new, r, c,192,43690,4,93344
q3_new, r, h,192,43690,4,92103
q3_new, d, -,192,43690,4,148393
q3_new, r, c,192,43690,4,93333
q3_new, r, h,192,43690,4,92265
q3_new, d, -,192,43690,4,145842
q3_new, r, c,192,43690,4,97102
q3_new, r, h,192,43690,4,92334
q3_new, d, -,192,43690,4,146212
q3_new, r, c,192,43690,4,97657
q3_new, r, h,192,43690,4,92449
q3_new, d, -,192,43690,4,145689
q3_new, r, c,192,43690,4,93347
q3_new, r, h,192,43690,4,95615
q3_new, d, -,192,43690,4,145650
q3_new, r, c,192,43690,4,93335
q3_new, r, h,192,43690,4,92290
q3_new, d, -,192,43690,4,151417
q3_new, r, c,192,43690,4,93332
q3_new, r, h,192,43690,4,92257
q3_new, d, -,192,43690,4,149864
q3_new, r, c,192,43690,4,93339
q3_new, r, h,192,43690,4,92209
q3_new, d, -,192,43690,4,155134
q3_new, r, c,192,43690,4,93332
q3_new, r, h,192,43690,4,92272
q3_new, d, -,192,43690,4,145955
q3_new, r, c,192,43690,4,95455
q3_new, r, h,192,43690,4,92414
q3_new, d, -,192,43690,4,146504
q3_new, r, c,192,43690,4,106306
q3_new, r, h,192,43690,4,92444
q3_new, d, -,192,43690,4,145397
q3_new, r, c,192,43690,4,93330
q3_new, r, h,192,43690,4,97024
q3_new, d, -,192,43690,4,145323
q3_new, r, c,192,43690,4,93375
q3_new, r, h,192,43690,4,101049
q3_new, d, -,192,43690,4,144651
q3_new, r, c,192,43690,4,93359
q3_new, r, h,192,43690,4,92392
q3_new, d, -,192,43690,4,148494
q3_new, r, c,192,43690,4,93339
q3_new, r, h,192,43690,4,92185
q3_new, d, -,192,43690,4,149204
q3_new, r, c,192,43690,4,93335
q3_new, r, h,192,43690,4,92412
q3_new, d, -,192,43690,4,148269
q3_new, r, c,192,43690,4,93329
q3_new, r, h,192,43690,4,92053
q3_new, d, -,192,43690,4,147080
q3_new, r, c,208,43690,4,93340
q3_new, r, h,208,43690,4,92353
q3_new, d, -,208,43690,4,575649
q3_new, r, c,208,43690,4,93329
q3_new, r, h,208,43690,4,94889
q3_new, d, -,208,43690,4,569737
q3_new, r, c,208,43690,4,99938
q3_new, r, h,208,43690,4,92227
q3_new, d, -,208,43690,4,569004
q3_new, r, c,208,43690,4,93354
q3_new, r, h,208,43690,4,92300
q3_new, d, -,208,43690,4,570373
q3_new, r, c,208,43690,4,93341
q3_new, r, h,208,43690,4,92275
q3_new, d, -,208,43690,4,575244
q3_new, r, c,208,43690,4,93347
q3_new, r, h,208,43690,4,94878
q3_new, d, -,208,43690,4,571841
q3_new, r, c,208,43690,4,95991
q3_new, r, h,208,43690,4,92342
q3_new, d, -,208,43690,4,569807
q3_new, r, c,208,43690,4,93341
q3_new, r, h,208,43690,4,92283
q3_new, d, -,208,43690,4,570169
q3_new, r, c,208,43690,4,93345
q3_new, r, h,208,43690,4,92097
q3_new, d, -,208,43690,4,575088
q3_new, r, c,208,43690,4,93340
q3_new, r, h,208,43690,4,94406
q3_new, d, -,208,43690,4,570112
q3_new, r, c,208,43690,4,96099
q3_new, r, h,208,43690,4,92352
q3_new, d, -,208,43690,4,569271
q3_new, r, c,208,43690,4,93338
q3_new, r, h,208,43690,4,92077
q3_new, d, -,208,43690,4,570062
q3_new, r, c,208,43690,4,93329
q3_new, r, h,208,43690,4,97003
q3_new, d, -,208,43690,4,571624
q3_new, r, c,208,43690,4,93370
q3_new, r, h,208,43690,4,96968
q3_new, d, -,208,43690,4,569186
q3_new, r, c,208,43690,4,110410
q3_new, r, h,208,43690,4,92267
q3_new, d, -,208,43690,4,569996
q3_new, r, c,208,43690,4,93337
q3_new, r, h,208,43690,4,92229
q3_new, d, -,208,43690,4,573043
q3_new, r, c,208,43690,4,93355
q3_new, r, h,208,43690,4,97128
q3_new, d, -,208,43690,4,575164
q3_new, r, c,208,43690,4,93344
q3_new, r, h,208,43690,4,95403
q3_new, d, -,208,43690,4,572179
q3_new, r, c,208,43690,4,97196
q3_new, r, h,208,43690,4,92461
q3_new, d, -,208,43690,4,570059
q3_new, r, c,208,43690,4,93341
q3_new, r, h,208,43690,4,92388
q3_new, d, -,208,43690,4,571796
q3_new, r, c,208,43690,4,93331
q3_new, r, h,208,43690,4,92391
q3_new, d, -,208,43690,4,571984
q3_new, r, c,208,43690,4,93337
q3_new, r, h,208,43690,4,99231
q3_new, d, -,208,43690,4,569164
q3_new, r, c,208,43690,4,95840
q3_new, r, h,208,43690,4,92258
q3_new, d, -,208,43690,4,569511
q3_new, r, c,208,43690,4,93345
q3_new, r, h,208,43690,4,92433
q3_new, d, -,208,43690,4,572402
q3_new, r, c,208,43690,4,93337
q3_new, r, h,208,43690,4,94435
q3_new, d, -,208,43690,4,569978
q3_new, r, c,208,43690,4,97476
q3_new, r, h,208,43690,4,92456
q3_new, d, -,208,43690,4,569772
q3_new, r, c,208,43690,4,93330
q3_new, r, h,208,43690,4,92225
q3_new, d, -,208,43690,4,571818
q3_new, r, c,208,43690,4,93336
q3_new, r, h,208,43690,4,92425
q3_new, d, -,208,43690,4,574709
q3_new, r, c,208,43690,4,93347
q3_new, r, h,208,43690,4,101467
q3_new, d, -,208,43690,4,569752
q3_new, r, c,208,43690,4,95820
q3_new, r, h,208,43690,4,92352
q3_new, d, -,208,43690,4,570109
q3_new, r, c,224,43690,4,93355
q3_new, r, h,224,43690,4,94506
q3_new, d, -,224,43690,4,579370
q3_new, r, c,224,43690,4,93332
q3_new, r, h,224,43690,4,92416
q3_new, d, -,224,43690,4,584906
q3_new, r, c,224,43690,4,95917
q3_new, r, h,224,43690,4,92350
q3_new, d, -,224,43690,4,580592
q3_new, r, c,224,43690,4,93381
q3_new, r, h,224,43690,4,92375
q3_new, d, -,224,43690,4,581824
q3_new, r, c,224,43690,4,93364
q3_new, r, h,224,43690,4,92415
q3_new, d, -,224,43690,4,580374
q3_new, r, c,224,43690,4,93343
q3_new, r, h,224,43690,4,95393
q3_new, d, -,224,43690,4,578760
q3_new, r, c,224,43690,4,93336
q3_new, r, h,224,43690,4,92279
q3_new, d, -,224,43690,4,582491
q3_new, r, c,224,43690,4,97246
q3_new, r, h,224,43690,4,92491
q3_new, d, -,224,43690,4,581006
q3_new, r, c,224,43690,4,93340
q3_new, r, h,224,43690,4,92417
q3_new, d, -,224,43690,4,581618
q3_new, r, c,224,43690,4,93338
q3_new, r, h,224,43690,4,92313
q3_new, d, -,224,43690,4,582593
q3_new, r, c,224,43690,4,93333
q3_new, r, h,224,43690,4,100906
q3_new, d, -,224,43690,4,579668
q3_new, r, c,224,43690,4,93333
q3_new, r, h,224,43690,4,92379
q3_new, d, -,224,43690,4,585860
q3_new, r, c,224,43690,4,95692
q3_new, r, h,224,43690,4,92382
q3_new, d, -,224,43690,4,580022
q3_new, r, c,224,43690,4,93328
q3_new, r, h,224,43690,4,94984
q3_new, d, -,224,43690,4,580256
q3_new, r, c,224,43690,4,93344
q3_new, r, h,224,43690,4,92158
q3_new, d, -,224,43690,4,582171
q3_new, r, c,224,43690,4,96254
q3_new, r, h,224,43690,4,92952
q3_new, d, -,224,43690,4,579537
q3_new, r, c,224,43690,4,93395
q3_new, r, h,224,43690,4,92573
q3_new, d, -,224,43690,4,581658
q3_new, r, c,224,43690,4,95631
q3_new, r, h,224,43690,4,92443
q3_new, d, -,224,43690,4,580272
q3_new, r, c,224,43690,4,93335
q3_new, r, h,224,43690,4,95226
q3_new, d, -,224,43690,4,582706
q3_new, r, c,224,43690,4,93335
q3_new, r, h,224,43690,4,92387
q3_new, d, -,224,43690,4,581635
q3_new, r, c,224,43690,4,96111
q3_new, r, h,224,43690,4,92377
q3_new, d, -,224,43690,4,579727
q3_new, r, c,224,43690,4,93329
q3_new, r, h,224,43690,4,92497
q3_new, d, -,224,43690,4,585665
q3_new, r, c,224,43690,4,93334
q3_new, r, h,224,43690,4,92240
q3_new, d, -,224,43690,4,582475
q3_new, r, c,224,43690,4,93343
q3_new, r, h,224,43690,4,97551
q3_new, d, -,224,43690,4,579255
q3_new, r, c,224,43690,4,93331
q3_new, r, h,224,43690,4,98348
q3_new, d, -,224,43690,4,584554
q3_new, r, c,224,43690,4,96157
q3_new, r, h,224,43690,4,92474
q3_new, d, -,224,43690,4,579763
q3_new, r, c,224,43690,4,93342
q3_new, r, h,224,43690,4,94599
q3_new, d, -,224,43690,4,582478
q3_new, r, c,224,43690,4,93342
q3_new, r, h,224,43690,4,92503
q3_new, d, -,224,43690,4,582253
q3_new, r, c,224,43690,4,93328
q3_new, r, h,224,43690,4,92460
q3_new, d, -,224,43690,4,579546
q3_new, r, c,224,43690,4,93333
q3_new, r, h,224,43690,4,92263
q3_new, d, -,224,43690,4,585455
q3_new, r, c,240,43690,4,93336
q3_new, r, h,240,43690,4,92154
q3_new, d, -,240,43690,4,579512
q3_new, r, c,240,43690,4,93338
q3_new, r, h,240,43690,4,92533
q3_new, d, -,240,43690,4,576843
q3_new, r, c,240,43690,4,93331
q3_new, r, h,240,43690,4,92332
q3_new, d, -,240,43690,4,576104
q3_new, r, c,240,43690,4,93334
q3_new, r, h,240,43690,4,92177
q3_new, d, -,240,43690,4,575658
q3_new, r, c,240,43690,4,93338
q3_new, r, h,240,43690,4,92265
q3_new, d, -,240,43690,4,578668
q3_new, r, c,240,43690,4,93330
q3_new, r, h,240,43690,4,92618
q3_new, d, -,240,43690,4,576367
q3_new, r, c,240,43690,4,93337
q3_new, r, h,240,43690,4,92562
q3_new, d, -,240,43690,4,575331
q3_new, r, c,240,43690,4,93328
q3_new, r, h,240,43690,4,92176
q3_new, d, -,240,43690,4,573934
q3_new, r, c,240,43690,4,93342
q3_new, r, h,240,43690,4,92389
q3_new, d, -,240,43690,4,574494
q3_new, r, c,240,43690,4,93331
q3_new, r, h,240,43690,4,92336
q3_new, d, -,240,43690,4,574758
q3_new, r, c,240,43690,4,93344
q3_new, r, h,240,43690,4,92397
q3_new, d, -,240,43690,4,574265
q3_new, r, c,240,43690,4,126449
q3_new, r, h,240,43690,4,92434
q3_new, d, -,240,43690,4,573900
q3_new, r, c,240,43690,4,95742
q3_new, r, h,240,43690,4,92312
q3_new, d, -,240,43690,4,574495
q3_new, r, c,240,43690,4,96033
q3_new, r, h,240,43690,4,92367
q3_new, d, -,240,43690,4,573796
q3_new, r, c,240,43690,4,97648
q3_new, r, h,240,43690,4,92470
q3_new, d, -,240,43690,4,574099
q3_new, r, c,240,43690,4,104458
q3_new, r, h,240,43690,4,92304
q3_new, d, -,240,43690,4,573756
q3_new, r, c,240,43690,4,96142
q3_new, r, h,240,43690,4,92536
q3_new, d, -,240,43690,4,576266
q3_new, r, c,240,43690,4,93345
q3_new, r, h,240,43690,4,95584
q3_new, d, -,240,43690,4,573955
q3_new, r, c,240,43690,4,93334
q3_new, r, h,240,43690,4,97033
q3_new, d, -,240,43690,4,573790
q3_new, r, c,240,43690,4,93335
q3_new, r, h,240,43690,4,94946
q3_new, d, -,240,43690,4,573772
q3_new, r, c,240,43690,4,93342
q3_new, r, h,240,43690,4,94696
q3_new, d, -,240,43690,4,573859
q3_new, r, c,240,43690,4,93335
q3_new, r, h,240,43690,4,92252
q3_new, d, -,240,43690,4,576000
q3_new, r, c,240,43690,4,93361
q3_new, r, h,240,43690,4,92269
q3_new, d, -,240,43690,4,578177
q3_new, r, c,240,43690,4,93333
q3_new, r, h,240,43690,4,92434
q3_new, d, -,240,43690,4,579247
q3_new, r, c,240,43690,4,93343
q3_new, r, h,240,43690,4,92362
q3_new, d, -,240,43690,4,579258
q3_new, r, c,240,43690,4,93350
q3_new, r, h,240,43690,4,92519
q3_new, d, -,240,43690,4,578800
q3_new, r, c,240,43690,4,93331
q3_new, r, h,240,43690,4,92212
q3_new, d, -,240,43690,4,575445
q3_new, r, c,240,43690,4,93340
q3_new, r, h,240,43690,4,92548
q3_new, d, -,240,43690,4,576108
q3_new, r, c,240,43690,4,93365
q3_new, r, h,240,43690,4,92220
q3_new, d, -,240,43690,4,575722
q3_new, r, c,240,43690,4,93337
q3_new, r, h,240,43690,4,92220
q3_new, d, -,240,43690,4,576184
q3_new, r, c,256,43690,4,93338
q3_new, r, h,256,43690,4,92436
q3_new, d, -,256,43690,4,156082
q3_new, r, c,256,43690,4,93395
q3_new, r, h,256,43690,4,96627
q3_new, d, -,256,43690,4,153794
q3_new, r, c,256,43690,4,96205
q3_new, r, h,256,43690,4,92591
q3_new, d, -,256,43690,4,154032
q3_new, r, c,256,43690,4,96633
q3_new, r, h,256,43690,4,92382
q3_new, d, -,256,43690,4,153458
q3_new, r, c,256,43690,4,93346
q3_new, r, h,256,43690,4,96852
q3_new, d, -,256,43690,4,155249
q3_new, r, c,256,43690,4,93344
q3_new, r, h,256,43690,4,92307
q3_new, d, -,256,43690,4,156122
q3_new, r, c,256,43690,4,93344
q3_new, r, h,256,43690,4,95253
q3_new, d, -,256,43690,4,153450
q3_new, r, c,256,43690,4,93343
q3_new, r, h,256,43690,4,92284
q3_new, d, -,256,43690,4,153575
q3_new, r, c,256,43690,4,120276
q3_new, r, h,256,43690,4,92366
q3_new, d, -,256,43690,4,153462
q3_new, r, c,256,43690,4,93336
q3_new, r, h,256,43690,4,92332
q3_new, d, -,256,43690,4,156026
q3_new, r, c,256,43690,4,93346
q3_new, r, h,256,43690,4,92309
q3_new, d, -,256,43690,4,155941
q3_new, r, c,256,43690,4,93344
q3_new, r, h,256,43690,4,96035
q3_new, d, -,256,43690,4,153093
q3_new, r, c,256,43690,4,96174
q3_new, r, h,256,43690,4,92441
q3_new, d, -,256,43690,4,153480
q3_new, r, c,256,43690,4,93338
q3_new, r, h,256,43690,4,92462
q3_new, d, -,256,43690,4,154657
q3_new, r, c,256,43690,4,93344
q3_new, r, h,256,43690,4,92129
q3_new, d, -,256,43690,4,159926
q3_new, r, c,256,43690,4,93346
q3_new, r, h,256,43690,4,92379
q3_new, d, -,256,43690,4,156615
q3_new, r, c,256,43690,4,93346
q3_new, r, h,256,43690,4,97287
q3_new, d, -,256,43690,4,153111
q3_new, r, c,256,43690,4,95890
q3_new, r, h,256,43690,4,92381
q3_new, d, -,256,43690,4,153540
q3_new, r, c,256,43690,4,93334
q3_new, r, h,256,43690,4,92425
q3_new, d, -,256,43690,4,156495
q3_new, r, c,256,43690,4,93332
q3_new, r, h,256,43690,4,92310
q3_new, d, -,256,43690,4,159566
q3_new, r, c,256,43690,4,93345
q3_new, r, h,256,43690,4,94928
q3_new, d, -,256,43690,4,153293
q3_new, r, c,256,43690,4,93333
q3_new, r, h,256,43690,4,92463
q3_new, d, -,256,43690,4,153669
q3_new, r, c,256,43690,4,95602
q3_new, r, h,256,43690,4,92408
q3_new, d, -,256,43690,4,153479
q3_new, r, c,256,43690,4,93334
q3_new, r, h,256,43690,4,92287
q3_new, d, -,256,43690,4,155924
q3_new, r, c,256,43690,4,93344
q3_new, r, h,256,43690,4,92328
q3_new, d, -,256,43690,4,157039
q3_new, r, c,256,43690,4,93330
q3_new, r, h,256,43690,4,103078
q3_new, d, -,256,43690,4,153212
q3_new, r, c,256,43690,4,96608
q3_new, r, h,256,43690,4,92523
q3_new, d, -,256,43690,4,153263
q3_new, r, c,256,43690,4,95816
q3_new, r, h,256,43690,4,92449
q3_new, d, -,256,43690,4,153924
q3_new, r, c,256,43690,4,93337
q3_new, r, h,256,43690,4,92243
q3_new, d, -,256,43690,4,155937
q3_new, r, c,256,43690,4,93344
q3_new, r, h,256,43690,4,92214
q3_new, d, -,256,43690,4,156655