q2_new, r, c, 16, 43690, 1, 84268, 393256, 34, 2780, 1380, 786507
q2_new, r, h, 16, 43690, 1, 83821, 393256, 41, 2786, 135, 786507
q2_new, d, -, 16, 43690, 1, 122230, 588352, 214, 21950, 10940, 1072446
q2_new, r, c, 16, 43690, 1, 84268, 393256, 29, 2771, 1381, 786507
q2_new, r, h, 16, 43690, 1, 83849, 393256, 33, 2710, 131, 786507
q2_new, d, -, 16, 43690, 1, 124510, 588351, 214, 21950, 10950, 1072446
q2_new, r, c, 16, 43690, 1, 89121, 393256, 44, 2811, 1380, 786509
q2_new, r, h, 16, 43690, 1, 83815, 393256, 33, 2762, 115, 786507
q2_new, d, -, 16, 43690, 1, 122282, 588351, 210, 21942, 10942, 1072445
q2_new, r, c, 16, 43690, 1, 84268, 393256, 37, 2784, 1380, 786507
q2_new, r, h, 16, 43690, 1, 83816, 393256, 36, 2783, 131, 786507
q2_new, d, -, 16, 43690, 1, 124486, 588352, 220, 21969, 10941, 1072447
q2_new, r, c, 16, 43690, 1, 86402, 393256, 42, 2786, 1379, 786509
q2_new, r, h, 16, 43690, 1, 83832, 393256, 34, 2778, 160, 786507
q2_new, d, -, 16, 43690, 1, 122260, 588352, 209, 21944, 10945, 1072446
q2_new, r, c, 16, 43690, 1, 84276, 393256, 33, 2772, 1379, 786507
q2_new, r, h, 16, 43690, 1, 83800, 393256, 33, 2774, 87, 786507
q2_new, d, -, 16, 43690, 1, 124391, 588352, 215, 21948, 10948, 1072447
q2_new, r, c, 16, 43690, 1, 86857, 393257, 37, 2775, 1379, 786509
q2_new, r, h, 16, 43690, 1, 83837, 393256, 33, 2757, 157, 786507
q2_new, d, -, 16, 43690, 1, 122223, 588352, 201, 21922, 10946, 1072446
q2_new, r, c, 16, 43690, 1, 84261, 393256, 32, 2772, 1378, 786507
q2_new, r, h, 16, 43690, 1, 89021, 393256, 156, 2815, 182, 786508
q2_new, d, -, 16, 43690, 1, 124970, 588353, 240, 21954, 10951, 1072448
q2_new, r, c, 16, 43690, 1, 84325, 393256, 35, 2774, 1382, 786507
q2_new, r, h, 16, 43690, 1, 83849, 393256, 35, 2760, 224, 786507
q2_new, d, -, 16, 43690, 1, 122322, 588352, 210, 21939, 10950, 1072446
q2_new, r, c, 16, 43690, 1, 84264, 393256, 31, 2774, 1379, 786507
q2_new, r, h, 16, 43690, 1, 85934, 393257, 43, 2770, 152, 786509
q2_new, d, -, 16, 43690, 1, 122229, 588352, 207, 21936, 10947, 1072446
q2_new, r, c, 16, 43690, 1, 84266, 393256, 33, 2775, 1379, 786507
q2_new, r, h, 16, 43690, 1, 83816, 393256, 33, 2756, 84, 786507
q2_new, d, -, 16, 43690, 1, 125713, 588352, 304, 21976, 10947, 1072449
q2_new, r, c, 16, 43690, 1, 84262, 393256, 30, 2774, 1381, 786507
q2_new, r, h, 16, 43690, 1, 88783, 393257, 56, 2791, 319, 786509
q2_new, d, -, 16, 43690, 1, 122578, 588352, 211, 21936, 10952, 1072446
q2_new, r, c, 16, 43690, 1, 91469, 393257, 57, 2797, 1380, 786510
q2_new, r, h, 16, 43690, 1, 84220, 393256, 36, 2778, 972, 786507
q2_new, d, -, 16, 43690, 1, 126523, 588353, 227, 21995, 10956, 1072448
q2_new, r, c, 16, 43690, 1, 87238, 393256, 41, 2790, 1379, 786510
q2_new, r, h, 16, 43690, 1, 84205, 393256, 36, 2779, 1012, 786507
q2_new, d, -, 16, 43690, 1, 124777, 588353, 211, 21944, 10953, 1072448
q2_new, r, c, 16, 43690, 1, 84276, 393256, 32, 2771, 1379, 786507
q2_new, r, h, 16, 43690, 1, 83816, 393256, 32, 2772, 106, 786507
q2_new, d, -, 16, 43690, 1, 122205, 588352, 210, 21940, 10941, 1072446
q2_new, r, c, 16, 43690, 1, 88773, 393256, 78, 2814, 1379, 786508
q2_new, r, h, 16, 43690, 1, 85758, 393257, 73, 2765, 152, 786509
q2_new, d, -, 16, 43690, 1, 122314, 588352, 206, 21931, 10948, 1072446
q2_new, r, c, 16, 43690, 1, 84282, 393256, 30, 2768, 1381, 786507
q2_new, r, h, 16, 43690, 1, 86121, 393257, 39, 2768, 202, 786509
q2_new, d, -, 16, 43690, 1, 122243, 588352, 208, 21939, 10953, 1072446
q2_new, r, c, 16, 43690, 1, 84256, 393256, 30, 2768, 1376, 786507
q2_new, r, h, 16, 43690, 1, 86208, 393257, 42, 2795, 132, 786509
q2_new, d, -, 16, 43690, 1, 122272, 588351, 206, 21931, 10945, 1072445
q2_new, r, c, 16, 43690, 1, 84277, 393256, 34, 2776, 1379, 786507
q2_new, r, h, 16, 43690, 1, 83941, 393256, 36, 2784, 464, 786507
q2_new, d, -, 16, 43690, 1, 125306, 588352, 232, 21977, 10948, 1072447
q2_new, r, c, 16, 43690, 1, 84275, 393256, 36, 2783, 1380, 786507
q2_new, r, h, 16, 43690, 1, 83881, 393256, 37, 2781, 118, 786507
q2_new, d, -, 16, 43690, 1, 122256, 588352, 225, 21970, 10945, 1072446
q2_new, r, c, 16, 43690, 1, 98154, 393257, 152, 2846, 1383, 786512
q2_new, r, h, 16, 43690, 1, 83951, 393256, 37, 2781, 272, 786507
q2_new, d, -, 16, 43690, 1, 122233, 588352, 207, 21936, 10945, 1072446
q2_new, r, c, 16, 43690, 1, 84270, 393256, 34, 2781, 1380, 786507
q2_new, r, h, 16, 43690, 1, 83908, 393256, 35, 2719, 146, 786507
q2_new, d, -, 16, 43690, 1, 124875, 588352, 219, 21955, 10945, 1072447
q2_new, r, c, 16, 43690, 1, 84268, 393256, 35, 2781, 1382, 786507
q2_new, r, h, 16, 43690, 1, 83852, 393256, 34, 2779, 140, 786507
q2_new, d, -, 16, 43690, 1, 124902, 588351, 217, 21955, 10944, 1072447
q2_new, r, c, 16, 43690, 1, 84266, 393256, 28, 2764, 1379, 786507
q2_new, r, h, 16, 43690, 1, 83923, 393256, 34, 2784, 161, 786507
q2_new, d, -, 16, 43690, 1, 122497, 588352, 207, 21937, 10941, 1072446
q2_new, r, c, 16, 43690, 1, 85316, 393256, 42, 2783, 1381, 786509
q2_new, r, h, 16, 43690, 1, 83872, 393256, 34, 2763, 127, 786507
q2_new, d, -, 16, 43690, 1, 122179, 588352, 207, 21938, 10940, 1072446
q2_new, r, c, 16, 43690, 1, 84275, 393256, 32, 2776, 1379, 786507
q2_new, r, h, 16, 43690, 1, 88948, 393257, 51, 2818, 233, 786511
q2_new, d, -, 16, 43690, 1, 122261, 588352, 209, 21942, 10945, 1072446
q2_new, r, c, 16, 43690, 1, 84272, 393256, 31, 2773, 1379, 786507
q2_new, r, h, 16, 43690, 1, 83852, 393256, 33, 2778, 103, 786507
q2_new, d, -, 16, 43690, 1, 124886, 588352, 219, 21959, 10943, 1072448
q2_new, r, c, 16, 43690, 1, 87479, 393257, 69, 2786, 1379, 786510
q2_new, r, h, 16, 43690, 1, 88942, 393256, 70, 2802, 294, 786508
q2_new, d, -, 16, 43690, 1, 122232, 588352, 210, 21940, 10947, 1072446
q2_new, r, c, 16, 43690, 1, 84269, 393256, 33, 2774, 1379, 786507
q2_new, r, h, 16, 43690, 1, 83929, 393256, 36, 2787, 143, 786507
q2_new, d, -, 16, 43690, 1, 133224, 588354, 353, 21967, 10950, 1072452
q2_new, r, c, 16, 43690, 1, 90220, 393256, 128, 2814, 1383, 786508
q2_new, r, h, 16, 43690, 1, 88998, 393256, 47, 2804, 197, 786508
q2_new, d, -, 16, 43690, 1, 122273, 588352, 210, 21940, 10950, 1072446
q2_new, r, c, 32, 43690, 1, 84272, 393256, 32, 2777, 1380, 786507
q2_new, r, h, 32, 43690, 1, 86009, 393256, 42, 2768, 132, 786508
q2_new, d, -, 32, 43690, 1, 131697, 621641, 408, 43842, 21894, 1125709
q2_new, r, c, 32, 43690, 1, 84264, 393256, 30, 2770, 1381, 786507
q2_new, r, h, 32, 43690, 1, 83859, 393256, 35, 2749, 135, 786507
q2_new, d, -, 32, 43690, 1, 131365, 621642, 407, 43837, 21861, 1125710
q2_new, r, c, 32, 43690, 1, 84280, 393256, 41, 2793, 1380, 786507
q2_new, r, h, 32, 43690, 1, 85969, 393257, 39, 2791, 171, 786509
q2_new, d, -, 32, 43690, 1, 131470, 621642, 406, 43837, 21877, 1125710
q2_new, r, c, 32, 43690, 1, 84263, 393256, 38, 2788, 1378, 786507
q2_new, r, h, 32, 43690, 1, 83873, 393256, 34, 2753, 124, 786507
q2_new, d, -, 32, 43690, 1, 131715, 621642, 408, 43840, 21888, 1125710
q2_new, r, c, 32, 43690, 1, 84270, 393256, 34, 2776, 1379, 786507
q2_new, r, h, 32, 43690, 1, 83936, 393256, 33, 2719, 126, 786507
q2_new, d, -, 32, 43690, 1, 131596, 621641, 405, 43834, 21885, 1125709
q2_new, r, c, 32, 43690, 1, 84273, 393256, 37, 2781, 1379, 786507
q2_new, r, h, 32, 43690, 1, 83849, 393256, 34, 2776, 137, 786507
q2_new, d, -, 32, 43690, 1, 131753, 621642, 404, 43827, 21887, 1125710
q2_new, r, c, 32, 43690, 1, 84267, 393256, 33, 2778, 1380, 786507
q2_new, r, h, 32, 43690, 1, 85834, 393257, 43, 2804, 122, 786509
q2_new, d, -, 32, 43690, 1, 131691, 621642, 413, 43856, 21887, 1125710
q2_new, r, c, 32, 43690, 1, 84273, 393256, 39, 2790, 1381, 786507
q2_new, r, h, 32, 43690, 1, 83803, 393256, 38, 2792, 124, 786507
q2_new, d, -, 32, 43690, 1, 144053, 621643, 1290, 43899, 21882, 1125712
q2_new, r, c, 32, 43690, 1, 87113, 393257, 43, 2797, 1380, 786509
q2_new, r, h, 32, 43690, 1, 83863, 393256, 35, 2785, 137, 786507
q2_new, d, -, 32, 43690, 1, 131720, 621642, 416, 43854, 21894, 1125710
q2_new, r, c, 32, 43690, 1, 84283, 393256, 35, 2777, 1379, 786507
q2_new, r, h, 32, 43690, 1, 83795, 393256, 36, 2783, 120, 786507
q2_new, d, -, 32, 43690, 1, 131719, 621642, 409, 43841, 21882, 1125710
q2_new, r, c, 32, 43690, 1, 84277, 393256, 35, 2775, 1379, 786507
q2_new, r, h, 32, 43690, 1, 83819, 393256, 32, 2774, 122, 786507
q2_new, d, -, 32, 43690, 1, 137285, 621643, 417, 43873, 21880, 1125711
q2_new, r, c, 32, 43690, 1, 86870, 393257, 45, 2797, 1380, 786509
q2_new, r, h, 32, 43690, 1, 83852, 393256, 36, 2776, 202, 786507
q2_new, d, -, 32, 43690, 1, 131724, 621642, 405, 43831, 21889, 1125710
q2_new, r, c, 32, 43690, 1, 84266, 393256, 35, 2779, 1378, 786507
q2_new, r, h, 32, 43690, 1, 83836, 393256, 32, 2735, 126, 786507
q2_new, d, -, 32, 43690, 1, 134804, 621642, 416, 43871, 21893, 1125711
q2_new, r, c, 32, 43690, 1, 84277, 393256, 31, 2772, 1382, 786507
q2_new, r, h, 32, 43690, 1, 83815, 393256, 36, 2770, 131, 786507
q2_new, d, -, 32, 43690, 1, 131730, 621642, 408, 43839, 21885, 1125710
q2_new, r, c, 32, 43690, 1, 84270, 393256, 31, 2772, 1379, 786507
q2_new, r, h, 32, 43690, 1, 86021, 393257, 40, 2790, 122, 786509
q2_new, d, -, 32, 43690, 1, 131685, 621642, 409, 43845, 21890, 1125710
q2_new, r, c, 32, 43690, 1, 84266, 393256, 31, 2769, 1378, 786507
q2_new, r, h, 32, 43690, 1, 83899, 393256, 35, 2764, 145, 786507
q2_new, d, -, 32, 43690, 1, 133945, 621642, 412, 43841, 21891, 1125711
q2_new, r, c, 32, 43690, 1, 84266, 393256, 29, 2767, 1379, 786507
q2_new, r, h, 32, 43690, 1, 83829, 393256, 41, 2790, 109, 786507
q2_new, d, -, 32, 43690, 1, 131650, 621642, 410, 43847, 21887, 1125710
q2_new, r, c, 32, 43690, 1, 84267, 393256, 31, 2769, 1378, 786507
q2_new, r, h, 32, 43690, 1, 87040, 393256, 86, 2805, 131, 786510
q2_new, d, -, 32, 43690, 1, 131770, 621642, 414, 43852, 21893, 1125710
q2_new, r, c, 32, 43690, 1, 84268, 393256, 30, 2769, 1379, 786507
q2_new, r, h, 32, 43690, 1, 83858, 393256, 34, 2778, 114, 786507
q2_new, d, -, 32, 43690, 1, 134444, 621642, 418, 43848, 21880, 1125711
q2_new, r, c, 32, 43690, 1, 86570, 393256, 43, 2796, 1380, 786509
q2_new, r, h, 32, 43690, 1, 83884, 393256, 33, 2782, 184, 786507
q2_new, d, -, 32, 43690, 1, 131470, 621642, 408, 43840, 21872, 1125710
q2_new, r, c, 32, 43690, 1, 84262, 393256, 31, 2772, 1378, 786507
q2_new, r, h, 32, 43690, 1, 83836, 393257, 33, 2775, 123, 786508
q2_new, d, -, 32, 43690, 1, 134406, 621642, 415, 43848, 21874, 1125712
q2_new, r, c, 32, 43690, 1, 84271, 393256, 34, 2776, 1379, 786507
q2_new, r, h, 32, 43690, 1, 83829, 393256, 42, 2763, 115, 786507
q2_new, d, -, 32, 43690, 1, 131803, 621642, 456, 43935, 21887, 1125710
q2_new, r, c, 32, 43690, 1, 84268, 393256, 32, 2775, 1380, 786507
q2_new, r, h, 32, 43690, 1, 83828, 393256, 33, 2774, 127, 786507
q2_new, d, -, 32, 43690, 1, 134556, 621643, 404, 43826, 21883, 1125712
q2_new, r, c, 32, 43690, 1, 88702, 393257, 147, 2811, 1383, 786509
q2_new, r, h, 32, 43690, 1, 83811, 393256, 32, 2759, 129, 786507
q2_new, d, -, 32, 43690, 1, 131652, 621642, 419, 43858, 21878, 1125710
q2_new, r, c, 32, 43690, 1, 84270, 393256, 34, 2777, 1379, 786507
q2_new, r, h, 32, 43690, 1, 85893, 393257, 54, 2819, 116, 786509
q2_new, d, -, 32, 43690, 1, 131687, 621642, 408, 43838, 21888, 1125710
q2_new, r, c, 32, 43690, 1, 84272, 393256, 31, 2759, 1380, 786507
q2_new, r, h, 32, 43690, 1, 83835, 393256, 33, 2775, 129, 786507
q2_new, d, -, 32, 43690, 1, 131688, 621642, 408, 43841, 21890, 1125710
q2_new, r, c, 32, 43690, 1, 84268, 393256, 32, 2776, 1378, 786507
q2_new, r, h, 32, 43690, 1, 83903, 393256, 31, 2775, 120, 786507
q2_new, d, -, 32, 43690, 1, 131601, 621642, 413, 43849, 21885, 1125710
q2_new, r, c, 32, 43690, 1, 86489, 393257, 36, 2785, 1379, 786509
q2_new, r, h, 32, 43690, 1, 84311, 393256, 160, 2768, 175, 786507
q2_new, d, -, 32, 43690, 1, 131569, 621642, 411, 43846, 21880, 1125710
q2_new, r, c, 32, 43690, 1, 84263, 393256, 27, 2761, 1378, 786507
q2_new, r, h, 32, 43690, 1, 83814, 393256, 31, 2772, 127, 786507
q2_new, d, -, 32, 43690, 1, 134070, 621642, 420, 43868, 21887, 1125711
q2_new, r, c, 32, 43690, 1, 84268, 393256, 33, 2777, 1380, 786507
q2_new, r, h, 32, 43690, 1, 83835, 393256, 34, 2782, 108, 786507
q2_new, d, -, 32, 43690, 1, 131706, 621642, 410, 43846, 21890, 1125710
q2_new, r, c, 64, 43690, 1, 84270, 393256, 31, 2772, 1378, 786507
q2_new, r, h, 64, 43690, 1, 85902, 393257, 47, 2805, 117, 786509
q2_new, d, -, 64, 43690, 1, 147889, 638491, 812, 87657, 43742, 1152669
q2_new, r, c, 64, 43690, 1, 84270, 393256, 36, 2780, 1379, 786507
q2_new, r, h, 64, 43690, 1, 86122, 393256, 54, 2806, 142, 786509
q2_new, d, -, 64, 43690, 1, 148446, 638492, 809, 87649, 43772, 1152670
q2_new, r, c, 64, 43690, 1, 84265, 393256, 34, 2773, 1379, 786507
q2_new, r, h, 64, 43690, 1, 83814, 393256, 33, 2776, 112, 786507
q2_new, d, -, 64, 43690, 1, 148571, 638492, 810, 87654, 43762, 1152670
q2_new, r, c, 64, 43690, 1, 86359, 393257, 41, 2793, 1379, 786509
q2_new, r, h, 64, 43690, 1, 83903, 393256, 32, 2780, 147, 786507
q2_new, d, -, 64, 43690, 1, 148381, 638491, 810, 87654, 43768, 1152669
q2_new, r, c, 64, 43690, 1, 84270, 393256, 32, 2778, 1380, 786507
q2_new, r, h, 64, 43690, 1, 83836, 393256, 34, 2781, 118, 786507
q2_new, d, -, 64, 43690, 1, 148604, 638492, 811, 87655, 43778, 1152670
q2_new, r, c, 64, 43690, 1, 88656, 393257, 42, 2820, 1379, 786509
q2_new, r, h, 64, 43690, 1, 83858, 393256, 33, 2776, 205, 786507
q2_new, d, -, 64, 43690, 1, 148209, 638492, 809, 87649, 43752, 1152670
q2_new, r, c, 64, 43690, 1, 84264, 393256, 30, 2771, 1379, 786507
q2_new, r, h, 64, 43690, 1, 85897, 393256, 48, 2797, 155, 786508
q2_new, d, -, 64, 43690, 1, 148319, 638492, 810, 87657, 43767, 1152670
q2_new, r, c, 64, 43690, 1, 84269, 393256, 31, 2774, 1379, 786507
q2_new, r, h, 64, 43690, 1, 83840, 393256, 37, 2745, 135, 786507
q2_new, d, -, 64, 43690, 1, 148331, 638492, 810, 87658, 43755, 1152670
q2_new, r, c, 64, 43690, 1, 84273, 393256, 36, 2783, 1379, 786507
q2_new, r, h, 64, 43690, 1, 83877, 393256, 32, 2753, 127, 786507
q2_new, d, -, 64, 43690, 1, 163766, 638493, 2078, 87720, 43780, 1152673
q2_new, r, c, 64, 43690, 1, 84274, 393256, 35, 2778, 1378, 786507
q2_new, r, h, 64, 43690, 1, 83862, 393256, 37, 2782, 97, 786507
q2_new, d, -, 64, 43690, 1, 147306, 638492, 798, 87630, 43771, 1152670
q2_new, r, c, 64, 43690, 1, 87763, 393256, 94, 2787, 1382, 786508
q2_new, r, h, 64, 43690, 1, 83818, 393256, 32, 2738, 141, 786507
q2_new, d, -, 64, 43690, 1, 148762, 638492, 804, 87644, 43764, 1152670
q2_new, r, c, 64, 43690, 1, 84269, 393256, 33, 2772, 1378, 786507
q2_new, r, h, 64, 43690, 1, 83800, 393256, 37, 2749, 151, 786507
q2_new, d, -, 64, 43690, 1, 148605, 638492, 816, 87678, 43764, 1152670
q2_new, r, c, 64, 43690, 1, 84265, 393256, 31, 2773, 1380, 786507
q2_new, r, h, 64, 43690, 1, 83796, 393256, 33, 2758, 144, 786507
q2_new, d, -, 64, 43690, 1, 147976, 638492, 812, 87660, 43766, 1152670
q2_new, r, c, 64, 43690, 1, 84268, 393256, 31, 2771, 1378, 786507
q2_new, r, h, 64, 43690, 1, 83873, 393256, 36, 2787, 148, 786507
q2_new, d, -, 64, 43690, 1, 147735, 638492, 816, 87666, 43750, 1152670
q2_new, r, c, 64, 43690, 1, 84270, 393256, 33, 2772, 1378, 786507
q2_new, r, h, 64, 43690, 1, 83833, 393256, 29, 2768, 144, 786507
q2_new, d, -, 64, 43690, 1, 147714, 638492, 802, 87637, 43756, 1152670
q2_new, r, c, 64, 43690, 1, 84268, 393256, 32, 2777, 1380, 786507
q2_new, r, h, 64, 43690, 1, 83815, 393256, 37, 2787, 120, 786507
q2_new, d, -, 64, 43690, 1, 150512, 638492, 820, 87671, 43759, 1152671
q2_new, r, c, 64, 43690, 1, 86805, 393256, 42, 2788, 1380, 786508
q2_new, r, h, 64, 43690, 1, 83887, 393256, 35, 2786, 187, 786507
q2_new, d, -, 64, 43690, 1, 148272, 638492, 809, 87651, 43767, 1152670
q2_new, r, c, 64, 43690, 1, 86433, 393256, 45, 2802, 1380, 786508
q2_new, r, h, 64, 43690, 1, 83832, 393256, 32, 2762, 167, 786507
q2_new, d, -, 64, 43690, 1, 158090, 638492, 841, 87657, 43780, 1152672
q2_new, r, c, 64, 43690, 1, 84270, 393256, 36, 2784, 1381, 786507
q2_new, r, h, 64, 43690, 1, 83838, 393256, 36, 2793, 119, 786507
q2_new, d, -, 64, 43690, 1, 148616, 638492, 810, 87655, 43773, 1152670
q2_new, r, c, 64, 43690, 1, 84270, 393256, 36, 2778, 1380, 786507
q2_new, r, h, 64, 43690, 1, 83849, 393256, 31, 2775, 169, 786507
q2_new, d, -, 64, 43690, 1, 147861, 638492, 812, 87657, 43759, 1152670
q2_new, r, c, 64, 43690, 1, 84268, 393256, 28, 2766, 1380, 786507
q2_new, r, h, 64, 43690, 1, 83960, 393256, 36, 2790, 149, 786507
q2_new, d, -, 64, 43690, 1, 149101, 638492, 912, 87866, 43770, 1152670
q2_new, r, c, 64, 43690, 1, 84268, 393256, 36, 2787, 1381, 786507
q2_new, r, h, 64, 43690, 1, 83910, 393256, 62, 2729, 97, 786507
q2_new, d, -, 64, 43690, 1, 148636, 638492, 805, 87648, 43763, 1152670
q2_new, r, c, 64, 43690, 1, 84272, 393256, 31, 2769, 1379, 786507
q2_new, r, h, 64, 43690, 1, 83794, 393256, 32, 2774, 115, 786507
q2_new, d, -, 64, 43690, 1, 148653, 638492, 814, 87662, 43772, 1152670
q2_new, r, c, 64, 43690, 1, 84261, 393256, 35, 2781, 1377, 786507
q2_new, r, h, 64, 43690, 1, 83812, 393256, 32, 2778, 113, 786507
q2_new, d, -, 64, 43690, 1, 152080, 638492, 849, 87685, 43780, 1152671
q2_new, r, c, 64, 43690, 1, 84274, 393256, 29, 2766, 1377, 786507
q2_new, r, h, 64, 43690, 1, 84273, 393256, 210, 2811, 111, 786507
q2_new, d, -, 64, 43690, 1, 148518, 638491, 805, 87643, 43776, 1152669
q2_new, r, c, 64, 43690, 1, 84270, 393256, 30, 2770, 1381, 786507
q2_new, r, h, 64, 43690, 1, 83817, 393256, 32, 2774, 133, 786507
q2_new, d, -, 64, 43690, 1, 148492, 638492, 807, 87645, 43764, 1152670
q2_new, r, c, 64, 43690, 1, 84272, 393256, 30, 2768, 1379, 786507
q2_new, r, h, 64, 43690, 1, 86027, 393257, 44, 2804, 166, 786509
q2_new, d, -, 64, 43690, 1, 148374, 638492, 818, 87664, 43777, 1152670
q2_new, r, c, 64, 43690, 1, 84303, 393256, 35, 2784, 1380, 786507
q2_new, r, h, 64, 43690, 1, 83833, 393256, 34, 2782, 111, 786507
q2_new, d, -, 64, 43690, 1, 148639, 638491, 811, 87659, 43760, 1152669
q2_new, r, c, 64, 43690, 1, 84272, 393256, 33, 2778, 1379, 786507
q2_new, r, h, 64, 43690, 1, 83833, 393256, 31, 2773, 158, 786507
q2_new, d, -, 64, 43690, 1, 150414, 638493, 820, 87676, 43779, 1152673
q2_new, r, c, 64, 43690, 1, 84274, 393256, 38, 2783, 1378, 786507
q2_new, r, h, 64, 43690, 1, 83874, 393256, 32, 2780, 139, 786507
q2_new, d, -, 64, 43690, 1, 148558, 638492, 808, 87652, 43779, 1152670
q2_new, r, c, 128, 43690, 1, 84274, 393256, 31, 2774, 1380, 786507
q2_new, r, h, 128, 43690, 1, 83817, 393256, 31, 2772, 83, 786507
q2_new, d, -, 128, 43690, 1, 158842, 646897, 1545, 87755, 43779, 1166118
q2_new, r, c, 128, 43690, 1, 84271, 393256, 35, 2779, 1381, 786507
q2_new, r, h, 128, 43690, 1, 83833, 393256, 32, 2774, 96, 786507
q2_new, d, -, 128, 43690, 1, 158372, 646897, 1555, 87779, 43765, 1166118
q2_new, r, c, 128, 43690, 1, 84303, 393256, 28, 2766, 1379, 786507
q2_new, r, h, 128, 43690, 1, 83872, 393256, 32, 2710, 122, 786507
q2_new, d, -, 128, 43690, 1, 158572, 646897, 1555, 87777, 43771, 1166118
q2_new, r, c, 128, 43690, 1, 84271, 393256, 30, 2773, 1380, 786507
q2_new, r, h, 128, 43690, 1, 83891, 393256, 35, 2783, 131, 786507
q2_new, d, -, 128, 43690, 1, 158328, 646897, 1546, 87761, 43770, 1166118
q2_new, r, c, 128, 43690, 1, 84260, 393256, 28, 2762, 1379, 786507
q2_new, r, h, 128, 43690, 1, 84190, 393256, 161, 2791, 132, 786507
q2_new, d, -, 128, 43690, 1, 159104, 646897, 1546, 87758, 43784, 1166118
q2_new, r, c, 128, 43690, 1, 84273, 393256, 35, 2780, 1379, 786507
q2_new, r, h, 128, 43690, 1, 83791, 393256, 32, 2774, 112, 786507
q2_new, d, -, 128, 43690, 1, 158977, 646896, 1552, 87770, 43789, 1166117
q2_new, r, c, 128, 43690, 1, 84271, 393256, 33, 2779, 1381, 786507
q2_new, r, h, 128, 43690, 1, 83834, 393256, 35, 2784, 64, 786507
q2_new, d, -, 128, 43690, 1, 158898, 646896, 1555, 87781, 43776, 1166117
q2_new, r, c, 128, 43690, 1, 84272, 393256, 33, 2777, 1379, 786507
q2_new, r, h, 128, 43690, 1, 86168, 393256, 64, 2773, 114, 786508
q2_new, d, -, 128, 43690, 1, 158886, 646897, 1551, 87762, 43782, 1166118
q2_new, r, c, 128, 43690, 1, 84270, 393256, 34, 2779, 1381, 786507
q2_new, r, h, 128, 43690, 1, 83796, 393256, 36, 2722, 115, 786507
q2_new, d, -, 128, 43690, 1, 159147, 646896, 1549, 87768, 43772, 1166117
q2_new, r, c, 128, 43690, 1, 84282, 393256, 36, 2777, 1379, 786507
q2_new, r, h, 128, 43690, 1, 83813, 393256, 35, 2781, 82, 786507
q2_new, d, -, 128, 43690, 1, 159197, 646897, 1551, 87769, 43787, 1166118
q2_new, r, c, 128, 43690, 1, 84274, 393256, 33, 2769, 1377, 786507
q2_new, r, h, 128, 43690, 1, 83834, 393256, 33, 2776, 121, 786507
q2_new, d, -, 128, 43690, 1, 158378, 646897, 1552, 87778, 43758, 1166118
q2_new, r, c, 128, 43690, 1, 84277, 393256, 33, 2781, 1381, 786507
q2_new, r, h, 128, 43690, 1, 83870, 393256, 34, 2786, 77, 786507
q2_new, d, -, 128, 43690, 1, 158574, 646896, 1546, 87757, 43763, 1166117
q2_new, r, c, 128, 43690, 1, 86470, 393257, 48, 2805, 1380, 786509
q2_new, r, h, 128, 43690, 1, 83822, 393256, 36, 2782, 140, 786507
q2_new, d, -, 128, 43690, 1, 158880, 646896, 1553, 87773, 43782, 1166117
q2_new, r, c, 128, 43690, 1, 87008, 393256, 42, 2799, 1379, 786508
q2_new, r, h, 128, 43690, 1, 83923, 393256, 32, 2761, 110, 786507
q2_new, d, -, 128, 43690, 1, 158882, 646897, 1550, 87769, 43785, 1166118
q2_new, r, c, 128, 43690, 1, 84299, 393256, 35, 2788, 1380, 786507
q2_new, r, h, 128, 43690, 1, 83922, 393256, 33, 2782, 118, 786507
q2_new, d, -, 128, 43690, 1, 158791, 646897, 1558, 87784, 43790, 1166118
q2_new, r, c, 128, 43690, 1, 84276, 393256, 42, 2794, 1380, 786507
q2_new, r, h, 128, 43690, 1, 83813, 393256, 32, 2700, 105, 786507
q2_new, d, -, 128, 43690, 1, 158995, 646897, 1721, 88108, 43785, 1166118
q2_new, r, c, 128, 43690, 1, 84272, 393256, 36, 2779, 1379, 786507
q2_new, r, h, 128, 43690, 1, 83816, 393256, 33, 2727, 96, 786507
q2_new, d, -, 128, 43690, 1, 158441, 646897, 1556, 87777, 43773, 1166118
q2_new, r, c, 128, 43690, 1, 84267, 393256, 30, 2763, 1381, 786507
q2_new, r, h, 128, 43690, 1, 83871, 393256, 34, 2776, 195, 786507
q2_new, d, -, 128, 43690, 1, 157618, 646897, 1548, 87764, 43782, 1166118
q2_new, r, c, 128, 43690, 1, 84265, 393256, 34, 2775, 1378, 786507
q2_new, r, h, 128, 43690, 1, 83907, 393256, 32, 2721, 169, 786507
q2_new, d, -, 128, 43690, 1, 157559, 646897, 1552, 87771, 43781, 1166118
q2_new, r, c, 128, 43690, 1, 84272, 393256, 31, 2771, 1380, 786507
q2_new, r, h, 128, 43690, 1, 83867, 393256, 33, 2784, 100, 786507
q2_new, d, -, 128, 43690, 1, 158873, 646897, 1555, 87776, 43784, 1166118
q2_new, r, c, 128, 43690, 1, 84270, 393256, 32, 2776, 1381, 786507
q2_new, r, h, 128, 43690, 1, 86377, 393257, 130, 2793, 149, 786509
q2_new, d, -, 128, 43690, 1, 158638, 646897, 1552, 87778, 43779, 1166118
q2_new, r, c, 128, 43690, 1, 84279, 393256, 33, 2777, 1380, 786507
q2_new, r, h, 128, 43690, 1, 84198, 393256, 163, 2779, 115, 786507
q2_new, d, -, 128, 43690, 1, 164945, 646897, 1565, 87803, 43795, 1166119
q2_new, r, c, 128, 43690, 1, 84272, 393256, 31, 2772, 1380, 786507
q2_new, r, h, 128, 43690, 1, 83813, 393256, 30, 2771, 122, 786507
q2_new, d, -, 128, 43690, 1, 158944, 646896, 1545, 87756, 43781, 1166117
q2_new, r, c, 128, 43690, 1, 84269, 393256, 31, 2770, 1378, 786507
q2_new, r, h, 128, 43690, 1, 83818, 393256, 35, 2781, 105, 786507
q2_new, d, -, 128, 43690, 1, 158775, 646896, 1552, 87771, 43777, 1166117
q2_new, r, c, 128, 43690, 1, 84265, 393256, 33, 2778, 1380, 786507
q2_new, r, h, 128, 43690, 1, 86176, 393256, 47, 2809, 138, 786508
q2_new, d, -, 128, 43690, 1, 158823, 646896, 1558, 87786, 43782, 1166117
q2_new, r, c, 128, 43690, 1, 84285, 393256, 38, 2783, 1380, 786507
q2_new, r, h, 128, 43690, 1, 83813, 393256, 34, 2710, 91, 786507
q2_new, d, -, 128, 43690, 1, 158877, 646897, 1554, 87779, 43783, 1166118
q2_new, r, c, 128, 43690, 1, 84264, 393256, 32, 2774, 1378, 786507
q2_new, r, h, 128, 43690, 1, 86678, 393256, 46, 2822, 104, 786510
q2_new, d, -, 128, 43690, 1, 158658, 646897, 1552, 87773, 43775, 1166118
q2_new, r, c, 128, 43690, 1, 84264, 393256, 28, 2765, 1379, 786507
q2_new, r, h, 128, 43690, 1, 83905, 393256, 39, 2791, 110, 786507
q2_new, d, -, 128, 43690, 1, 158871, 646897, 1567, 87799, 43780, 1166118
q2_new, r, c, 128, 43690, 1, 84263, 393256, 31, 2772, 1380, 786507
q2_new, r, h, 128, 43690, 1, 83800, 393256, 38, 2786, 104, 786507
q2_new, d, -, 128, 43690, 1, 158980, 646897, 1550, 87768, 43791, 1166118
q2_new, r, c, 128, 43690, 1, 84276, 393256, 31, 2770, 1381, 786507
q2_new, r, h, 128, 43690, 1, 83819, 393256, 36, 2780, 107, 786507
q2_new, d, -, 128, 43690, 1, 158907, 646896, 1554, 87774, 43782, 1166117
q2_new, r, c, 256, 43690, 1, 84267, 393256, 30, 2773, 1379, 786507
q2_new, r, h, 256, 43690, 1, 83833, 393256, 37, 2741, 90, 786507
q2_new, d, -, 256, 43690, 1, 177971, 651076, 3094, 88119, 43784, 1172805
q2_new, r, c, 256, 43690, 1, 84270, 393256, 31, 2776, 1379, 786507
q2_new, r, h, 256, 43690, 1, 83833, 393256, 35, 2785, 96, 786507
q2_new, d, -, 256, 43690, 1, 177745, 651077, 3094, 88120, 43788, 1172806
q2_new, r, c, 256, 43690, 1, 84270, 393256, 32, 2775, 1379, 786507
q2_new, r, h, 256, 43690, 1, 83867, 393256, 33, 2774, 116, 786507
q2_new, d, -, 256, 43690, 1, 177803, 651077, 3079, 88086, 43790, 1172806
q2_new, r, c, 256, 43690, 1, 84283, 393256, 39, 2785, 1377, 786507
q2_new, r, h, 256, 43690, 1, 83841, 393256, 52, 2815, 84, 786507
q2_new, d, -, 256, 43690, 1, 178143, 651077, 3093, 88118, 43791, 1172806
q2_new, r, c, 256, 43690, 1, 84271, 393256, 35, 2779, 1380, 786507
q2_new, r, h, 256, 43690, 1, 83831, 393256, 33, 2776, 135, 786507
q2_new, d, -, 256, 43690, 1, 177905, 651076, 3093, 88116, 43791, 1172805
q2_new, r, c, 256, 43690, 1, 84282, 393256, 39, 2785, 1377, 786507
q2_new, r, h, 256, 43690, 1, 83797, 393256, 30, 2770, 112, 786507
q2_new, d, -, 256, 43690, 1, 177818, 651077, 3091, 88112, 43780, 1172806
q2_new, r, c, 256, 43690, 1, 84276, 393256, 35, 2781, 1378, 786507
q2_new, r, h, 256, 43690, 1, 83817, 393256, 36, 2781, 271, 786507
q2_new, d, -, 256, 43690, 1, 177897, 651076, 3097, 88133, 43823, 1172805
q2_new, r, c, 256, 43690, 1, 84269, 393256, 36, 2783, 1381, 786507
q2_new, r, h, 256, 43690, 1, 83863, 393256, 32, 2782, 100, 786507
q2_new, d, -, 256, 43690, 1, 177558, 651077, 3091, 88112, 43788, 1172806
q2_new, r, c, 256, 43690, 1, 84270, 393256, 31, 2772, 1378, 786507
q2_new, r, h, 256, 43690, 1, 83817, 393256, 36, 2745, 114, 786507
q2_new, d, -, 256, 43690, 1, 178856, 651077, 3101, 88135, 43794, 1172806
q2_new, r, c, 256, 43690, 1, 84273, 393256, 34, 2776, 1379, 786507
q2_new, r, h, 256, 43690, 1, 83881, 393256, 32, 2779, 103, 786507
q2_new, d, -, 256, 43690, 1, 178932, 651076, 3104, 88140, 43795, 1172805
q2_new, r, c, 256, 43690, 1, 84270, 393256, 33, 2779, 1380, 786507
q2_new, r, h, 256, 43690, 1, 83868, 393256, 36, 2791, 145, 786507
q2_new, d, -, 256, 43690, 1, 179961, 651077, 3108, 88148, 43794, 1172806
q2_new, r, c, 256, 43690, 1, 84272, 393256, 35, 2777, 1379, 786507
q2_new, r, h, 256, 43690, 1, 83814, 393256, 32, 2773, 111, 786507
q2_new, d, -, 256, 43690, 1, 177774, 651077, 3088, 88103, 43788, 1172806
q2_new, r, c, 256, 43690, 1, 84269, 393256, 33, 2771, 1378, 786507
q2_new, r, h, 256, 43690, 1, 83793, 393256, 31, 2708, 106, 786507
q2_new, d, -, 256, 43690, 1, 179000, 651077, 3119, 88168, 43784, 1172806
q2_new, r, c, 256, 43690, 1, 84268, 393256, 32, 2772, 1379, 786507
q2_new, r, h, 256, 43690, 1, 83803, 393256, 35, 2780, 86, 786507
q2_new, d, -, 256, 43690, 1, 178065, 651076, 3077, 88086, 43803, 1172805
q2_new, r, c, 256, 43690, 1, 84270, 393256, 35, 2778, 1378, 786507
q2_new, r, h, 256, 43690, 1, 83831, 393256, 31, 2771, 109, 786507
q2_new, d, -, 256, 43690, 1, 178336, 651077, 3094, 88120, 43814, 1172806
q2_new, r, c, 256, 43690, 1, 91179, 393256, 54, 2828, 1381, 786512
q2_new, r, h, 256, 43690, 1, 83803, 393256, 33, 2773, 102, 786507
q2_new, d, -, 256, 43690, 1, 178069, 651077, 3093, 88117, 43802, 1172806
q2_new, r, c, 256, 43690, 1, 84271, 393256, 33, 2775, 1379, 786507
q2_new, r, h, 256, 43690, 1, 83906, 393256, 35, 2753, 114, 786507
q2_new, d, -, 256, 43690, 1, 182298, 651078, 3104, 88144, 43790, 1172809
q2_new, r, c, 256, 43690, 1, 84270, 393256, 38, 2783, 1375, 786507
q2_new, r, h, 256, 43690, 1, 83796, 393256, 34, 2781, 116, 786507
q2_new, d, -, 256, 43690, 1, 177883, 651077, 3089, 88114, 43787, 1172806
q2_new, r, c, 256, 43690, 1, 84270, 393256, 34, 2777, 1379, 786507
q2_new, r, h, 256, 43690, 1, 83796, 393256, 34, 2777, 113, 786507
q2_new, d, -, 256, 43690, 1, 182532, 651078, 3110, 88160, 43799, 1172808
q2_new, r, c, 256, 43690, 1, 84262, 393256, 34, 2777, 1377, 786507
q2_new, r, h, 256, 43690, 1, 83870, 393256, 31, 2745, 128, 786507
q2_new, d, -, 256, 43690, 1, 178092, 651077, 3087, 88108, 43781, 1172806
q2_new, r, c, 256, 43690, 1, 84274, 393256, 30, 2774, 1379, 786507
q2_new, r, h, 256, 43690, 1, 83802, 393256, 34, 2780, 103, 786507
q2_new, d, -, 256, 43690, 1, 178069, 651077, 3082, 88093, 43790, 1172806
q2_new, r, c, 256, 43690, 1, 84266, 393256, 32, 2774, 1379, 786507
q2_new, r, h, 256, 43690, 1, 83803, 393256, 37, 2785, 113, 786507
q2_new, d, -, 256, 43690, 1, 178256, 651077, 3104, 88137, 43794, 1172806
q2_new, r, c, 256, 43690, 1, 84269, 393256, 31, 2765, 1379, 786507
q2_new, r, h, 256, 43690, 1, 83889, 393256, 37, 2785, 121, 786507
q2_new, d, -, 256, 43690, 1, 179071, 651077, 3085, 88099, 43787, 1172806
q2_new, r, c, 256, 43690, 1, 84271, 393256, 31, 2773, 1379, 786507
q2_new, r, h, 256, 43690, 1, 83838, 393256, 34, 2757, 90, 786507
q2_new, d, -, 256, 43690, 1, 178209, 651077, 3099, 88132, 43800, 1172806
q2_new, r, c, 256, 43690, 1, 84274, 393256, 35, 2779, 1378, 786507
q2_new, r, h, 256, 43690, 1, 83799, 393256, 33, 2731, 126, 786507
q2_new, d, -, 256, 43690, 1, 177773, 651077, 3087, 88102, 43783, 1172806
q2_new, r, c, 256, 43690, 1, 84272, 393256, 33, 2774, 1378, 786507
q2_new, r, h, 256, 43690, 1, 83883, 393256, 34, 2729, 95, 786507
q2_new, d, -, 256, 43690, 1, 177831, 651077, 3091, 88111, 43788, 1172806
q2_new, r, c, 256, 43690, 1, 84269, 393256, 31, 2773, 1379, 786507
q2_new, r, h, 256, 43690, 1, 83834, 393256, 34, 2764, 95, 786507
q2_new, d, -, 256, 43690, 1, 178065, 651077, 3093, 88121, 43794, 1172806
q2_new, r, c, 256, 43690, 1, 84268, 393256, 37, 2780, 1379, 786507
q2_new, r, h, 256, 43690, 1, 83827, 393256, 35, 2730, 110, 786507
q2_new, d, -, 256, 43690, 1, 178112, 651077, 3091, 88112, 43812, 1172806
q2_new, r, c, 256, 43690, 1, 84262, 393256, 31, 2770, 1379, 786507
q2_new, r, h, 256, 43690, 1, 83801, 393256, 33, 2774, 113, 786507
q2_new, d, -, 256, 43690, 1, 182615, 651078, 3104, 88156, 43792, 1172808
q2_new, r, c, 256, 43690, 1, 84277, 393256, 30, 2769, 1381, 786507
q2_new, r, h, 256, 43690, 1, 83904, 393256, 35, 2759, 142, 786507
q2_new, d, -, 256, 43690, 1, 177172, 651077, 3095, 88123, 43792, 1172806
q2_new, r, c, 512, 43690, 1, 84271, 393256, 34, 2775, 1378, 786507
q2_new, r, h, 512, 43690, 1, 83832, 393256, 35, 2777, 114, 786507
q2_new, d, -, 512, 43690, 1, 621872, 653275, 45109, 90238, 43794, 1176324
q2_new, r, c, 512, 43690, 1, 84316, 393256, 32, 2772, 1379, 786507
q2_new, r, h, 512, 43690, 1, 83935, 393256, 36, 2777, 297, 786507
q2_new, d, -, 512, 43690, 1, 622456, 653274, 44477, 88973, 43866, 1176322
q2_new, r, c, 512, 43690, 1, 84273, 393256, 36, 2779, 1379, 786507
q2_new, r, h, 512, 43690, 1, 83882, 393256, 32, 2699, 123, 786507
q2_new, d, -, 512, 43690, 1, 618025, 653274, 44475, 88961, 43813, 1176322
q2_new, r, c, 512, 43690, 1, 84278, 393256, 38, 2788, 1381, 786507
q2_new, r, h, 512, 43690, 1, 83808, 393256, 29, 2772, 117, 786507
q2_new, d, -, 512, 43690, 1, 618402, 653274, 44480, 88969, 43844, 1176322
q2_new, r, c, 512, 43690, 1, 84264, 393256, 32, 2772, 1379, 786507
q2_new, r, h, 512, 43690, 1, 83852, 393256, 34, 2777, 123, 786507
q2_new, d, -, 512, 43690, 1, 622284, 653275, 44860, 89730, 43802, 1176324
q2_new, r, c, 512, 43690, 1, 84266, 393256, 32, 2777, 1379, 786507
q2_new, r, h, 512, 43690, 1, 83885, 393256, 86, 2788, 114, 786507
q2_new, d, -, 512, 43690, 1, 621057, 653273, 45169, 90339, 43824, 1176321
q2_new, r, c, 512, 43690, 1, 84267, 393256, 34, 2772, 1378, 786507
q2_new, r, h, 512, 43690, 1, 83800, 393256, 32, 2773, 95, 786507
q2_new, d, -, 512, 43690, 1, 618418, 653273, 44821, 89651, 43791, 1176321
q2_new, r, c, 512, 43690, 1, 84274, 393256, 36, 2780, 1378, 786507
q2_new, r, h, 512, 43690, 1, 83816, 393256, 34, 2780, 116, 786507
q2_new, d, -, 512, 43690, 1, 618291, 653274, 44476, 88974, 43793, 1176322
q2_new, r, c, 512, 43690, 1, 84263, 393256, 30, 2771, 1379, 786507
q2_new, r, h, 512, 43690, 1, 83821, 393256, 37, 2785, 104, 786507
q2_new, d, -, 512, 43690, 1, 620884, 653273, 44830, 89671, 43822, 1176321
q2_new, r, c, 512, 43690, 1, 84274, 393256, 33, 2775, 1378, 786507
q2_new, r, h, 512, 43690, 1, 83872, 393256, 35, 2753, 102, 786507
q2_new, d, -, 512, 43690, 1, 617925, 653273, 44482, 88968, 43792, 1176321
q2_new, r, c, 512, 43690, 1, 84271, 393256, 36, 2778, 1377, 786507
q2_new, r, h, 512, 43690, 1, 83801, 393256, 37, 2782, 73, 786507
q2_new, d, -, 512, 43690, 1, 618692, 653273, 45195, 90394, 43806, 1176321
q2_new, r, c, 512, 43690, 1, 84267, 393256, 35, 2778, 1379, 786507
q2_new, r, h, 512, 43690, 1, 83845, 393256, 38, 2724, 90, 786507
q2_new, d, -, 512, 43690, 1, 618751, 653274, 44831, 89660, 43807, 1176322
q2_new, r, c, 512, 43690, 1, 84271, 393256, 34, 2781, 1381, 786507
q2_new, r, h, 512, 43690, 1, 83817, 393256, 32, 2777, 100, 786507
q2_new, d, -, 512, 43690, 1, 618167, 653273, 44854, 89708, 43785, 1176321
q2_new, r, c, 512, 43690, 1, 84263, 393256, 35, 2786, 1378, 786507
q2_new, r, h, 512, 43690, 1, 83833, 393256, 35, 2781, 100, 786507
q2_new, d, -, 512, 43690, 1, 621321, 653273, 45154, 90329, 43801, 1176321
q2_new, r, c, 512, 43690, 1, 84270, 393256, 29, 2772, 1379, 786507
q2_new, r, h, 512, 43690, 1, 83800, 393256, 38, 2785, 103, 786507
q2_new, d, -, 512, 43690, 1, 625402, 653274, 44475, 88955, 43815, 1176322
q2_new, r, c, 512, 43690, 1, 84288, 393256, 31, 2769, 1379, 786507
q2_new, r, h, 512, 43690, 1, 83974, 393256, 35, 2779, 522, 786507
q2_new, d, -, 512, 43690, 1, 619762, 653273, 45201, 90408, 43859, 1176321
q2_new, r, c, 512, 43690, 1, 84278, 393256, 35, 2782, 1380, 786507
q2_new, r, h, 512, 43690, 1, 83798, 393256, 36, 2755, 121, 786507
q2_new, d, -, 512, 43690, 1, 618635, 653273, 44482, 88973, 43812, 1176321
q2_new, r, c, 512, 43690, 1, 84276, 393256, 38, 2784, 1379, 786507
q2_new, r, h, 512, 43690, 1, 83795, 393256, 33, 2780, 115, 786507
q2_new, d, -, 512, 43690, 1, 618439, 653274, 45143, 90283, 43801, 1176322
q2_new, r, c, 512, 43690, 1, 84278, 393256, 38, 2784, 1379, 786507
q2_new, r, h, 512, 43690, 1, 84016, 393256, 93, 2731, 100, 786507
q2_new, d, -, 512, 43690, 1, 618545, 653274, 44466, 88927, 43802, 1176322
q2_new, r, c, 512, 43690, 1, 84273, 393256, 34, 2775, 1378, 786507
q2_new, r, h, 512, 43690, 1, 83812, 393256, 32, 2773, 101, 786507
q2_new, d, -, 512, 43690, 1, 618084, 653274, 44459, 88919, 43822, 1176322
q2_new, r, c, 512, 43690, 1, 84264, 393256, 31, 2764, 1377, 786507
q2_new, r, h, 512, 43690, 1, 83816, 393256, 33, 2721, 82, 786507
q2_new, d, -, 512, 43690, 1, 617942, 653275, 44481, 88975, 43795, 1176322
q2_new, r, c, 512, 43690, 1, 84268, 393256, 36, 2783, 1380, 786507
q2_new, r, h, 512, 43690, 1, 83906, 393256, 33, 2706, 92, 786507
q2_new, d, -, 512, 43690, 1, 618409, 653273, 45178, 90357, 43804, 1176323
q2_new, r, c, 512, 43690, 1, 84277, 393256, 37, 2785, 1381, 786507
q2_new, r, h, 512, 43690, 1, 83802, 393256, 37, 2789, 110, 786507
q2_new, d, -, 512, 43690, 1, 618021, 653273, 45040, 90086, 43786, 1176321
q2_new, r, c, 512, 43690, 1, 84268, 393256, 33, 2777, 1378, 786507
q2_new, r, h, 512, 43690, 1, 83811, 393256, 34, 2719, 110, 786507
q2_new, d, -, 512, 43690, 1, 618398, 653274, 45155, 90313, 43794, 1176322
q2_new, r, c, 512, 43690, 1, 84266, 393256, 33, 2772, 1378, 786507
q2_new, r, h, 512, 43690, 1, 83795, 393256, 33, 2774, 114, 786507
q2_new, d, -, 512, 43690, 1, 617932, 653274, 44856, 89721, 43816, 1176322
q2_new, r, c, 512, 43690, 1, 84267, 393256, 32, 2775, 1380, 786507
q2_new, r, h, 512, 43690, 1, 83880, 393256, 37, 2766, 111, 786507
q2_new, d, -, 512, 43690, 1, 618339, 653273, 45152, 90309, 43801, 1176321
q2_new, r, c, 512, 43690, 1, 84272, 393256, 33, 2774, 1378, 786507
q2_new, r, h, 512, 43690, 1, 83869, 393256, 29, 2767, 105, 786507
q2_new, d, -, 512, 43690, 1, 617881, 653273, 44475, 88959, 43801, 1176321
q2_new, r, c, 512, 43690, 1, 84269, 393256, 38, 2786, 1379, 786507
q2_new, r, h, 512, 43690, 1, 83792, 393256, 28, 2765, 106, 786507
q2_new, d, -, 512, 43690, 1, 618100, 653273, 44847, 89695, 43816, 1176321
q2_new, r, c, 512, 43690, 1, 84273, 393256, 38, 2785, 1379, 786507
q2_new, r, h, 512, 43690, 1, 83818, 393256, 36, 2781, 98, 786507
q2_new, d, -, 512, 43690, 1, 735896, 653274, 45172, 90374, 43890, 1176323
q2_new, r, c, 512, 43690, 1, 84285, 393256, 35, 2779, 1380, 786507
q2_new, r, h, 512, 43690, 1, 83817, 393256, 37, 2785, 134, 786507
q2_new, d, -, 512, 43690, 1, 618588, 653273, 45082, 90169, 43815, 1176321
q2_new, r, c, 1024, 43690, 1, 84268, 393256, 34, 2778, 1379, 786507
q2_new, r, h, 1024, 43690, 1, 83816, 393256, 33, 2776, 99, 786507
q2_new, d, -, 1024, 43690, 1, 630195, 654292, 45178, 90358, 43800, 1177953
q2_new, r, c, 1024, 43690, 1, 84263, 393256, 34, 2779, 1379, 786507
q2_new, r, h, 1024, 43690, 1, 83873, 393256, 32, 2702, 116, 786507
q2_new, d, -, 1024, 43690, 1, 630485, 654293, 45187, 90376, 43820, 1177953
q2_new, r, c, 1024, 43690, 1, 84279, 393256, 35, 2784, 1380, 786507
q2_new, r, h, 1024, 43690, 1, 83815, 393256, 35, 2775, 82, 786507
q2_new, d, -, 1024, 43690, 1, 630382, 654293, 45896, 91793, 43810, 1177954
q2_new, r, c, 1024, 43690, 1, 84276, 393256, 37, 2786, 1378, 786507
q2_new, r, h, 1024, 43690, 1, 83807, 393256, 32, 2778, 109, 786507
q2_new, d, -, 1024, 43690, 1, 629954, 654293, 45182, 90364, 43820, 1177953
q2_new, r, c, 1024, 43690, 1, 84263, 393256, 29, 2766, 1377, 786507
q2_new, r, h, 1024, 43690, 1, 83815, 393256, 35, 2754, 82, 786507
q2_new, d, -, 1024, 43690, 1, 632616, 654293, 46306, 92620, 43822, 1177953
q2_new, r, c, 1024, 43690, 1, 84273, 393256, 35, 2780, 1379, 786507
q2_new, r, h, 1024, 43690, 1, 83832, 393256, 31, 2771, 101, 786507
q2_new, d, -, 1024, 43690, 1, 630474, 654293, 46090, 92184, 43816, 1177953
q2_new, r, c, 1024, 43690, 1, 84273, 393256, 32, 2774, 1379, 786507
q2_new, r, h, 1024, 43690, 1, 83837, 393256, 36, 2722, 95, 786507
q2_new, d, -, 1024, 43690, 1, 632293, 654292, 45193, 90402, 43833, 1177952
q2_new, r, c, 1024, 43690, 1, 84270, 393256, 35, 2782, 1379, 786507
q2_new, r, h, 1024, 43690, 1, 83836, 393256, 36, 2781, 104, 786507
q2_new, d, -, 1024, 43690, 1, 632610, 654293, 45891, 91800, 43800, 1177953
q2_new, r, c, 1024, 43690, 1, 84268, 393256, 35, 2775, 1378, 786507
q2_new, r, h, 1024, 43690, 1, 83796, 393256, 36, 2778, 86, 786507
q2_new, d, -, 1024, 43690, 1, 637925, 654295, 45158, 90335, 43822, 1177956
q2_new, r, c, 1024, 43690, 1, 84262, 393256, 32, 2774, 1378, 786507
q2_new, r, h, 1024, 43690, 1, 83831, 393256, 32, 2727, 110, 786507
q2_new, d, -, 1024, 43690, 1, 630220, 654294, 45169, 90342, 43823, 1177954
q2_new, r, c, 1024, 43690, 1, 84272, 393256, 33, 2776, 1379, 786507
q2_new, r, h, 1024, 43690, 1, 83804, 393256, 36, 2783, 103, 786507
q2_new, d, -, 1024, 43690, 1, 630762, 654293, 46538, 93080, 43816, 1177953
q2_new, r, c, 1024, 43690, 1, 84269, 393256, 30, 2770, 1379, 786507
q2_new, r, h, 1024, 43690, 1, 83882, 393256, 35, 2761, 82, 786507
q2_new, d, -, 1024, 43690, 1, 630061, 654294, 45197, 90401, 43823, 1177955
q2_new, r, c, 1024, 43690, 1, 84274, 393256, 40, 2791, 1381, 786507
q2_new, r, h, 1024, 43690, 1, 83800, 393256, 34, 2763, 104, 786507
q2_new, d, -, 1024, 43690, 1, 630339, 654293, 45180, 90364, 43811, 1177953
q2_new, r, c, 1024, 43690, 1, 84268, 393256, 34, 2774, 1378, 786507
q2_new, r, h, 1024, 43690, 1, 83830, 393256, 38, 2786, 97, 786507
q2_new, d, -, 1024, 43690, 1, 633531, 654292, 46536, 93078, 43834, 1177952
q2_new, r, c, 1024, 43690, 1, 84271, 393256, 33, 2775, 1378, 786507
q2_new, r, h, 1024, 43690, 1, 83834, 393256, 34, 2776, 109, 786507
q2_new, d, -, 1024, 43690, 1, 630229, 654294, 45846, 91701, 43822, 1177955
q2_new, r, c, 1024, 43690, 1, 84267, 393256, 31, 2771, 1379, 786507
q2_new, r, h, 1024, 43690, 1, 83815, 393256, 31, 2773, 86, 786507
q2_new, d, -, 1024, 43690, 1, 634258, 654293, 45169, 90316, 43791, 1177954
q2_new, r, c, 1024, 43690, 1, 84278, 393256, 37, 2785, 1379, 786507
q2_new, r, h, 1024, 43690, 1, 87785, 393256, 44, 2801, 121, 786510
q2_new, d, -, 1024, 43690, 1, 634432, 654293, 45905, 91818, 43833, 1177953
q2_new, r, c, 1024, 43690, 1, 84275, 393256, 34, 2776, 1378, 786507
q2_new, r, h, 1024, 43690, 1, 83838, 393256, 34, 2778, 95, 786507
q2_new, d, -, 1024, 43690, 1, 629604, 654293, 45164, 90333, 43793, 1177953
q2_new, r, c, 1024, 43690, 1, 84270, 393256, 36, 2782, 1381, 786507
q2_new, r, h, 1024, 43690, 1, 83812, 393256, 40, 2731, 154, 786507
q2_new, d, -, 1024, 43690, 1, 632771, 654294, 46547, 93114, 43809, 1177954
q2_new, r, c, 1024, 43690, 1, 84311, 393256, 30, 2768, 1379, 786507
q2_new, r, h, 1024, 43690, 1, 84099, 393256, 159, 2767, 76, 786507
q2_new, d, -, 1024, 43690, 1, 630083, 654293, 45869, 91735, 43802, 1177953
q2_new, r, c, 1024, 43690, 1, 84268, 393256, 34, 2775, 1378, 786507
q2_new, r, h, 1024, 43690, 1, 83822, 393256, 33, 2777, 92, 786507
q2_new, d, -, 1024, 43690, 1, 630898, 654292, 45189, 90387, 43802, 1177953
q2_new, r, c, 1024, 43690, 1, 84275, 393256, 30, 2771, 1379, 786507
q2_new, r, h, 1024, 43690, 1, 83815, 393256, 32, 2777, 81, 786507
q2_new, d, -, 1024, 43690, 1, 630735, 654292, 45164, 90325, 43829, 1177952
q2_new, r, c, 1024, 43690, 1, 84271, 393256, 30, 2774, 1380, 786507
q2_new, r, h, 1024, 43690, 1, 83817, 393256, 34, 2785, 97, 786507
q2_new, d, -, 1024, 43690, 1, 631709, 654294, 45180, 90364, 43820, 1177954
q2_new, r, c, 1024, 43690, 1, 84278, 393256, 40, 2795, 1380, 786507
q2_new, r, h, 1024, 43690, 1, 83793, 393256, 33, 2778, 87, 786507
q2_new, d, -, 1024, 43690, 1, 630159, 654294, 45179, 90373, 43813, 1177954
q2_new, r, c, 1024, 43690, 1, 84270, 393256, 32, 2775, 1378, 786507
q2_new, r, h, 1024, 43690, 1, 83938, 393256, 60, 2777, 69, 786507
q2_new, d, -, 1024, 43690, 1, 630658, 654293, 46504, 93012, 43820, 1177953
q2_new, r, c, 1024, 43690, 1, 84266, 393256, 37, 2782, 1377, 786507
q2_new, r, h, 1024, 43690, 1, 83800, 393256, 34, 2778, 130, 786507
q2_new, d, -, 1024, 43690, 1, 632065, 654293, 45182, 90379, 43819, 1177953
q2_new, r, c, 1024, 43690, 1, 84272, 393256, 34, 2778, 1379, 786507
q2_new, r, h, 1024, 43690, 1, 83841, 393256, 33, 2779, 93, 786507
q2_new, d, -, 1024, 43690, 1, 630495, 654294, 46563, 93124, 43801, 1177954
q2_new, r, c, 1024, 43690, 1, 84269, 393256, 34, 2778, 1379, 786507
q2_new, r, h, 1024, 43690, 1, 83798, 393256, 36, 2732, 84, 786507
q2_new, d, -, 1024, 43690, 1, 632214, 654292, 45178, 90369, 43816, 1177952
q2_new, r, c, 1024, 43690, 1, 84303, 393256, 31, 2773, 1379, 786507
q2_new, r, h, 1024, 43690, 1, 84059, 393256, 141, 2753, 101, 786507
q2_new, d, -, 1024, 43690, 1, 632413, 654292, 45179, 90376, 43821, 1177954
q2_new, r, c, 1024, 43690, 1, 84268, 393256, 30, 2771, 1379, 786507
q2_new, r, h, 1024, 43690, 1, 83838, 393256, 36, 2781, 90, 786507
q2_new, d, -, 1024, 43690, 1, 630129, 654294, 45185, 90389, 43805, 1177954
q2_new, c, -, 16, 43690, 1, 120306, 503823, 162, 2825, 1382, 957483
q2_new, c, -, 16, 43690, 1, 122825, 503823, 175, 2845, 1382, 957484
q2_new, c, -, 16, 43690, 1, 120351, 503823, 160, 2822, 1380, 957483
q2_new, c, -, 16, 43690, 1, 120561, 503823, 153, 2805, 1382, 957483
q2_new, c, -, 16, 43690, 1, 122724, 503823, 183, 2861, 1382, 957484
q2_new, c, -, 16, 43690, 1, 120578, 503823, 194, 2875, 1381, 957483
q2_new, c, -, 16, 43690, 1, 120449, 503823, 157, 2814, 1382, 957483
q2_new, c, -, 16, 43690, 1, 120358, 503822, 158, 2813, 1382, 957482
q2_new, c, -, 16, 43690, 1, 120363, 503823, 158, 2816, 1381, 957483
q2_new, c, -, 16, 43690, 1, 122650, 503823, 173, 2822, 1375, 957484
q2_new, c, -, 16, 43690, 1, 120204, 503823, 156, 2816, 1381, 957483
q2_new, c, -, 16, 43690, 1, 120299, 503823, 165, 2830, 1382, 957483
q2_new, c, -, 16, 43690, 1, 122482, 503823, 159, 2822, 1379, 957485
q2_new, c, -, 16, 43690, 1, 120283, 503823, 157, 2810, 1382, 957483
q2_new, c, -, 16, 43690, 1, 120370, 503823, 158, 2820, 1382, 957483
q2_new, c, -, 16, 43690, 1, 120539, 503822, 166, 2814, 1376, 957482
q2_new, c, -, 16, 43690, 1, 120557, 503823, 172, 2822, 1381, 957483
q2_new, c, -, 16, 43690, 1, 122861, 503824, 169, 2834, 1382, 957486
q2_new, c, -, 16, 43690, 1, 120669, 503823, 156, 2798, 1381, 957483
q2_new, c, -, 16, 43690, 1, 122688, 503823, 177, 2838, 1379, 957484
q2_new, c, -, 16, 43690, 1, 120449, 503823, 154, 2804, 1381, 957483
q2_new, c, -, 16, 43690, 1, 120440, 503823, 158, 2817, 1383, 957483
q2_new, c, -, 16, 43690, 1, 122614, 503823, 190, 2879, 1380, 957485
q2_new, c, -, 16, 43690, 1, 120365, 503823, 153, 2808, 1385, 957483
q2_new, c, -, 16, 43690, 1, 120341, 503823, 165, 2830, 1381, 957483
q2_new, c, -, 16, 43690, 1, 120279, 503823, 156, 2817, 1384, 957483
q2_new, c, -, 16, 43690, 1, 122705, 503823, 172, 2830, 1381, 957484
q2_new, c, -, 16, 43690, 1, 123154, 503823, 178, 2833, 1383, 957485
q2_new, c, -, 16, 43690, 1, 120300, 503823, 149, 2805, 1380, 957483
q2_new, c, -, 16, 43690, 1, 122530, 503823, 163, 2826, 1380, 957484
q2_new, c, -, 32, 43690, 1, 120243, 503823, 154, 2800, 1383, 957483
q2_new, c, -, 32, 43690, 1, 120417, 503823, 151, 2799, 1379, 957483
q2_new, c, -, 32, 43690, 1, 120359, 503823, 153, 2805, 1382, 957483
q2_new, c, -, 32, 43690, 1, 122473, 503824, 169, 2864, 1380, 957485
q2_new, c, -, 32, 43690, 1, 120556, 503823, 169, 2822, 1381, 957483
q2_new, c, -, 32, 43690, 1, 120370, 503823, 157, 2816, 1382, 957483
q2_new, c, -, 32, 43690, 1, 120292, 503823, 156, 2812, 1381, 957483
q2_new, c, -, 32, 43690, 1, 122815, 503823, 158, 2815, 1381, 957484
q2_new, c, -, 32, 43690, 1, 120453, 503822, 160, 2810, 1380, 957482
q2_new, c, -, 32, 43690, 1, 120437, 503823, 175, 2845, 1378, 957483
q2_new, c, -, 32, 43690, 1, 123019, 503824, 172, 2823, 1381, 957486
q2_new, c, -, 32, 43690, 1, 120405, 503823, 173, 2836, 1380, 957483
q2_new, c, -, 32, 43690, 1, 120314, 503822, 155, 2794, 1379, 957482
q2_new, c, -, 32, 43690, 1, 120389, 503823, 162, 2814, 1379, 957483
q2_new, c, -, 32, 43690, 1, 120273, 503823, 152, 2811, 1381, 957483
q2_new, c, -, 32, 43690, 1, 122365, 503824, 168, 2834, 1379, 957486
q2_new, c, -, 32, 43690, 1, 120283, 503822, 164, 2822, 1380, 957482
q2_new, c, -, 32, 43690, 1, 120658, 503823, 189, 2858, 1381, 957483
q2_new, c, -, 32, 43690, 1, 120429, 503823, 156, 2816, 1383, 957483
q2_new, c, -, 32, 43690, 1, 120420, 503823, 162, 2829, 1384, 957483
q2_new, c, -, 32, 43690, 1, 120712, 503823, 183, 2822, 1380, 957483
q2_new, c, -, 32, 43690, 1, 122618, 503823, 166, 2832, 1381, 957485
q2_new, c, -, 32, 43690, 1, 123620, 503823, 176, 2831, 1381, 957484
q2_new, c, -, 32, 43690, 1, 120347, 503823, 155, 2807, 1381, 957483
q2_new, c, -, 32, 43690, 1, 120596, 503823, 176, 2858, 1383, 957483
q2_new, c, -, 32, 43690, 1, 120326, 503823, 164, 2828, 1382, 957483
q2_new, c, -, 32, 43690, 1, 122813, 503823, 160, 2814, 1380, 957486
q2_new, c, -, 32, 43690, 1, 120444, 503823, 178, 2850, 1383, 957483
q2_new, c, -, 32, 43690, 1, 120511, 503822, 161, 2822, 1380, 957482
q2_new, c, -, 32, 43690, 1, 122749, 503823, 171, 2817, 1379, 957484
q2_new, c, -, 64, 43690, 1, 120427, 503823, 162, 2816, 1381, 957483
q2_new, c, -, 64, 43690, 1, 122184, 503824, 190, 2871, 1381, 957486
q2_new, c, -, 64, 43690, 1, 120341, 503823, 162, 2825, 1380, 957483
q2_new, c, -, 64, 43690, 1, 120338, 503823, 154, 2806, 1380, 957483
q2_new, c, -, 64, 43690, 1, 120251, 503823, 151, 2804, 1381, 957483
q2_new, c, -, 64, 43690, 1, 120391, 503823, 167, 2825, 1382, 957483
q2_new, c, -, 64, 43690, 1, 120330, 503823, 150, 2801, 1379, 957483
q2_new, c, -, 64, 43690, 1, 120370, 503823, 158, 2811, 1380, 957483
q2_new, c, -, 64, 43690, 1, 120438, 503823, 168, 2840, 1381, 957483
q2_new, c, -, 64, 43690, 1, 120337, 503823, 151, 2798, 1382, 957483
q2_new, c, -, 64, 43690, 1, 120461, 503823, 153, 2804, 1380, 957483
q2_new, c, -, 64, 43690, 1, 120468, 503823, 173, 2862, 1382, 957483
q2_new, c, -, 64, 43690, 1, 120415, 503823, 158, 2816, 1379, 957483
q2_new, c, -, 64, 43690, 1, 120376, 503823, 155, 2802, 1375, 957483
q2_new, c, -, 64, 43690, 1, 120446, 503823, 169, 2823, 1381, 957483
q2_new, c, -, 64, 43690, 1, 120642, 503823, 196, 2858, 1381, 957483
q2_new, c, -, 64, 43690, 1, 120331, 503823, 168, 2847, 1382, 957483
q2_new, c, -, 64, 43690, 1, 120317, 503823, 155, 2810, 1381, 957483
q2_new, c, -, 64, 43690, 1, 123060, 503824, 177, 2847, 1380, 957485
q2_new, c, -, 64, 43690, 1, 120403, 503823, 157, 2814, 1380, 957483
q2_new, c, -, 64, 43690, 1, 120375, 503823, 151, 2809, 1380, 957483
q2_new, c, -, 64, 43690, 1, 120364, 503823, 161, 2817, 1379, 957483
q2_new, c, -, 64, 43690, 1, 120383, 503823, 170, 2834, 1382, 957483
q2_new, c, -, 64, 43690, 1, 120301, 503822, 147, 2789, 1380, 957482
q2_new, c, -, 64, 43690, 1, 120376, 503823, 163, 2830, 1382, 957483
q2_new, c, -, 64, 43690, 1, 120385, 503822, 154, 2798, 1378, 957482
q2_new, c, -, 64, 43690, 1, 120347, 503823, 156, 2818, 1381, 957483
q2_new, c, -, 64, 43690, 1, 120408, 503823, 160, 2814, 1383, 957483
q2_new, c, -, 64, 43690, 1, 120444, 503823, 157, 2819, 1382, 957483
q2_new, c, -, 64, 43690, 1, 120376, 503822, 153, 2803, 1379, 957482
q2_new, c, -, 128, 43690, 1, 120519, 503823, 178, 2850, 1381, 957483
q2_new, c, -, 128, 43690, 1, 125205, 503824, 165, 2832, 1380, 957485
q2_new, c, -, 128, 43690, 1, 120475, 503823, 157, 2810, 1380, 957483
q2_new, c, -, 128, 43690, 1, 120325, 503823, 157, 2813, 1383, 957483
q2_new, c, -, 128, 43690, 1, 120343, 503822, 165, 2829, 1380, 957482
q2_new, c, -, 128, 43690, 1, 120367, 503823, 150, 2800, 1381, 957483
q2_new, c, -, 128, 43690, 1, 120328, 503823, 157, 2815, 1380, 957483
q2_new, c, -, 128, 43690, 1, 120410, 503823, 151, 2806, 1381, 957483
q2_new, c, -, 128, 43690, 1, 120464, 503823, 174, 2830, 1381, 957483
q2_new, c, -, 128, 43690, 1, 120536, 503823, 177, 2850, 1379, 957483
q2_new, c, -, 128, 43690, 1, 122043, 503823, 168, 2837, 1376, 957484
q2_new, c, -, 128, 43690, 1, 120277, 503823, 153, 2810, 1382, 957483
q2_new, c, -, 128, 43690, 1, 120429, 503823, 160, 2815, 1375, 957483
q2_new, c, -, 128, 43690, 1, 120350, 503823, 162, 2820, 1380, 957483
q2_new, c, -, 128, 43690, 1, 120389, 503823, 160, 2830, 1381, 957483
q2_new, c, -, 128, 43690, 1, 120383, 503823, 159, 2819, 1380, 957483
q2_new, c, -, 128, 43690, 1, 120358, 503822, 163, 2825, 1380, 957482
q2_new, c, -, 128, 43690, 1, 120417, 503822, 181, 2857, 1376, 957482
q2_new, c, -, 128, 43690, 1, 120407, 503823, 174, 2825, 1381, 957483
q2_new, c, -, 128, 43690, 1, 120335, 503823, 157, 2809, 1381, 957483
q2_new, c, -, 128, 43690, 1, 120320, 503822, 150, 2795, 1380, 957482
q2_new, c, -, 128, 43690, 1, 120359, 503823, 151, 2798, 1380, 957483
q2_new, c, -, 128, 43690, 1, 120361, 503823, 149, 2798, 1379, 957483
q2_new, c, -, 128, 43690, 1, 120575, 503823, 165, 2798, 1379, 957483
q2_new, c, -, 128, 43690, 1, 120522, 503823, 165, 2824, 1381, 957483
q2_new, c, -, 128, 43690, 1, 120338, 503823, 158, 2812, 1380, 957483
q2_new, c, -, 128, 43690, 1, 120367, 503823, 155, 2802, 1379, 957483
q2_new, c, -, 128, 43690, 1, 120295, 503823, 154, 2807, 1380, 957483
q2_new, c, -, 128, 43690, 1, 120347, 503823, 148, 2794, 1379, 957483
q2_new, c, -, 128, 43690, 1, 120302, 503823, 171, 2836, 1380, 957483
q2_new, c, -, 256, 43690, 1, 120319, 503823, 155, 2806, 1376, 957483
q2_new, c, -, 256, 43690, 1, 120367, 503823, 155, 2814, 1378, 957483
q2_new, c, -, 256, 43690, 1, 120357, 503823, 159, 2816, 1380, 957483
q2_new, c, -, 256, 43690, 1, 120235, 503823, 160, 2825, 1380, 957483
q2_new, c, -, 256, 43690, 1, 120315, 503823, 156, 2807, 1379, 957483
q2_new, c, -, 256, 43690, 1, 120334, 503823, 164, 2827, 1380, 957483
q2_new, c, -, 256, 43690, 1, 120388, 503822, 159, 2811, 1378, 957482
q2_new, c, -, 256, 43690, 1, 120500, 503823, 169, 2829, 1381, 957483
q2_new, c, -, 256, 43690, 1, 120294, 503823, 167, 2828, 1380, 957483
q2_new, c, -, 256, 43690, 1, 120298, 503823, 160, 2805, 1374, 957483
q2_new, c, -, 256, 43690, 1, 120385, 503823, 165, 2822, 1380, 957483
q2_new, c, -, 256, 43690, 1, 120374, 503823, 164, 2824, 1380, 957483
q2_new, c, -, 256, 43690, 1, 120384, 503823, 154, 2807, 1380, 957483
q2_new, c, -, 256, 43690, 1, 120243, 503823, 156, 2809, 1380, 957483
q2_new, c, -, 256, 43690, 1, 120435, 503823, 161, 2816, 1380, 957483
q2_new, c, -, 256, 43690, 1, 123494, 503823, 188, 2846, 1379, 957485
q2_new, c, -, 256, 43690, 1, 120421, 503823, 156, 2816, 1380, 957483
q2_new, c, -, 256, 43690, 1, 120304, 503823, 148, 2788, 1379, 957483
q2_new, c, -, 256, 43690, 1, 120301, 503823, 158, 2810, 1379, 957483
q2_new, c, -, 256, 43690, 1, 120309, 503823, 176, 2872, 1381, 957483
q2_new, c, -, 256, 43690, 1, 120308, 503823, 156, 2809, 1380, 957483
q2_new, c, -, 256, 43690, 1, 120356, 503823, 167, 2829, 1378, 957483
q2_new, c, -, 256, 43690, 1, 120329, 503823, 156, 2814, 1382, 957483
q2_new, c, -, 256, 43690, 1, 120428, 503823, 174, 2846, 1380, 957483
q2_new, c, -, 256, 43690, 1, 122132, 503822, 174, 2834, 1385, 957484
q2_new, c, -, 256, 43690, 1, 120302, 503823, 154, 2812, 1383, 957483
q2_new, c, -, 256, 43690, 1, 123222, 503823, 176, 2851, 1381, 957484
q2_new, c, -, 256, 43690, 1, 120425, 503823, 155, 2808, 1381, 957483
q2_new, c, -, 256, 43690, 1, 120295, 503822, 162, 2818, 1379, 957482
q2_new, c, -, 256, 43690, 1, 120228, 503823, 155, 2815, 1380, 957483
q2_new, c, -, 512, 43690, 1, 120519, 503822, 178, 2833, 1379, 957482
q2_new, c, -, 512, 43690, 1, 120409, 503822, 153, 2817, 1379, 957482
q2_new, c, -, 512, 43690, 1, 120353, 503823, 159, 2814, 1380, 957483
q2_new, c, -, 512, 43690, 1, 120339, 503823, 163, 2821, 1379, 957483
q2_new, c, -, 512, 43690, 1, 120406, 503823, 161, 2825, 1381, 957483
q2_new, c, -, 512, 43690, 1, 120350, 503823, 154, 2817, 1384, 957483
q2_new, c, -, 512, 43690, 1, 120373, 503823, 158, 2821, 1380, 957483
q2_new, c, -, 512, 43690, 1, 120435, 503822, 173, 2843, 1379, 957482
q2_new, c, -, 512, 43690, 1, 120366, 503823, 168, 2829, 1380, 957483
q2_new, c, -, 512, 43690, 1, 120391, 503823, 151, 2799, 1378, 957483
q2_new, c, -, 512, 43690, 1, 120453, 503823, 164, 2827, 1381, 957483
q2_new, c, -, 512, 43690, 1, 120373, 503823, 163, 2823, 1380, 957483
q2_new, c, -, 512, 43690, 1, 120437, 503823, 165, 2829, 1381, 957483
q2_new, c, -, 512, 43690, 1, 120588, 503823, 179, 2856, 1381, 957483
q2_new, c, -, 512, 43690, 1, 120723, 503823, 176, 2841, 1379, 957483
q2_new, c, -, 512, 43690, 1, 123426, 503823, 201, 2876, 1382, 957484
q2_new, c, -, 512, 43690, 1, 120666, 503823, 186, 2864, 1379, 957483
q2_new, c, -, 512, 43690, 1, 120277, 503823, 154, 2803, 1379, 957483
q2_new, c, -, 512, 43690, 1, 120361, 503823, 160, 2830, 1382, 957483
q2_new, c, -, 512, 43690, 1, 120329, 503823, 164, 2828, 1382, 957483
q2_new, c, -, 512, 43690, 1, 120306, 503822, 157, 2817, 1382, 957482
q2_new, c, -, 512, 43690, 1, 120356, 503823, 150, 2797, 1379, 957483
q2_new, c, -, 512, 43690, 1, 120323, 503823, 148, 2800, 1379, 957483
q2_new, c, -, 512, 43690, 1, 120560, 503823, 172, 2837, 1382, 957483
q2_new, c, -, 512, 43690, 1, 120382, 503822, 161, 2824, 1380, 957482
q2_new, c, -, 512, 43690, 1, 125966, 503824, 168, 2839, 1381, 957485
q2_new, c, -, 512, 43690, 1, 120385, 503822, 150, 2801, 1380, 957482
q2_new, c, -, 512, 43690, 1, 120374, 503823, 170, 2841, 1381, 957483
q2_new, c, -, 512, 43690, 1, 120349, 503823, 167, 2833, 1379, 957483
q2_new, c, -, 512, 43690, 1, 120367, 503823, 168, 2836, 1381, 957483
q2_new, c, -, 1024, 43690, 1, 120322, 503823, 160, 2804, 1370, 957483
q2_new, c, -, 1024, 43690, 1, 120364, 503823, 158, 2816, 1379, 957483
q2_new, c, -, 1024, 43690, 1, 120448, 503823, 164, 2824, 1378, 957483
q2_new, c, -, 1024, 43690, 1, 120362, 503823, 170, 2832, 1377, 957483
q2_new, c, -, 1024, 43690, 1, 120430, 503823, 157, 2816, 1381, 957483
q2_new, c, -, 1024, 43690, 1, 120365, 503823, 162, 2820, 1379, 957483
q2_new, c, -, 1024, 43690, 1, 120350, 503823, 161, 2822, 1379, 957483
q2_new, c, -, 1024, 43690, 1, 120413, 503822, 156, 2813, 1380, 957482
q2_new, c, -, 1024, 43690, 1, 120397, 503823, 167, 2836, 1380, 957483
q2_new, c, -, 1024, 43690, 1, 120360, 503823, 164, 2826, 1379, 957483
q2_new, c, -, 1024, 43690, 1, 120204, 503823, 151, 2819, 1381, 957483
q2_new, c, -, 1024, 43690, 1, 120373, 503823, 151, 2799, 1381, 957483
q2_new, c, -, 1024, 43690, 1, 120374, 503822, 154, 2808, 1378, 957482
q2_new, c, -, 1024, 43690, 1, 120346, 503823, 161, 2821, 1379, 957483
q2_new, c, -, 1024, 43690, 1, 120355, 503823, 161, 2823, 1381, 957483
q2_new, c, -, 1024, 43690, 1, 120454, 503822, 174, 2849, 1380, 957482
q2_new, c, -, 1024, 43690, 1, 120330, 503823, 164, 2825, 1381, 957483
q2_new, c, -, 1024, 43690, 1, 120298, 503823, 160, 2822, 1381, 957483
q2_new, c, -, 1024, 43690, 1, 120370, 503823, 182, 2872, 1381, 957483
q2_new, c, -, 1024, 43690, 1, 120495, 503822, 181, 2855, 1384, 957482
q2_new, c, -, 1024, 43690, 1, 120300, 503823, 164, 2825, 1380, 957483
q2_new, c, -, 1024, 43690, 1, 120446, 503823, 161, 2824, 1380, 957483
q2_new, c, -, 1024, 43690, 1, 120427, 503823, 178, 2852, 1381, 957483
q2_new, c, -, 1024, 43690, 1, 120330, 503823, 153, 2805, 1380, 957483
q2_new, c, -, 1024, 43690, 1, 120436, 503823, 171, 2837, 1378, 957483
q2_new, c, -, 1024, 43690, 1, 120427, 503823, 165, 2828, 1380, 957483
q2_new, c, -, 1024, 43690, 1, 120276, 503823, 155, 2811, 1381, 957483
q2_new, c, -, 1024, 43690, 1, 120392, 503823, 172, 2846, 1380, 957483
q2_new, c, -, 1024, 43690, 1, 120447, 503823, 172, 2838, 1383, 957483
q2_new, c, -, 1024, 43690, 1, 120387, 503822, 171, 2840, 1378, 957482