bench, mem, row_size, row_count, col_width, access, hashing 
qjoin, r, 16, 32768, 4, 795820, 3348985
qjoin, d, 16, 32768, 4, 876005, 3343608
qjoin, r, 16, 32768, 4, 787766, 3386742
qjoin, d, 16, 32768, 4, 881687, 3399719
qjoin, r, 16, 32768, 4, 787051, 3357851
qjoin, d, 16, 32768, 4, 875822, 3346872
qjoin, r, 16, 32768, 4, 786205, 3350563
qjoin, d, 16, 32768, 4, 875318, 3345422
qjoin, r, 16, 32768, 4, 789361, 3350027
qjoin, d, 16, 32768, 4, 877880, 3331374
qjoin, r, 16, 32768, 4, 787866, 3354559
qjoin, d, 16, 32768, 4, 875448, 3335402
qjoin, r, 16, 32768, 4, 785937, 3346391
qjoin, d, 16, 32768, 4, 874183, 3327541
qjoin, r, 16, 32768, 4, 786973, 3350197
qjoin, d, 16, 32768, 4, 877336, 3332825
qjoin, r, 16, 32768, 4, 791837, 3348855
qjoin, d, 16, 32768, 4, 878252, 3336730
qjoin, r, 16, 32768, 4, 788998, 3358681
qjoin, d, 16, 32768, 4, 877813, 3335539
qjoin, r, 16, 32768, 4, 787517, 3350982
qjoin, d, 16, 32768, 4, 876954, 3341146
qjoin, r, 16, 32768, 4, 787880, 3349100
qjoin, d, 16, 32768, 4, 876630, 3332890
qjoin, r, 16, 32768, 4, 787993, 3357189
qjoin, d, 16, 32768, 4, 874400, 3335346
qjoin, r, 16, 32768, 4, 787636, 3346469
qjoin, d, 16, 32768, 4, 875714, 3335580
qjoin, r, 16, 32768, 4, 785943, 3357344
qjoin, d, 16, 32768, 4, 883640, 3406880
qjoin, r, 16, 32768, 4, 789451, 3347596
qjoin, d, 16, 32768, 4, 877432, 3331237
qjoin, r, 16, 32768, 4, 786923, 3361422
qjoin, d, 16, 32768, 4, 874620, 3336418
qjoin, r, 16, 32768, 4, 787994, 3350930
qjoin, d, 16, 32768, 4, 876751, 3332472
qjoin, r, 16, 32768, 4, 786994, 3334558
qjoin, d, 16, 32768, 4, 878714, 3333730
qjoin, r, 16, 32768, 4, 787046, 3357313
qjoin, d, 16, 32768, 4, 879464, 3344162
qjoin, r, 16, 32768, 4, 788069, 3350667
qjoin, d, 16, 32768, 4, 870300, 3336095
qjoin, r, 16, 32768, 4, 798627, 3347804
qjoin, d, 16, 32768, 4, 882483, 3321619
qjoin, r, 16, 32768, 4, 784102, 3368798
qjoin, d, 16, 32768, 4, 877806, 3348259
qjoin, r, 16, 32768, 4, 790891, 3357426
qjoin, d, 16, 32768, 4, 875916, 3327832
qjoin, r, 16, 32768, 4, 786192, 3365849
qjoin, d, 16, 32768, 4, 876545, 3337837
qjoin, r, 16, 32768, 4, 787795, 3347622
qjoin, d, 16, 32768, 4, 879051, 3332707
qjoin, r, 16, 32768, 4, 789726, 3375792
qjoin, d, 16, 32768, 4, 873244, 3336424
qjoin, r, 16, 32768, 4, 788048, 3349023
qjoin, d, 16, 32768, 4, 877636, 3323985
qjoin, r, 16, 32768, 4, 788033, 3342784
qjoin, d, 16, 32768, 4, 873234, 3323068
qjoin, r, 16, 32768, 4, 786798, 3359655
qjoin, d, 16, 32768, 4, 873961, 3343791
qjoin, r, 32, 32768, 4, 788972, 3345998
qjoin, d, 32, 32768, 4, 1098314, 3375201
qjoin, r, 32, 32768, 4, 785234, 3369158
qjoin, d, 32, 32768, 4, 1100238, 3436739
qjoin, r, 32, 32768, 4, 787400, 3351351
qjoin, d, 32, 32768, 4, 1101564, 3353176
qjoin, r, 32, 32768, 4, 788794, 3350202
qjoin, d, 32, 32768, 4, 1097538, 3371547
qjoin, r, 32, 32768, 4, 788033, 3345923
qjoin, d, 32, 32768, 4, 1092509, 3365017
qjoin, r, 32, 32768, 4, 788359, 3356476
qjoin, d, 32, 32768, 4, 1097129, 3375762
qjoin, r, 32, 32768, 4, 789183, 3349516
qjoin, d, 32, 32768, 4, 1097568, 3372171
qjoin, r, 32, 32768, 4, 788701, 3352424
qjoin, d, 32, 32768, 4, 1099128, 3372827
qjoin, r, 32, 32768, 4, 788163, 3352702
qjoin, d, 32, 32768, 4, 1094865, 3366035
qjoin, r, 32, 32768, 4, 790976, 3344920
qjoin, d, 32, 32768, 4, 1097208, 3369263
qjoin, r, 32, 32768, 4, 789688, 3370221
qjoin, d, 32, 32768, 4, 1098179, 3420676
qjoin, r, 32, 32768, 4, 788243, 3346202
qjoin, d, 32, 32768, 4, 1096912, 3366737
qjoin, r, 32, 32768, 4, 788342, 3360680
qjoin, d, 32, 32768, 4, 1094804, 3418182
qjoin, r, 32, 32768, 4, 787298, 3363987
qjoin, d, 32, 32768, 4, 1088964, 3437141
qjoin, r, 32, 32768, 4, 791992, 3371755
qjoin, d, 32, 32768, 4, 1098319, 3421312
qjoin, r, 32, 32768, 4, 785042, 3355209
qjoin, d, 32, 32768, 4, 1098487, 3363080
qjoin, r, 32, 32768, 4, 787393, 3356847
qjoin, d, 32, 32768, 4, 1090371, 3431855
qjoin, r, 32, 32768, 4, 791729, 3352261
qjoin, d, 32, 32768, 4, 1094427, 3368482
qjoin, r, 32, 32768, 4, 782517, 3369686
qjoin, d, 32, 32768, 4, 1097328, 3369254
qjoin, r, 32, 32768, 4, 788757, 3343908
qjoin, d, 32, 32768, 4, 1095522, 3366533
qjoin, r, 32, 32768, 4, 782137, 3368034
qjoin, d, 32, 32768, 4, 1088598, 3374254
qjoin, r, 32, 32768, 4, 787328, 3342587
qjoin, d, 32, 32768, 4, 1099827, 3372042
qjoin, r, 32, 32768, 4, 783350, 3352433
qjoin, d, 32, 32768, 4, 1104662, 3370730
qjoin, r, 32, 32768, 4, 791219, 3348038
qjoin, d, 32, 32768, 4, 1096930, 3361664
qjoin, r, 32, 32768, 4, 786138, 3351542
qjoin, d, 32, 32768, 4, 1092490, 3360715
qjoin, r, 32, 32768, 4, 785705, 3358888
qjoin, d, 32, 32768, 4, 1095800, 3373210
qjoin, r, 32, 32768, 4, 789296, 3371577
qjoin, d, 32, 32768, 4, 1098924, 3416382
qjoin, r, 32, 32768, 4, 785876, 3346771
qjoin, d, 32, 32768, 4, 1098691, 3370815
qjoin, r, 32, 32768, 4, 789155, 3358785
qjoin, d, 32, 32768, 4, 1097102, 3366172
qjoin, r, 32, 32768, 4, 787154, 3360404
qjoin, d, 32, 32768, 4, 1094531, 3356120
qjoin, r, 48, 32768, 4, 786277, 3353322
qjoin, d, 48, 32768, 4, 1131396, 3370574
qjoin, r, 48, 32768, 4, 790417, 3361377
qjoin, d, 48, 32768, 4, 1133202, 3415332
qjoin, r, 48, 32768, 4, 794403, 3348144
qjoin, d, 48, 32768, 4, 1137526, 3358982
qjoin, r, 48, 32768, 4, 790298, 3351562
qjoin, d, 48, 32768, 4, 1128872, 3366972
qjoin, r, 48, 32768, 4, 790565, 3362142
qjoin, d, 48, 32768, 4, 1130495, 3375967
qjoin, r, 48, 32768, 4, 786381, 3357443
qjoin, d, 48, 32768, 4, 1130532, 3357436
qjoin, r, 48, 32768, 4, 788719, 3352084
qjoin, d, 48, 32768, 4, 1131731, 3362788
qjoin, r, 48, 32768, 4, 786198, 3359864
qjoin, d, 48, 32768, 4, 1127354, 3358977
qjoin, r, 48, 32768, 4, 786065, 3350394
qjoin, d, 48, 32768, 4, 1122997, 3366317
qjoin, r, 48, 32768, 4, 786593, 3362851
qjoin, d, 48, 32768, 4, 1134694, 3374385
qjoin, r, 48, 32768, 4, 794701, 3347022
qjoin, d, 48, 32768, 4, 1137470, 3356604
qjoin, r, 48, 32768, 4, 790599, 3339133
qjoin, d, 48, 32768, 4, 1134626, 3358137
qjoin, r, 48, 32768, 4, 787415, 3347167
qjoin, d, 48, 32768, 4, 1123752, 3379436
qjoin, r, 48, 32768, 4, 787035, 3355279
qjoin, d, 48, 32768, 4, 1132823, 3364203
qjoin, r, 48, 32768, 4, 789080, 3346044
qjoin, d, 48, 32768, 4, 1128069, 3362939
qjoin, r, 48, 32768, 4, 787230, 3344630
qjoin, d, 48, 32768, 4, 1126070, 3372683
qjoin, r, 48, 32768, 4, 786489, 3342966
qjoin, d, 48, 32768, 4, 1127794, 3371867
qjoin, r, 48, 32768, 4, 800875, 3355329
qjoin, d, 48, 32768, 4, 1127444, 3377125
qjoin, r, 48, 32768, 4, 796666, 3344280
qjoin, d, 48, 32768, 4, 1137740, 3362034
qjoin, r, 48, 32768, 4, 789661, 3352335
qjoin, d, 48, 32768, 4, 1130739, 3377238
qjoin, r, 48, 32768, 4, 787348, 3348993
qjoin, d, 48, 32768, 4, 1129835, 3383161
qjoin, r, 48, 32768, 4, 786779, 3351242
qjoin, d, 48, 32768, 4, 1129797, 3366511
qjoin, r, 48, 32768, 4, 787059, 3351841
qjoin, d, 48, 32768, 4, 1131706, 3367819
qjoin, r, 48, 32768, 4, 788956, 3353109
qjoin, d, 48, 32768, 4, 1128977, 3363595
qjoin, r, 48, 32768, 4, 786004, 3351413
qjoin, d, 48, 32768, 4, 1131400, 3362596
qjoin, r, 48, 32768, 4, 785541, 3345708
qjoin, d, 48, 32768, 4, 1136329, 3370871
qjoin, r, 48, 32768, 4, 786688, 3355556
qjoin, d, 48, 32768, 4, 1129733, 3367407
qjoin, r, 48, 32768, 4, 787433, 3353679
qjoin, d, 48, 32768, 4, 1130209, 3369471
qjoin, r, 48, 32768, 4, 787966, 3347527
qjoin, d, 48, 32768, 4, 1125181, 3376324
qjoin, r, 48, 32768, 4, 791896, 3370859
qjoin, d, 48, 32768, 4, 1134619, 3422384
qjoin, r, 64, 32768, 4, 788461, 3350682
qjoin, d, 64, 32768, 4, 1337642, 3391179
qjoin, r, 64, 32768, 4, 785785, 3351886
qjoin, d, 64, 32768, 4, 1338464, 3363581
qjoin, r, 64, 32768, 4, 791581, 3358603
qjoin, d, 64, 32768, 4, 1336307, 3375318
qjoin, r, 64, 32768, 4, 790978, 3343209
qjoin, d, 64, 32768, 4, 1334963, 3384129
qjoin, r, 64, 32768, 4, 785918, 3354978
qjoin, d, 64, 32768, 4, 1338787, 3362383
qjoin, r, 64, 32768, 4, 786989, 3356985
qjoin, d, 64, 32768, 4, 1334437, 3371439
qjoin, r, 64, 32768, 4, 787704, 3360029
qjoin, d, 64, 32768, 4, 1347910, 3379204
qjoin, r, 64, 32768, 4, 788601, 3362189
qjoin, d, 64, 32768, 4, 1347546, 3386492
qjoin, r, 64, 32768, 4, 789446, 3350269
qjoin, d, 64, 32768, 4, 1331730, 3366930
qjoin, r, 64, 32768, 4, 786418, 3347103
qjoin, d, 64, 32768, 4, 1347185, 3371749
qjoin, r, 64, 32768, 4, 786336, 3345592
qjoin, d, 64, 32768, 4, 1342330, 3365319
qjoin, r, 64, 32768, 4, 792830, 3352718
qjoin, d, 64, 32768, 4, 1328477, 3386391
qjoin, r, 64, 32768, 4, 786385, 3349404
qjoin, d, 64, 32768, 4, 1332876, 3386646
qjoin, r, 64, 32768, 4, 786667, 3362731
qjoin, d, 64, 32768, 4, 1338776, 3457026
qjoin, r, 64, 32768, 4, 789569, 3348053
qjoin, d, 64, 32768, 4, 1341351, 3368467
qjoin, r, 64, 32768, 4, 788811, 3345106
qjoin, d, 64, 32768, 4, 1341391, 3378852
qjoin, r, 64, 32768, 4, 788356, 3353650
qjoin, d, 64, 32768, 4, 1334032, 3373639
qjoin, r, 64, 32768, 4, 784751, 3349413
qjoin, d, 64, 32768, 4, 1341409, 3368721
qjoin, r, 64, 32768, 4, 785879, 3353512
qjoin, d, 64, 32768, 4, 1335788, 3367897
qjoin, r, 64, 32768, 4, 789050, 3343105
qjoin, d, 64, 32768, 4, 1329969, 3378036
qjoin, r, 64, 32768, 4, 785020, 3345188
qjoin, d, 64, 32768, 4, 1331341, 3377822
qjoin, r, 64, 32768, 4, 787450, 3348770
qjoin, d, 64, 32768, 4, 1333125, 3366731
qjoin, r, 64, 32768, 4, 786426, 3365604
qjoin, d, 64, 32768, 4, 1345512, 3448682
qjoin, r, 64, 32768, 4, 788131, 3359329
qjoin, d, 64, 32768, 4, 1351016, 3365501
qjoin, r, 64, 32768, 4, 786590, 3345280
qjoin, d, 64, 32768, 4, 1335190, 3367018
qjoin, r, 64, 32768, 4, 786752, 3380289
qjoin, d, 64, 32768, 4, 1332543, 3385103
qjoin, r, 64, 32768, 4, 788552, 3352191
qjoin, d, 64, 32768, 4, 1347627, 3373581
qjoin, r, 64, 32768, 4, 785757, 3357358
qjoin, d, 64, 32768, 4, 1350726, 3375154
qjoin, r, 64, 32768, 4, 785508, 3354983
qjoin, d, 64, 32768, 4, 1337718, 3380091
qjoin, r, 64, 32768, 4, 782574, 3355921
qjoin, d, 64, 32768, 4, 1336515, 3397742
qjoin, r, 80, 32768, 4, 786238, 3351963
qjoin, d, 80, 32768, 4, 1457648, 3386537
qjoin, r, 80, 32768, 4, 782885, 3368490
qjoin, d, 80, 32768, 4, 1461168, 3437299
qjoin, r, 80, 32768, 4, 784519, 3351401
qjoin, d, 80, 32768, 4, 1472113, 3388785
qjoin, r, 80, 32768, 4, 790958, 3361648
qjoin, d, 80, 32768, 4, 1465525, 3465195
qjoin, r, 80, 32768, 4, 787475, 3340711
qjoin, d, 80, 32768, 4, 1463875, 3380079
qjoin, r, 80, 32768, 4, 786627, 3358611
qjoin, d, 80, 32768, 4, 1466193, 3472417
qjoin, r, 80, 32768, 4, 784561, 3354529
qjoin, d, 80, 32768, 4, 1460119, 3391984
qjoin, r, 80, 32768, 4, 787166, 3363590
qjoin, d, 80, 32768, 4, 1463063, 3463496
qjoin, r, 80, 32768, 4, 788632, 3366541
qjoin, d, 80, 32768, 4, 1467813, 3460775
qjoin, r, 80, 32768, 4, 791752, 3352184
qjoin, d, 80, 32768, 4, 1462122, 3379357
qjoin, r, 80, 32768, 4, 787662, 3348312
qjoin, d, 80, 32768, 4, 1465178, 3391732
qjoin, r, 80, 32768, 4, 787040, 3348740
qjoin, d, 80, 32768, 4, 1466939, 3379928
qjoin, r, 80, 32768, 4, 786995, 3356465
qjoin, d, 80, 32768, 4, 1463738, 3392805
qjoin, r, 80, 32768, 4, 786852, 3345521
qjoin, d, 80, 32768, 4, 1458221, 3376162
qjoin, r, 80, 32768, 4, 788278, 3347497
qjoin, d, 80, 32768, 4, 1459847, 3380329
qjoin, r, 80, 32768, 4, 785521, 3371981
qjoin, d, 80, 32768, 4, 1459277, 3392053
qjoin, r, 80, 32768, 4, 785513, 3350776
qjoin, d, 80, 32768, 4, 1466546, 3381512
qjoin, r, 80, 32768, 4, 783826, 3363592
qjoin, d, 80, 32768, 4, 1464443, 3402377
qjoin, r, 80, 32768, 4, 788745, 3364311
qjoin, d, 80, 32768, 4, 1460744, 3402524
qjoin, r, 80, 32768, 4, 788054, 3353230
qjoin, d, 80, 32768, 4, 1462852, 3376452
qjoin, r, 80, 32768, 4, 788270, 3350425
qjoin, d, 80, 32768, 4, 1463534, 3385338
qjoin, r, 80, 32768, 4, 788805, 3361892
qjoin, d, 80, 32768, 4, 1468835, 3379334
qjoin, r, 80, 32768, 4, 786125, 3352584
qjoin, d, 80, 32768, 4, 1462965, 3384169
qjoin, r, 80, 32768, 4, 787308, 3374562
qjoin, d, 80, 32768, 4, 1465214, 3385294
qjoin, r, 80, 32768, 4, 786770, 3359218
qjoin, d, 80, 32768, 4, 1457168, 3378250
qjoin, r, 80, 32768, 4, 790818, 3338967
qjoin, d, 80, 32768, 4, 1456629, 3388492
qjoin, r, 80, 32768, 4, 784738, 3350192
qjoin, d, 80, 32768, 4, 1460111, 3382104
qjoin, r, 80, 32768, 4, 787498, 3353988
qjoin, d, 80, 32768, 4, 1456446, 3393992
qjoin, r, 80, 32768, 4, 799292, 3351775
qjoin, d, 80, 32768, 4, 1467703, 3390130
qjoin, r, 80, 32768, 4, 789491, 3358113
qjoin, d, 80, 32768, 4, 1460196, 3386906
qjoin, r, 96, 32768, 4, 787449, 3339604
qjoin, d, 96, 32768, 4, 1473757, 3391452
qjoin, r, 96, 32768, 4, 785864, 3359704
qjoin, d, 96, 32768, 4, 1474300, 3386050
qjoin, r, 96, 32768, 4, 784612, 3357721
qjoin, d, 96, 32768, 4, 1472979, 3411085
qjoin, r, 96, 32768, 4, 787165, 3361242
qjoin, d, 96, 32768, 4, 1471953, 3403758
qjoin, r, 96, 32768, 4, 787999, 3346506
qjoin, d, 96, 32768, 4, 1477076, 3398375
qjoin, r, 96, 32768, 4, 789426, 3352333
qjoin, d, 96, 32768, 4, 1471691, 3394020
qjoin, r, 96, 32768, 4, 787306, 3341524
qjoin, d, 96, 32768, 4, 1477898, 3378567
qjoin, r, 96, 32768, 4, 785468, 3351820
qjoin, d, 96, 32768, 4, 1470564, 3397752
qjoin, r, 96, 32768, 4, 785838, 3360135
qjoin, d, 96, 32768, 4, 1471307, 3410492
qjoin, r, 96, 32768, 4, 783581, 3366450
qjoin, d, 96, 32768, 4, 1467327, 3401220
qjoin, r, 96, 32768, 4, 793285, 3365035
qjoin, d, 96, 32768, 4, 1474987, 3403328
qjoin, r, 96, 32768, 4, 798404, 3350762
qjoin, d, 96, 32768, 4, 1480890, 3376913
qjoin, r, 96, 32768, 4, 786810, 3392100
qjoin, d, 96, 32768, 4, 1476324, 3447988
qjoin, r, 96, 32768, 4, 788144, 3341658
qjoin, d, 96, 32768, 4, 1474373, 3379651
qjoin, r, 96, 32768, 4, 784732, 3353867
qjoin, d, 96, 32768, 4, 1470295, 3388458
qjoin, r, 96, 32768, 4, 787468, 3359882
qjoin, d, 96, 32768, 4, 1471247, 3397148
qjoin, r, 96, 32768, 4, 789838, 3369535
qjoin, d, 96, 32768, 4, 1477554, 3450599
qjoin, r, 96, 32768, 4, 789851, 3349938
qjoin, d, 96, 32768, 4, 1472947, 3405704
qjoin, r, 96, 32768, 4, 796025, 3349296
qjoin, d, 96, 32768, 4, 1473275, 3391980
qjoin, r, 96, 32768, 4, 786905, 3350178
qjoin, d, 96, 32768, 4, 1472710, 3398596
qjoin, r, 96, 32768, 4, 787145, 3347002
qjoin, d, 96, 32768, 4, 1471154, 3385459
qjoin, r, 96, 32768, 4, 783959, 3356279
qjoin, d, 96, 32768, 4, 1474464, 3403412
qjoin, r, 96, 32768, 4, 786687, 3356834
qjoin, d, 96, 32768, 4, 1474050, 3400952
qjoin, r, 96, 32768, 4, 793370, 3371544
qjoin, d, 96, 32768, 4, 1475846, 3466307
qjoin, r, 96, 32768, 4, 787407, 3352251
qjoin, d, 96, 32768, 4, 1471154, 3387223
qjoin, r, 96, 32768, 4, 786838, 3346466
qjoin, d, 96, 32768, 4, 1474771, 3380790
qjoin, r, 96, 32768, 4, 788915, 3357609
qjoin, d, 96, 32768, 4, 1466857, 3393334
qjoin, r, 96, 32768, 4, 788230, 3352930
qjoin, d, 96, 32768, 4, 1474362, 3389030
qjoin, r, 96, 32768, 4, 785868, 3356317
qjoin, d, 96, 32768, 4, 1468886, 3398755
qjoin, r, 96, 32768, 4, 785898, 3352453
qjoin, d, 96, 32768, 4, 1473755, 3393060
qjoin, r, 112, 32768, 4, 784625, 3348990
qjoin, d, 112, 32768, 4, 1331005, 3375115
qjoin, r, 112, 32768, 4, 785166, 3348175
qjoin, d, 112, 32768, 4, 1322552, 3378416
qjoin, r, 112, 32768, 4, 792318, 3363603
qjoin, d, 112, 32768, 4, 1334408, 3393236
qjoin, r, 112, 32768, 4, 785335, 3345958
qjoin, d, 112, 32768, 4, 1322805, 3377543
qjoin, r, 112, 32768, 4, 785811, 3359032
qjoin, d, 112, 32768, 4, 1323684, 3380984
qjoin, r, 112, 32768, 4, 784346, 3353870
qjoin, d, 112, 32768, 4, 1324667, 3385547
qjoin, r, 112, 32768, 4, 787116, 3346503
qjoin, d, 112, 32768, 4, 1326184, 3378717
qjoin, r, 112, 32768, 4, 788290, 3363083
qjoin, d, 112, 32768, 4, 1329585, 3457761
qjoin, r, 112, 32768, 4, 788867, 3343281
qjoin, d, 112, 32768, 4, 1334179, 3380435
qjoin, r, 112, 32768, 4, 784538, 3367525
qjoin, d, 112, 32768, 4, 1330005, 3400872
qjoin, r, 112, 32768, 4, 783966, 3359097
qjoin, d, 112, 32768, 4, 1336056, 3429319
qjoin, r, 112, 32768, 4, 787686, 3347276
qjoin, d, 112, 32768, 4, 1325318, 3372050
qjoin, r, 112, 32768, 4, 785294, 3358818
qjoin, d, 112, 32768, 4, 1327993, 3372897
qjoin, r, 112, 32768, 4, 785102, 3347454
qjoin, d, 112, 32768, 4, 1324097, 3377887
qjoin, r, 112, 32768, 4, 785537, 3354312
qjoin, d, 112, 32768, 4, 1321841, 3372259
qjoin, r, 112, 32768, 4, 788412, 3343515
qjoin, d, 112, 32768, 4, 1323004, 3385972
qjoin, r, 112, 32768, 4, 789397, 3358550
qjoin, d, 112, 32768, 4, 1325173, 3394934
qjoin, r, 112, 32768, 4, 789376, 3354919
qjoin, d, 112, 32768, 4, 1325927, 3363827
qjoin, r, 112, 32768, 4, 791687, 3366820
qjoin, d, 112, 32768, 4, 1337390, 3383590
qjoin, r, 112, 32768, 4, 787140, 3360335
qjoin, d, 112, 32768, 4, 1321411, 3380227
qjoin, r, 112, 32768, 4, 786980, 3355019
qjoin, d, 112, 32768, 4, 1322946, 3372347
qjoin, r, 112, 32768, 4, 798100, 3354753
qjoin, d, 112, 32768, 4, 1333245, 3366548
qjoin, r, 112, 32768, 4, 787631, 3351530
qjoin, d, 112, 32768, 4, 1322538, 3378870
qjoin, r, 112, 32768, 4, 786543, 3353774
qjoin, d, 112, 32768, 4, 1327608, 3387873
qjoin, r, 112, 32768, 4, 785231, 3358855
qjoin, d, 112, 32768, 4, 1328593, 3382659
qjoin, r, 112, 32768, 4, 785074, 3358387
qjoin, d, 112, 32768, 4, 1329991, 3395513
qjoin, r, 112, 32768, 4, 783995, 3350293
qjoin, d, 112, 32768, 4, 1325692, 3365167
qjoin, r, 112, 32768, 4, 793063, 3365432
qjoin, d, 112, 32768, 4, 1324967, 3387316
qjoin, r, 112, 32768, 4, 788755, 3345176
qjoin, d, 112, 32768, 4, 1325245, 3382650
qjoin, r, 112, 32768, 4, 784872, 3355119
qjoin, d, 112, 32768, 4, 1328938, 3378009
qjoin, r, 128, 32768, 4, 789991, 3358876
qjoin, d, 128, 32768, 4, 1337493, 3367236
qjoin, r, 128, 32768, 4, 792082, 3350958
qjoin, d, 128, 32768, 4, 1342108, 3372634
qjoin, r, 128, 32768, 4, 785419, 3341402
qjoin, d, 128, 32768, 4, 1333911, 3371237
qjoin, r, 128, 32768, 4, 787307, 3343321
qjoin, d, 128, 32768, 4, 1333793, 3372169
qjoin, r, 128, 32768, 4, 786112, 3348590
qjoin, d, 128, 32768, 4, 1330602, 3393804
qjoin, r, 128, 32768, 4, 786281, 3356372
qjoin, d, 128, 32768, 4, 1332269, 3367961
qjoin, r, 128, 32768, 4, 785174, 3360713
qjoin, d, 128, 32768, 4, 1334293, 3381707
qjoin, r, 128, 32768, 4, 784480, 3369003
qjoin, d, 128, 32768, 4, 1344001, 3417586
qjoin, r, 128, 32768, 4, 789353, 3343210
qjoin, d, 128, 32768, 4, 1329871, 3362913
qjoin, r, 128, 32768, 4, 786560, 3352062
qjoin, d, 128, 32768, 4, 1334921, 3375722
qjoin, r, 128, 32768, 4, 788752, 3359083
qjoin, d, 128, 32768, 4, 1337558, 3371339
qjoin, r, 128, 32768, 4, 785890, 3351924
qjoin, d, 128, 32768, 4, 1334164, 3374642
qjoin, r, 128, 32768, 4, 794586, 3358265
qjoin, d, 128, 32768, 4, 1339499, 3434095
qjoin, r, 128, 32768, 4, 788147, 3347008
qjoin, d, 128, 32768, 4, 1332519, 3362626
qjoin, r, 128, 32768, 4, 785723, 3346717
qjoin, d, 128, 32768, 4, 1332812, 3365767
qjoin, r, 128, 32768, 4, 787791, 3342814
qjoin, d, 128, 32768, 4, 1338060, 3358302
qjoin, r, 128, 32768, 4, 788147, 3335223
qjoin, d, 128, 32768, 4, 1330590, 3359223
qjoin, r, 128, 32768, 4, 788741, 3352533
qjoin, d, 128, 32768, 4, 1331720, 3368650
qjoin, r, 128, 32768, 4, 786359, 3353983
qjoin, d, 128, 32768, 4, 1332391, 3368386
qjoin, r, 128, 32768, 4, 787076, 3355207
qjoin, d, 128, 32768, 4, 1341677, 3364625
qjoin, r, 128, 32768, 4, 788525, 3343019
qjoin, d, 128, 32768, 4, 1337229, 3363784
qjoin, r, 128, 32768, 4, 786139, 3359272
qjoin, d, 128, 32768, 4, 1338551, 3366493
qjoin, r, 128, 32768, 4, 786742, 3354660
qjoin, d, 128, 32768, 4, 1331026, 3365938
qjoin, r, 128, 32768, 4, 785411, 3353038
qjoin, d, 128, 32768, 4, 1338437, 3366718
qjoin, r, 128, 32768, 4, 788634, 3361428
qjoin, d, 128, 32768, 4, 1343473, 3360493
qjoin, r, 128, 32768, 4, 787663, 3343646
qjoin, d, 128, 32768, 4, 1332182, 3360614
qjoin, r, 128, 32768, 4, 786998, 3349963
qjoin, d, 128, 32768, 4, 1340172, 3363793
qjoin, r, 128, 32768, 4, 793336, 3354044
qjoin, d, 128, 32768, 4, 1333555, 3361280
qjoin, r, 128, 32768, 4, 786586, 3340241
qjoin, d, 128, 32768, 4, 1328911, 3362572
qjoin, r, 128, 32768, 4, 786056, 3346983
qjoin, d, 128, 32768, 4, 1338167, 3369425
qjoin, r, 144, 32768, 4, 783751, 3361431
qjoin, d, 144, 32768, 4, 1473695, 3456451
qjoin, r, 144, 32768, 4, 784436, 3353252
qjoin, d, 144, 32768, 4, 1466632, 3376764
qjoin, r, 144, 32768, 4, 786004, 3353312
qjoin, d, 144, 32768, 4, 1472317, 3382853
qjoin, r, 144, 32768, 4, 789062, 3345676
qjoin, d, 144, 32768, 4, 1465793, 3378730
qjoin, r, 144, 32768, 4, 786574, 3344913
qjoin, d, 144, 32768, 4, 1470085, 3381998
qjoin, r, 144, 32768, 4, 788300, 3343812
qjoin, d, 144, 32768, 4, 1467464, 3381607
qjoin, r, 144, 32768, 4, 786021, 3368433
qjoin, d, 144, 32768, 4, 1471394, 3408548
qjoin, r, 144, 32768, 4, 791099, 3345035
qjoin, d, 144, 32768, 4, 1479621, 3380886
qjoin, r, 144, 32768, 4, 787495, 3346136
qjoin, d, 144, 32768, 4, 1466735, 3377948
qjoin, r, 144, 32768, 4, 788099, 3352440
qjoin, d, 144, 32768, 4, 1466741, 3374295
qjoin, r, 144, 32768, 4, 786085, 3363437
qjoin, d, 144, 32768, 4, 1475066, 3394665
qjoin, r, 144, 32768, 4, 787746, 3359210
qjoin, d, 144, 32768, 4, 1464514, 3383996
qjoin, r, 144, 32768, 4, 784537, 3339961
qjoin, d, 144, 32768, 4, 1473069, 3380347
qjoin, r, 144, 32768, 4, 788687, 3359239
qjoin, d, 144, 32768, 4, 1468844, 3387267
qjoin, r, 144, 32768, 4, 784441, 3356007
qjoin, d, 144, 32768, 4, 1463565, 3390684
qjoin, r, 144, 32768, 4, 787061, 3366702
qjoin, d, 144, 32768, 4, 1465149, 3401106
qjoin, r, 144, 32768, 4, 781159, 3368894
qjoin, d, 144, 32768, 4, 1466316, 3394102
qjoin, r, 144, 32768, 4, 786026, 3346181
qjoin, d, 144, 32768, 4, 1464922, 3376283
qjoin, r, 144, 32768, 4, 788125, 3347884
qjoin, d, 144, 32768, 4, 1463261, 3370789
qjoin, r, 144, 32768, 4, 786471, 3342880
qjoin, d, 144, 32768, 4, 1461436, 3391875
qjoin, r, 144, 32768, 4, 787169, 3362532
qjoin, d, 144, 32768, 4, 1467399, 3383816
qjoin, r, 144, 32768, 4, 792837, 3346589
qjoin, d, 144, 32768, 4, 1471279, 3387693
qjoin, r, 144, 32768, 4, 788276, 3360530
qjoin, d, 144, 32768, 4, 1470253, 3390649
qjoin, r, 144, 32768, 4, 787816, 3346066
qjoin, d, 144, 32768, 4, 1467058, 3377859
qjoin, r, 144, 32768, 4, 786215, 3348857
qjoin, d, 144, 32768, 4, 1461426, 3380808
qjoin, r, 144, 32768, 4, 786395, 3343400
qjoin, d, 144, 32768, 4, 1468435, 3386430
qjoin, r, 144, 32768, 4, 786276, 3348910
qjoin, d, 144, 32768, 4, 1465803, 3381622
qjoin, r, 144, 32768, 4, 787159, 3350919
qjoin, d, 144, 32768, 4, 1472167, 3382715
qjoin, r, 144, 32768, 4, 788820, 3348571
qjoin, d, 144, 32768, 4, 1466063, 3376587
qjoin, r, 144, 32768, 4, 794610, 3365993
qjoin, d, 144, 32768, 4, 1470421, 3462002
qjoin, r, 160, 32768, 4, 797828, 3359323
qjoin, d, 160, 32768, 4, 1472920, 3391137
qjoin, r, 160, 32768, 4, 789978, 3348693
qjoin, d, 160, 32768, 4, 1478893, 3381307
qjoin, r, 160, 32768, 4, 788684, 3353040
qjoin, d, 160, 32768, 4, 1469523, 3384298
qjoin, r, 160, 32768, 4, 787101, 3343832
qjoin, d, 160, 32768, 4, 1478038, 3388528
qjoin, r, 160, 32768, 4, 786047, 3354411
qjoin, d, 160, 32768, 4, 1471059, 3378471
qjoin, r, 160, 32768, 4, 789024, 3371697
qjoin, d, 160, 32768, 4, 1478388, 3397469
qjoin, r, 160, 32768, 4, 798110, 3356763
qjoin, d, 160, 32768, 4, 1497990, 3384600
qjoin, r, 160, 32768, 4, 797957, 3352293
qjoin, d, 160, 32768, 4, 1483261, 3393441
qjoin, r, 160, 32768, 4, 781681, 3370827
qjoin, d, 160, 32768, 4, 1474584, 3406494
qjoin, r, 160, 32768, 4, 786652, 3351186
qjoin, d, 160, 32768, 4, 1474238, 3377741
qjoin, r, 160, 32768, 4, 786942, 3351437
qjoin, d, 160, 32768, 4, 1476554, 3391991
qjoin, r, 160, 32768, 4, 786678, 3340761
qjoin, d, 160, 32768, 4, 1477427, 3391279
qjoin, r, 160, 32768, 4, 798118, 3350413
qjoin, d, 160, 32768, 4, 1492298, 3394978
qjoin, r, 160, 32768, 4, 790665, 3352631
qjoin, d, 160, 32768, 4, 1474944, 3386452
qjoin, r, 160, 32768, 4, 787105, 3347094
qjoin, d, 160, 32768, 4, 1471843, 3395404
qjoin, r, 160, 32768, 4, 788405, 3346648
qjoin, d, 160, 32768, 4, 1477089, 3392970
qjoin, r, 160, 32768, 4, 786331, 3353228
qjoin, d, 160, 32768, 4, 1477693, 3394138
qjoin, r, 160, 32768, 4, 795616, 3354075
qjoin, d, 160, 32768, 4, 1477220, 3389362
qjoin, r, 160, 32768, 4, 788363, 3349879
qjoin, d, 160, 32768, 4, 1475194, 3385824
qjoin, r, 160, 32768, 4, 791552, 3345311
qjoin, d, 160, 32768, 4, 1487627, 3379916
qjoin, r, 160, 32768, 4, 785918, 3351716
qjoin, d, 160, 32768, 4, 1473910, 3381755
qjoin, r, 160, 32768, 4, 788041, 3347052
qjoin, d, 160, 32768, 4, 1472270, 3388593
qjoin, r, 160, 32768, 4, 787781, 3338258
qjoin, d, 160, 32768, 4, 1476757, 3395181
qjoin, r, 160, 32768, 4, 786319, 3349562
qjoin, d, 160, 32768, 4, 1473927, 3376023
qjoin, r, 160, 32768, 4, 787171, 3355890
qjoin, d, 160, 32768, 4, 1475008, 3380573
qjoin, r, 160, 32768, 4, 786655, 3351952
qjoin, d, 160, 32768, 4, 1473182, 3381123
qjoin, r, 160, 32768, 4, 786313, 3353628
qjoin, d, 160, 32768, 4, 1473811, 3394179
qjoin, r, 160, 32768, 4, 784441, 3359209
qjoin, d, 160, 32768, 4, 1475769, 3387710
qjoin, r, 160, 32768, 4, 786443, 3344402
qjoin, d, 160, 32768, 4, 1482640, 3386125
qjoin, r, 160, 32768, 4, 785884, 3352037
qjoin, d, 160, 32768, 4, 1476319, 3391197
qjoin, r, 176, 32768, 4, 787047, 3354264
qjoin, d, 176, 32768, 4, 1328428, 3397338
qjoin, r, 176, 32768, 4, 785385, 3355575
qjoin, d, 176, 32768, 4, 1327208, 3399615
qjoin, r, 176, 32768, 4, 786768, 3358316
qjoin, d, 176, 32768, 4, 1328193, 3396005
qjoin, r, 176, 32768, 4, 788137, 3345186
qjoin, d, 176, 32768, 4, 1325874, 3389579
qjoin, r, 176, 32768, 4, 790485, 3347037
qjoin, d, 176, 32768, 4, 1331045, 3387634
qjoin, r, 176, 32768, 4, 788066, 3362304
qjoin, d, 176, 32768, 4, 1324207, 3373915
qjoin, r, 176, 32768, 4, 785266, 3346017
qjoin, d, 176, 32768, 4, 1329849, 3384844
qjoin, r, 176, 32768, 4, 785814, 3352330
qjoin, d, 176, 32768, 4, 1327622, 3374546
qjoin, r, 176, 32768, 4, 784979, 3367655
qjoin, d, 176, 32768, 4, 1333665, 3443341
qjoin, r, 176, 32768, 4, 790738, 3345700
qjoin, d, 176, 32768, 4, 1332661, 3393731
qjoin, r, 176, 32768, 4, 785483, 3366549
qjoin, d, 176, 32768, 4, 1329788, 3389231
qjoin, r, 176, 32768, 4, 787213, 3346408
qjoin, d, 176, 32768, 4, 1328983, 3376140
qjoin, r, 176, 32768, 4, 788409, 3354861
qjoin, d, 176, 32768, 4, 1330008, 3388254
qjoin, r, 176, 32768, 4, 785570, 3350535
qjoin, d, 176, 32768, 4, 1334062, 3386130
qjoin, r, 176, 32768, 4, 789254, 3341910
qjoin, d, 176, 32768, 4, 1329849, 3402250
qjoin, r, 176, 32768, 4, 785599, 3354546
qjoin, d, 176, 32768, 4, 1326875, 3384945
qjoin, r, 176, 32768, 4, 788860, 3351999
qjoin, d, 176, 32768, 4, 1336385, 3384629
qjoin, r, 176, 32768, 4, 789462, 3356397
qjoin, d, 176, 32768, 4, 1333623, 3386415
qjoin, r, 176, 32768, 4, 785655, 3352092
qjoin, d, 176, 32768, 4, 1329628, 3385090
qjoin, r, 176, 32768, 4, 788243, 3347349
qjoin, d, 176, 32768, 4, 1329374, 3394725
qjoin, r, 176, 32768, 4, 785835, 3356256
qjoin, d, 176, 32768, 4, 1327204, 3390870
qjoin, r, 176, 32768, 4, 784638, 3341540
qjoin, d, 176, 32768, 4, 1335562, 3370747
qjoin, r, 176, 32768, 4, 786355, 3340007
qjoin, d, 176, 32768, 4, 1328131, 3390269
qjoin, r, 176, 32768, 4, 788320, 3343914
qjoin, d, 176, 32768, 4, 1329525, 3386007
qjoin, r, 176, 32768, 4, 793148, 3361418
qjoin, d, 176, 32768, 4, 1329645, 3376138
qjoin, r, 176, 32768, 4, 787769, 3345074
qjoin, d, 176, 32768, 4, 1328853, 3367276
qjoin, r, 176, 32768, 4, 783698, 3356992
qjoin, d, 176, 32768, 4, 1335577, 3429832
qjoin, r, 176, 32768, 4, 786557, 3357009
qjoin, d, 176, 32768, 4, 1340698, 3434401
qjoin, r, 176, 32768, 4, 785740, 3356129
qjoin, d, 176, 32768, 4, 1330703, 3392902
qjoin, r, 176, 32768, 4, 790121, 3354505
qjoin, d, 176, 32768, 4, 1325043, 3399480
qjoin, r, 192, 32768, 4, 786080, 3350922
qjoin, d, 192, 32768, 4, 1343866, 3392874
qjoin, r, 192, 32768, 4, 793094, 3350179
qjoin, d, 192, 32768, 4, 1353694, 3374512
qjoin, r, 192, 32768, 4, 785915, 3345788
qjoin, d, 192, 32768, 4, 1343022, 3372040
qjoin, r, 192, 32768, 4, 785871, 3347153
qjoin, d, 192, 32768, 4, 1348536, 3379227
qjoin, r, 192, 32768, 4, 788155, 3359237
qjoin, d, 192, 32768, 4, 1344211, 3371789
qjoin, r, 192, 32768, 4, 786466, 3341884
qjoin, d, 192, 32768, 4, 1337352, 3372502
qjoin, r, 192, 32768, 4, 787679, 3352027
qjoin, d, 192, 32768, 4, 1341920, 3384631
qjoin, r, 192, 32768, 4, 786596, 3340876
qjoin, d, 192, 32768, 4, 1345932, 3370561
qjoin, r, 192, 32768, 4, 786717, 3350393
qjoin, d, 192, 32768, 4, 1341565, 3374051
qjoin, r, 192, 32768, 4, 787089, 3346521
qjoin, d, 192, 32768, 4, 1339321, 3382092
qjoin, r, 192, 32768, 4, 786516, 3355982
qjoin, d, 192, 32768, 4, 1339684, 3374022
qjoin, r, 192, 32768, 4, 787396, 3353241
qjoin, d, 192, 32768, 4, 1343727, 3377368
qjoin, r, 192, 32768, 4, 787100, 3352012
qjoin, d, 192, 32768, 4, 1344861, 3368536
qjoin, r, 192, 32768, 4, 788003, 3344816
qjoin, d, 192, 32768, 4, 1338432, 3379268
qjoin, r, 192, 32768, 4, 785949, 3350997
qjoin, d, 192, 32768, 4, 1339360, 3385913
qjoin, r, 192, 32768, 4, 786902, 3340902
qjoin, d, 192, 32768, 4, 1341021, 3376165
qjoin, r, 192, 32768, 4, 787299, 3352606
qjoin, d, 192, 32768, 4, 1342345, 3375834
qjoin, r, 192, 32768, 4, 787261, 3354161
qjoin, d, 192, 32768, 4, 1334974, 3370004
qjoin, r, 192, 32768, 4, 787258, 3353460
qjoin, d, 192, 32768, 4, 1345449, 3362859
qjoin, r, 192, 32768, 4, 787444, 3347152
qjoin, d, 192, 32768, 4, 1347277, 3380580
qjoin, r, 192, 32768, 4, 786751, 3343147
qjoin, d, 192, 32768, 4, 1342457, 3372923
qjoin, r, 192, 32768, 4, 785287, 3340008
qjoin, d, 192, 32768, 4, 1344348, 3373270
qjoin, r, 192, 32768, 4, 787958, 3347463
qjoin, d, 192, 32768, 4, 1342965, 3357916
qjoin, r, 192, 32768, 4, 786384, 3375454
qjoin, d, 192, 32768, 4, 1342483, 3377705
qjoin, r, 192, 32768, 4, 785258, 3345696
qjoin, d, 192, 32768, 4, 1338695, 3374266
qjoin, r, 192, 32768, 4, 787410, 3355961
qjoin, d, 192, 32768, 4, 1339380, 3371969
qjoin, r, 192, 32768, 4, 788128, 3359010
qjoin, d, 192, 32768, 4, 1336387, 3374372
qjoin, r, 192, 32768, 4, 787669, 3349098
qjoin, d, 192, 32768, 4, 1338268, 3368133
qjoin, r, 192, 32768, 4, 787834, 3348558
qjoin, d, 192, 32768, 4, 1330425, 3392036
qjoin, r, 192, 32768, 4, 792686, 3367852
qjoin, d, 192, 32768, 4, 1348473, 3446667
qjoin, r, 208, 32768, 4, 786414, 3352670
qjoin, d, 208, 32768, 4, 1471657, 3381700
qjoin, r, 208, 32768, 4, 787181, 3359173
qjoin, d, 208, 32768, 4, 1471247, 3387796
qjoin, r, 208, 32768, 4, 787766, 3340331
qjoin, d, 208, 32768, 4, 1468572, 3386954
qjoin, r, 208, 32768, 4, 786634, 3346828
qjoin, d, 208, 32768, 4, 1469448, 3375772
qjoin, r, 208, 32768, 4, 782710, 3353266
qjoin, d, 208, 32768, 4, 1470053, 3389760
qjoin, r, 208, 32768, 4, 787037, 3351026
qjoin, d, 208, 32768, 4, 1464545, 3404391
qjoin, r, 208, 32768, 4, 787521, 3347732
qjoin, d, 208, 32768, 4, 1468239, 3396563
qjoin, r, 208, 32768, 4, 786482, 3354963
qjoin, d, 208, 32768, 4, 1467618, 3390734
qjoin, r, 208, 32768, 4, 787356, 3356893
qjoin, d, 208, 32768, 4, 1468270, 3391951
qjoin, r, 208, 32768, 4, 785193, 3377063
qjoin, d, 208, 32768, 4, 1473567, 3414751
qjoin, r, 208, 32768, 4, 788669, 3342084
qjoin, d, 208, 32768, 4, 1459378, 3395619
qjoin, r, 208, 32768, 4, 787956, 3347627
qjoin, d, 208, 32768, 4, 1467905, 3393660
qjoin, r, 208, 32768, 4, 788761, 3342105
qjoin, d, 208, 32768, 4, 1467624, 3387309
qjoin, r, 208, 32768, 4, 784848, 3364661
qjoin, d, 208, 32768, 4, 1468080, 3405566
qjoin, r, 208, 32768, 4, 785879, 3364786
qjoin, d, 208, 32768, 4, 1472335, 3444473
qjoin, r, 208, 32768, 4, 792096, 3349684
qjoin, d, 208, 32768, 4, 1479775, 3408554
qjoin, r, 208, 32768, 4, 787913, 3359326
qjoin, d, 208, 32768, 4, 1472752, 3389632
qjoin, r, 208, 32768, 4, 786479, 3346514
qjoin, d, 208, 32768, 4, 1470019, 3396129
qjoin, r, 208, 32768, 4, 787077, 3339757
qjoin, d, 208, 32768, 4, 1472200, 3386372
qjoin, r, 208, 32768, 4, 788804, 3347053
qjoin, d, 208, 32768, 4, 1467392, 3380508
qjoin, r, 208, 32768, 4, 785751, 3347843
qjoin, d, 208, 32768, 4, 1472379, 3387681
qjoin, r, 208, 32768, 4, 787371, 3349059
qjoin, d, 208, 32768, 4, 1468139, 3382847
qjoin, r, 208, 32768, 4, 787975, 3361021
qjoin, d, 208, 32768, 4, 1468357, 3390800
qjoin, r, 208, 32768, 4, 788686, 3353974
qjoin, d, 208, 32768, 4, 1473131, 3391220
qjoin, r, 208, 32768, 4, 791249, 3336484
qjoin, d, 208, 32768, 4, 1462172, 3385630
qjoin, r, 208, 32768, 4, 785349, 3346227
qjoin, d, 208, 32768, 4, 1469064, 3396823
qjoin, r, 208, 32768, 4, 789059, 3348572
qjoin, d, 208, 32768, 4, 1467589, 3394701
qjoin, r, 208, 32768, 4, 789202, 3364766
qjoin, d, 208, 32768, 4, 1474185, 3384956
qjoin, r, 208, 32768, 4, 786674, 3348251
qjoin, d, 208, 32768, 4, 1468623, 3388253
qjoin, r, 208, 32768, 4, 787321, 3352056
qjoin, d, 208, 32768, 4, 1462354, 3387425
qjoin, r, 224, 32768, 4, 789387, 3353052
qjoin, d, 224, 32768, 4, 1478827, 3392739
qjoin, r, 224, 32768, 4, 787682, 3357899
qjoin, d, 224, 32768, 4, 1477196, 3382838
qjoin, r, 224, 32768, 4, 787231, 3349059
qjoin, d, 224, 32768, 4, 1478284, 3396635
qjoin, r, 224, 32768, 4, 786233, 3350601
qjoin, d, 224, 32768, 4, 1478413, 3389248
qjoin, r, 224, 32768, 4, 784362, 3363364
qjoin, d, 224, 32768, 4, 1480378, 3405774
qjoin, r, 224, 32768, 4, 787593, 3350074
qjoin, d, 224, 32768, 4, 1479283, 3394394
qjoin, r, 224, 32768, 4, 788446, 3341620
qjoin, d, 224, 32768, 4, 1481182, 3397531
qjoin, r, 224, 32768, 4, 787870, 3366841
qjoin, d, 224, 32768, 4, 1475192, 3405176
qjoin, r, 224, 32768, 4, 796405, 3362692
qjoin, d, 224, 32768, 4, 1480026, 3404834
qjoin, r, 224, 32768, 4, 785611, 3345693
qjoin, d, 224, 32768, 4, 1480241, 3395149
qjoin, r, 224, 32768, 4, 788283, 3347041
qjoin, d, 224, 32768, 4, 1481209, 3390736
qjoin, r, 224, 32768, 4, 786238, 3359124
qjoin, d, 224, 32768, 4, 1477749, 3389130
qjoin, r, 224, 32768, 4, 786257, 3348333
qjoin, d, 224, 32768, 4, 1477763, 3393224
qjoin, r, 224, 32768, 4, 787997, 3365882
qjoin, d, 224, 32768, 4, 1477958, 3406973
qjoin, r, 224, 32768, 4, 785044, 3349780
qjoin, d, 224, 32768, 4, 1479245, 3392483
qjoin, r, 224, 32768, 4, 785324, 3346068
qjoin, d, 224, 32768, 4, 1481082, 3401298
qjoin, r, 224, 32768, 4, 782980, 3356683
qjoin, d, 224, 32768, 4, 1476903, 3405692
qjoin, r, 224, 32768, 4, 786863, 3350734
qjoin, d, 224, 32768, 4, 1480514, 3395019
qjoin, r, 224, 32768, 4, 787243, 3343887
qjoin, d, 224, 32768, 4, 1476937, 3385932
qjoin, r, 224, 32768, 4, 784206, 3342782
qjoin, d, 224, 32768, 4, 1478601, 3382900
qjoin, r, 224, 32768, 4, 790166, 3372857
qjoin, d, 224, 32768, 4, 1481173, 3477342
qjoin, r, 224, 32768, 4, 787875, 3352165
qjoin, d, 224, 32768, 4, 1470370, 3397671
qjoin, r, 224, 32768, 4, 788306, 3352524
qjoin, d, 224, 32768, 4, 1480007, 3389497
qjoin, r, 224, 32768, 4, 786467, 3341955
qjoin, d, 224, 32768, 4, 1477955, 3397464
qjoin, r, 224, 32768, 4, 797109, 3343317
qjoin, d, 224, 32768, 4, 1491968, 3394915
qjoin, r, 224, 32768, 4, 787346, 3343148
qjoin, d, 224, 32768, 4, 1477927, 3377427
qjoin, r, 224, 32768, 4, 788032, 3348761
qjoin, d, 224, 32768, 4, 1479842, 3386707
qjoin, r, 224, 32768, 4, 786207, 3352158
qjoin, d, 224, 32768, 4, 1475596, 3394070
qjoin, r, 224, 32768, 4, 787985, 3351187
qjoin, d, 224, 32768, 4, 1486042, 3457683
qjoin, r, 224, 32768, 4, 789989, 3363749
qjoin, d, 224, 32768, 4, 1487376, 3445638
qjoin, r, 240, 32768, 4, 786674, 3347361
qjoin, d, 240, 32768, 4, 1331789, 3373543
qjoin, r, 240, 32768, 4, 785970, 3358486
qjoin, d, 240, 32768, 4, 1335254, 3379359
qjoin, r, 240, 32768, 4, 785820, 3355326
qjoin, d, 240, 32768, 4, 1336313, 3386213
qjoin, r, 240, 32768, 4, 786067, 3355543
qjoin, d, 240, 32768, 4, 1330556, 3374499
qjoin, r, 240, 32768, 4, 786586, 3341905
qjoin, d, 240, 32768, 4, 1332997, 3386548
qjoin, r, 240, 32768, 4, 787618, 3343187
qjoin, d, 240, 32768, 4, 1334791, 3369833
qjoin, r, 240, 32768, 4, 789157, 3344986
qjoin, d, 240, 32768, 4, 1336174, 3373176
qjoin, r, 240, 32768, 4, 787354, 3343085
qjoin, d, 240, 32768, 4, 1337582, 3393586
qjoin, r, 240, 32768, 4, 786756, 3349814
qjoin, d, 240, 32768, 4, 1335294, 3383606
qjoin, r, 240, 32768, 4, 787570, 3364243
qjoin, d, 240, 32768, 4, 1334527, 3377794
qjoin, r, 240, 32768, 4, 788170, 3351000
qjoin, d, 240, 32768, 4, 1334612, 3381183
qjoin, r, 240, 32768, 4, 787142, 3347816
qjoin, d, 240, 32768, 4, 1341197, 3384845
qjoin, r, 240, 32768, 4, 786067, 3356215
qjoin, d, 240, 32768, 4, 1337481, 3382478
qjoin, r, 240, 32768, 4, 784515, 3343037
qjoin, d, 240, 32768, 4, 1336965, 3371760
qjoin, r, 240, 32768, 4, 786905, 3342655
qjoin, d, 240, 32768, 4, 1332275, 3376915
qjoin, r, 240, 32768, 4, 787466, 3349162
qjoin, d, 240, 32768, 4, 1333966, 3383641
qjoin, r, 240, 32768, 4, 786633, 3352618
qjoin, d, 240, 32768, 4, 1336358, 3377994
qjoin, r, 240, 32768, 4, 786020, 3353158
qjoin, d, 240, 32768, 4, 1337488, 3378566
qjoin, r, 240, 32768, 4, 785128, 3353902
qjoin, d, 240, 32768, 4, 1333080, 3380598
qjoin, r, 240, 32768, 4, 785144, 3343617
qjoin, d, 240, 32768, 4, 1335415, 3381924
qjoin, r, 240, 32768, 4, 787825, 3345216
qjoin, d, 240, 32768, 4, 1344885, 3373990
qjoin, r, 240, 32768, 4, 785208, 3350391
qjoin, d, 240, 32768, 4, 1332874, 3379473
qjoin, r, 240, 32768, 4, 788229, 3342991
qjoin, d, 240, 32768, 4, 1338364, 3383181
qjoin, r, 240, 32768, 4, 789461, 3345189
qjoin, d, 240, 32768, 4, 1333494, 3378038
qjoin, r, 240, 32768, 4, 786794, 3356756
qjoin, d, 240, 32768, 4, 1332978, 3379966
qjoin, r, 240, 32768, 4, 790231, 3347285
qjoin, d, 240, 32768, 4, 1331926, 3381662
qjoin, r, 240, 32768, 4, 786303, 3357655
qjoin, d, 240, 32768, 4, 1334291, 3388873
qjoin, r, 240, 32768, 4, 786778, 3348533
qjoin, d, 240, 32768, 4, 1335974, 3383337
qjoin, r, 240, 32768, 4, 785565, 3352113
qjoin, d, 240, 32768, 4, 1335942, 3371683
qjoin, r, 240, 32768, 4, 786576, 3352784
qjoin, d, 240, 32768, 4, 1337370, 3385872
qjoin, r, 256, 32768, 4, 787731, 3362947
qjoin, d, 256, 32768, 4, 1345256, 3341040
qjoin, r, 256, 32768, 4, 791715, 3355690
qjoin, d, 256, 32768, 4, 1343210, 3340387
qjoin, r, 256, 32768, 4, 789416, 3342242
qjoin, d, 256, 32768, 4, 1342477, 3346599
qjoin, r, 256, 32768, 4, 789501, 3349957
qjoin, d, 256, 32768, 4, 1338267, 3340451
qjoin, r, 256, 32768, 4, 787056, 3351739
qjoin, d, 256, 32768, 4, 1341144, 3345081
qjoin, r, 256, 32768, 4, 786790, 3354749
qjoin, d, 256, 32768, 4, 1344090, 3337483
qjoin, r, 256, 32768, 4, 798143, 3342754
qjoin, d, 256, 32768, 4, 1348988, 3350012
qjoin, r, 256, 32768, 4, 786550, 3367736
qjoin, d, 256, 32768, 4, 1348612, 3422761
qjoin, r, 256, 32768, 4, 787300, 3357755
qjoin, d, 256, 32768, 4, 1342570, 3339855
qjoin, r, 256, 32768, 4, 788153, 3357359
qjoin, d, 256, 32768, 4, 1337745, 3341025
qjoin, r, 256, 32768, 4, 784916, 3364338
qjoin, d, 256, 32768, 4, 1336765, 3349572
qjoin, r, 256, 32768, 4, 785841, 3358201
qjoin, d, 256, 32768, 4, 1342105, 3343983
qjoin, r, 256, 32768, 4, 787221, 3350337
qjoin, d, 256, 32768, 4, 1340136, 3357071
qjoin, r, 256, 32768, 4, 791303, 3351155
qjoin, d, 256, 32768, 4, 1341748, 3341089
qjoin, r, 256, 32768, 4, 785360, 3361944
qjoin, d, 256, 32768, 4, 1344393, 3335126
qjoin, r, 256, 32768, 4, 789296, 3352793
qjoin, d, 256, 32768, 4, 1344202, 3354114
qjoin, r, 256, 32768, 4, 792442, 3340693
qjoin, d, 256, 32768, 4, 1348494, 3343890
qjoin, r, 256, 32768, 4, 787111, 3366334
qjoin, d, 256, 32768, 4, 1349256, 3402503
qjoin, r, 256, 32768, 4, 786222, 3349050
qjoin, d, 256, 32768, 4, 1338918, 3341012
qjoin, r, 256, 32768, 4, 786722, 3351267
qjoin, d, 256, 32768, 4, 1343053, 3341564
qjoin, r, 256, 32768, 4, 787867, 3354605
qjoin, d, 256, 32768, 4, 1342656, 3346589
qjoin, r, 256, 32768, 4, 790068, 3354115
qjoin, d, 256, 32768, 4, 1339561, 3352496
qjoin, r, 256, 32768, 4, 792010, 3344584
qjoin, d, 256, 32768, 4, 1341511, 3338044
qjoin, r, 256, 32768, 4, 788267, 3351474
qjoin, d, 256, 32768, 4, 1342739, 3347672
qjoin, r, 256, 32768, 4, 790651, 3356157
qjoin, d, 256, 32768, 4, 1339247, 3349733
qjoin, r, 256, 32768, 4, 787943, 3357554
qjoin, d, 256, 32768, 4, 1338241, 3362754
qjoin, r, 256, 32768, 4, 788626, 3366514
qjoin, d, 256, 32768, 4, 1349543, 3396700
qjoin, r, 256, 32768, 4, 787631, 3357897
qjoin, d, 256, 32768, 4, 1347075, 3347217
qjoin, r, 256, 32768, 4, 786145, 3362162
qjoin, d, 256, 32768, 4, 1338926, 3343178
qjoin, r, 256, 32768, 4, 783057, 3349486
qjoin, d, 256, 32768, 4, 1341592, 3396818
