bench, mem, temp, row_size, row_count, col_width, cycles
q4_new, r, c, 16, 43690, 4, 63890591
q4_new, r, h, 16, 43690, 4, 63875675
q4_new, d, -, 16, 43690, 4, 69586431
q4_new, r, c, 16, 43690, 4, 63871072
q4_new, r, h, 16, 43690, 4, 63857309
q4_new, d, -, 16, 43690, 4, 69628361
q4_new, r, c, 16, 43690, 4, 63872358
q4_new, r, h, 16, 43690, 4, 63869494
q4_new, d, -, 16, 43690, 4, 69601892
q4_new, r, c, 16, 43690, 4, 63881160
q4_new, r, h, 16, 43690, 4, 63861152
q4_new, d, -, 16, 43690, 4, 69622192
q4_new, r, c, 16, 43690, 4, 63867813
q4_new, r, h, 16, 43690, 4, 63862985
q4_new, d, -, 16, 43690, 4, 69613149
q4_new, r, c, 16, 43690, 4, 63896740
q4_new, r, h, 16, 43690, 4, 63877163
q4_new, d, -, 16, 43690, 4, 69623289
q4_new, r, c, 16, 43690, 4, 63894427
q4_new, r, h, 16, 43690, 4, 63864562
q4_new, d, -, 16, 43690, 4, 69609387
q4_new, r, c, 16, 43690, 4, 63881830
q4_new, r, h, 16, 43690, 4, 63877385
q4_new, d, -, 16, 43690, 4, 69617058
q4_new, r, c, 16, 43690, 4, 63890855
q4_new, r, h, 16, 43690, 4, 63871885
q4_new, d, -, 16, 43690, 4, 69615595
q4_new, r, c, 16, 43690, 4, 63903139
q4_new, r, h, 16, 43690, 4, 63865165
q4_new, d, -, 16, 43690, 4, 69601902
q4_new, r, c, 16, 43690, 4, 63871971
q4_new, r, h, 16, 43690, 4, 63856651
q4_new, d, -, 16, 43690, 4, 69610926
q4_new, r, c, 16, 43690, 4, 63878601
q4_new, r, h, 16, 43690, 4, 63871471
q4_new, d, -, 16, 43690, 4, 69623336
q4_new, r, c, 16, 43690, 4, 63885994
q4_new, r, h, 16, 43690, 4, 63875536
q4_new, d, -, 16, 43690, 4, 69623104
q4_new, r, c, 16, 43690, 4, 64262264
q4_new, r, h, 16, 43690, 4, 63872966
q4_new, d, -, 16, 43690, 4, 69660329
q4_new, r, c, 16, 43690, 4, 63898652
q4_new, r, h, 16, 43690, 4, 63877070
q4_new, d, -, 16, 43690, 4, 69609121
q4_new, r, c, 16, 43690, 4, 63863806
q4_new, r, h, 16, 43690, 4, 63857551
q4_new, d, -, 16, 43690, 4, 69616700
q4_new, r, c, 16, 43690, 4, 63867593
q4_new, r, h, 16, 43690, 4, 63870336
q4_new, d, -, 16, 43690, 4, 69611809
q4_new, r, c, 16, 43690, 4, 63879871
q4_new, r, h, 16, 43690, 4, 63872735
q4_new, d, -, 16, 43690, 4, 69605693
q4_new, r, c, 16, 43690, 4, 63887792
q4_new, r, h, 16, 43690, 4, 63880766
q4_new, d, -, 16, 43690, 4, 69606262
q4_new, r, c, 16, 43690, 4, 63857219
q4_new, r, h, 16, 43690, 4, 63863448
q4_new, d, -, 16, 43690, 4, 69607880
q4_new, r, c, 16, 43690, 4, 63860502
q4_new, r, h, 16, 43690, 4, 63866577
q4_new, d, -, 16, 43690, 4, 69607438
q4_new, r, c, 16, 43690, 4, 63855708
q4_new, r, h, 16, 43690, 4, 63860597
q4_new, d, -, 16, 43690, 4, 69636720
q4_new, r, c, 16, 43690, 4, 63873999
q4_new, r, h, 16, 43690, 4, 63869578
q4_new, d, -, 16, 43690, 4, 69611119
q4_new, r, c, 16, 43690, 4, 63866571
q4_new, r, h, 16, 43690, 4, 63859252
q4_new, d, -, 16, 43690, 4, 69614160
q4_new, r, c, 16, 43690, 4, 63874992
q4_new, r, h, 16, 43690, 4, 63866249
q4_new, d, -, 16, 43690, 4, 69627087
q4_new, r, c, 16, 43690, 4, 63872249
q4_new, r, h, 16, 43690, 4, 63889788
q4_new, d, -, 16, 43690, 4, 69614600
q4_new, r, c, 16, 43690, 4, 63887692
q4_new, r, h, 16, 43690, 4, 63879985
q4_new, d, -, 16, 43690, 4, 69629551
q4_new, r, c, 16, 43690, 4, 63879525
q4_new, r, h, 16, 43690, 4, 63900164
q4_new, d, -, 16, 43690, 4, 69603473
q4_new, r, c, 16, 43690, 4, 63892284
q4_new, r, h, 16, 43690, 4, 63876111
q4_new, d, -, 16, 43690, 4, 69622227
q4_new, r, c, 16, 43690, 4, 63883848
q4_new, r, h, 16, 43690, 4, 63882305
q4_new, d, -, 16, 43690, 4, 69631330
q4_new, r, c, 32, 43690, 4, 63870532
q4_new, r, h, 32, 43690, 4, 63878189
q4_new, d, -, 32, 43690, 4, 70588984
q4_new, r, c, 32, 43690, 4, 63857673
q4_new, r, h, 32, 43690, 4, 63860831
q4_new, d, -, 32, 43690, 4, 70603237
q4_new, r, c, 32, 43690, 4, 63883333
q4_new, r, h, 32, 43690, 4, 63880336
q4_new, d, -, 32, 43690, 4, 70672115
q4_new, r, c, 32, 43690, 4, 63874246
q4_new, r, h, 32, 43690, 4, 63868015
q4_new, d, -, 32, 43690, 4, 70665164
q4_new, r, c, 32, 43690, 4, 63889348
q4_new, r, h, 32, 43690, 4, 63877475
q4_new, d, -, 32, 43690, 4, 70636377
q4_new, r, c, 32, 43690, 4, 63861924
q4_new, r, h, 32, 43690, 4, 63865816
q4_new, d, -, 32, 43690, 4, 70606956
q4_new, r, c, 32, 43690, 4, 63878789
q4_new, r, h, 32, 43690, 4, 63878938
q4_new, d, -, 32, 43690, 4, 70575079
q4_new, r, c, 32, 43690, 4, 63879595
q4_new, r, h, 32, 43690, 4, 63869188
q4_new, d, -, 32, 43690, 4, 70613126
q4_new, r, c, 32, 43690, 4, 63878785
q4_new, r, h, 32, 43690, 4, 63871772
q4_new, d, -, 32, 43690, 4, 70584957
q4_new, r, c, 32, 43690, 4, 63873320
q4_new, r, h, 32, 43690, 4, 63863422
q4_new, d, -, 32, 43690, 4, 70619308
q4_new, r, c, 32, 43690, 4, 63871359
q4_new, r, h, 32, 43690, 4, 63862961
q4_new, d, -, 32, 43690, 4, 70615796
q4_new, r, c, 32, 43690, 4, 63879805
q4_new, r, h, 32, 43690, 4, 63857473
q4_new, d, -, 32, 43690, 4, 70581984
q4_new, r, c, 32, 43690, 4, 63870626
q4_new, r, h, 32, 43690, 4, 63870321
q4_new, d, -, 32, 43690, 4, 70543319
q4_new, r, c, 32, 43690, 4, 63868636
q4_new, r, h, 32, 43690, 4, 63871674
q4_new, d, -, 32, 43690, 4, 70618713
q4_new, r, c, 32, 43690, 4, 63862786
q4_new, r, h, 32, 43690, 4, 63858832
q4_new, d, -, 32, 43690, 4, 70634747
q4_new, r, c, 32, 43690, 4, 63873871
q4_new, r, h, 32, 43690, 4, 63870991
q4_new, d, -, 32, 43690, 4, 70524510
q4_new, r, c, 32, 43690, 4, 63883442
q4_new, r, h, 32, 43690, 4, 63874500
q4_new, d, -, 32, 43690, 4, 70574885
q4_new, r, c, 32, 43690, 4, 63879957
q4_new, r, h, 32, 43690, 4, 63883759
q4_new, d, -, 32, 43690, 4, 70543095
q4_new, r, c, 32, 43690, 4, 63873070
q4_new, r, h, 32, 43690, 4, 63867133
q4_new, d, -, 32, 43690, 4, 70504735
q4_new, r, c, 32, 43690, 4, 63887678
q4_new, r, h, 32, 43690, 4, 63872514
q4_new, d, -, 32, 43690, 4, 70618986
q4_new, r, c, 32, 43690, 4, 63866416
q4_new, r, h, 32, 43690, 4, 63884181
q4_new, d, -, 32, 43690, 4, 70597820
q4_new, r, c, 32, 43690, 4, 63879773
q4_new, r, h, 32, 43690, 4, 63874174
q4_new, d, -, 32, 43690, 4, 70553112
q4_new, r, c, 32, 43690, 4, 63864056
q4_new, r, h, 32, 43690, 4, 63877197
q4_new, d, -, 32, 43690, 4, 70556203
q4_new, r, c, 32, 43690, 4, 63858827
q4_new, r, h, 32, 43690, 4, 63869829
q4_new, d, -, 32, 43690, 4, 70589936
q4_new, r, c, 32, 43690, 4, 63874109
q4_new, r, h, 32, 43690, 4, 63884295
q4_new, d, -, 32, 43690, 4, 70555897
q4_new, r, c, 32, 43690, 4, 63876297
q4_new, r, h, 32, 43690, 4, 63883104
q4_new, d, -, 32, 43690, 4, 70580201
q4_new, r, c, 32, 43690, 4, 63875545
q4_new, r, h, 32, 43690, 4, 63870082
q4_new, d, -, 32, 43690, 4, 70575005
q4_new, r, c, 32, 43690, 4, 63907672
q4_new, r, h, 32, 43690, 4, 63860304
q4_new, d, -, 32, 43690, 4, 70563882
q4_new, r, c, 32, 43690, 4, 63893694
q4_new, r, h, 32, 43690, 4, 63871883
q4_new, d, -, 32, 43690, 4, 70589376
q4_new, r, c, 32, 43690, 4, 63867202
q4_new, r, h, 32, 43690, 4, 63878597
q4_new, d, -, 32, 43690, 4, 70565904
q4_new, r, c, 48, 43690, 4, 63864945
q4_new, r, h, 48, 43690, 4, 63883985
q4_new, d, -, 48, 43690, 4, 73878774
q4_new, r, c, 48, 43690, 4, 63881249
q4_new, r, h, 48, 43690, 4, 63876709
q4_new, d, -, 48, 43690, 4, 73894544
q4_new, r, c, 48, 43690, 4, 63883629
q4_new, r, h, 48, 43690, 4, 63865698
q4_new, d, -, 48, 43690, 4, 73808726
q4_new, r, c, 48, 43690, 4, 63864003
q4_new, r, h, 48, 43690, 4, 63867757
q4_new, d, -, 48, 43690, 4, 73659837
q4_new, r, c, 48, 43690, 4, 63863770
q4_new, r, h, 48, 43690, 4, 63877326
q4_new, d, -, 48, 43690, 4, 73452813
q4_new, r, c, 48, 43690, 4, 63867958
q4_new, r, h, 48, 43690, 4, 63863791
q4_new, d, -, 48, 43690, 4, 73167565
q4_new, r, c, 48, 43690, 4, 63888879
q4_new, r, h, 48, 43690, 4, 63866125
q4_new, d, -, 48, 43690, 4, 73831610
q4_new, r, c, 48, 43690, 4, 63872060
q4_new, r, h, 48, 43690, 4, 63862821
q4_new, d, -, 48, 43690, 4, 73496831
q4_new, r, c, 48, 43690, 4, 63879706
q4_new, r, h, 48, 43690, 4, 63876484
q4_new, d, -, 48, 43690, 4, 73992677
q4_new, r, c, 48, 43690, 4, 63881106
q4_new, r, h, 48, 43690, 4, 63867551
q4_new, d, -, 48, 43690, 4, 74051909
q4_new, r, c, 48, 43690, 4, 63873964
q4_new, r, h, 48, 43690, 4, 63870166
q4_new, d, -, 48, 43690, 4, 73457514
q4_new, r, c, 48, 43690, 4, 63883481
q4_new, r, h, 48, 43690, 4, 63878589
q4_new, d, -, 48, 43690, 4, 73656879
q4_new, r, c, 48, 43690, 4, 63868290
q4_new, r, h, 48, 43690, 4, 63869337
q4_new, d, -, 48, 43690, 4, 73837237
q4_new, r, c, 48, 43690, 4, 63880011
q4_new, r, h, 48, 43690, 4, 63863073
q4_new, d, -, 48, 43690, 4, 73937276
q4_new, r, c, 48, 43690, 4, 63887851
q4_new, r, h, 48, 43690, 4, 63880096
q4_new, d, -, 48, 43690, 4, 73859376
q4_new, r, c, 48, 43690, 4, 63877053
q4_new, r, h, 48, 43690, 4, 63860877
q4_new, d, -, 48, 43690, 4, 73883885
q4_new, r, c, 48, 43690, 4, 63892094
q4_new, r, h, 48, 43690, 4, 63870177
q4_new, d, -, 48, 43690, 4, 73603635
q4_new, r, c, 48, 43690, 4, 63875738
q4_new, r, h, 48, 43690, 4, 63853118
q4_new, d, -, 48, 43690, 4, 73325011
q4_new, r, c, 48, 43690, 4, 63882567
q4_new, r, h, 48, 43690, 4, 63890923
q4_new, d, -, 48, 43690, 4, 74181322
q4_new, r, c, 48, 43690, 4, 63892429
q4_new, r, h, 48, 43690, 4, 63883848
q4_new, d, -, 48, 43690, 4, 73756803
q4_new, r, c, 48, 43690, 4, 63868199
q4_new, r, h, 48, 43690, 4, 63866704
q4_new, d, -, 48, 43690, 4, 74118118
q4_new, r, c, 48, 43690, 4, 63853799
q4_new, r, h, 48, 43690, 4, 63860922
q4_new, d, -, 48, 43690, 4, 73945073
q4_new, r, c, 48, 43690, 4, 63868831
q4_new, r, h, 48, 43690, 4, 63865844
q4_new, d, -, 48, 43690, 4, 73632271
q4_new, r, c, 48, 43690, 4, 63866984
q4_new, r, h, 48, 43690, 4, 63849480
q4_new, d, -, 48, 43690, 4, 74445907
q4_new, r, c, 48, 43690, 4, 63882241
q4_new, r, h, 48, 43690, 4, 63868502
q4_new, d, -, 48, 43690, 4, 73573016
q4_new, r, c, 48, 43690, 4, 63873538
q4_new, r, h, 48, 43690, 4, 63856254
q4_new, d, -, 48, 43690, 4, 73877771
q4_new, r, c, 48, 43690, 4, 63863342
q4_new, r, h, 48, 43690, 4, 63870636
q4_new, d, -, 48, 43690, 4, 74346549
q4_new, r, c, 48, 43690, 4, 63869765
q4_new, r, h, 48, 43690, 4, 63871737
q4_new, d, -, 48, 43690, 4, 74036513
q4_new, r, c, 48, 43690, 4, 63869999
q4_new, r, h, 48, 43690, 4, 63873729
q4_new, d, -, 48, 43690, 4, 74104040
q4_new, r, c, 48, 43690, 4, 63860865
q4_new, r, h, 48, 43690, 4, 63873322
q4_new, d, -, 48, 43690, 4, 73639823
q4_new, r, c, 64, 43690, 4, 63860311
q4_new, r, h, 64, 43690, 4, 63860271
q4_new, d, -, 64, 43690, 4, 75423964
q4_new, r, c, 64, 43690, 4, 63867615
q4_new, r, h, 64, 43690, 4, 63862085
q4_new, d, -, 64, 43690, 4, 74768197
q4_new, r, c, 64, 43690, 4, 63864476
q4_new, r, h, 64, 43690, 4, 63879790
q4_new, d, -, 64, 43690, 4, 75227485
q4_new, r, c, 64, 43690, 4, 63868257
q4_new, r, h, 64, 43690, 4, 63859167
q4_new, d, -, 64, 43690, 4, 75038766
q4_new, r, c, 64, 43690, 4, 63892834
q4_new, r, h, 64, 43690, 4, 63867291
q4_new, d, -, 64, 43690, 4, 75030003
q4_new, r, c, 64, 43690, 4, 63868516
q4_new, r, h, 64, 43690, 4, 63847928
q4_new, d, -, 64, 43690, 4, 76018682
q4_new, r, c, 64, 43690, 4, 63876252
q4_new, r, h, 64, 43690, 4, 63871218
q4_new, d, -, 64, 43690, 4, 75716403
q4_new, r, c, 64, 43690, 4, 63884456
q4_new, r, h, 64, 43690, 4, 63868767
q4_new, d, -, 64, 43690, 4, 74905825
q4_new, r, c, 64, 43690, 4, 63867118
q4_new, r, h, 64, 43690, 4, 63853049
q4_new, d, -, 64, 43690, 4, 75471261
q4_new, r, c, 64, 43690, 4, 63881261
q4_new, r, h, 64, 43690, 4, 63877302
q4_new, d, -, 64, 43690, 4, 75188731
q4_new, r, c, 64, 43690, 4, 63899687
q4_new, r, h, 64, 43690, 4, 63876510
q4_new, d, -, 64, 43690, 4, 75896024
q4_new, r, c, 64, 43690, 4, 63869699
q4_new, r, h, 64, 43690, 4, 63868207
q4_new, d, -, 64, 43690, 4, 74758036
q4_new, r, c, 64, 43690, 4, 63878207
q4_new, r, h, 64, 43690, 4, 63859048
q4_new, d, -, 64, 43690, 4, 75611538
q4_new, r, c, 64, 43690, 4, 63860925
q4_new, r, h, 64, 43690, 4, 63851351
q4_new, d, -, 64, 43690, 4, 75345328
q4_new, r, c, 64, 43690, 4, 63868238
q4_new, r, h, 64, 43690, 4, 63868116
q4_new, d, -, 64, 43690, 4, 74632768
q4_new, r, c, 64, 43690, 4, 63882099
q4_new, r, h, 64, 43690, 4, 63871485
q4_new, d, -, 64, 43690, 4, 74883599
q4_new, r, c, 64, 43690, 4, 63862868
q4_new, r, h, 64, 43690, 4, 63882279
q4_new, d, -, 64, 43690, 4, 75354800
q4_new, r, c, 64, 43690, 4, 63888246
q4_new, r, h, 64, 43690, 4, 63862929
q4_new, d, -, 64, 43690, 4, 75502966
q4_new, r, c, 64, 43690, 4, 63862160
q4_new, r, h, 64, 43690, 4, 63863863
q4_new, d, -, 64, 43690, 4, 75476239
q4_new, r, c, 64, 43690, 4, 63861032
q4_new, r, h, 64, 43690, 4, 63864821
q4_new, d, -, 64, 43690, 4, 75383210
q4_new, r, c, 64, 43690, 4, 63872914
q4_new, r, h, 64, 43690, 4, 63870757
q4_new, d, -, 64, 43690, 4, 75020293
q4_new, r, c, 64, 43690, 4, 63857001
q4_new, r, h, 64, 43690, 4, 63869956
q4_new, d, -, 64, 43690, 4, 75296330
q4_new, r, c, 64, 43690, 4, 63887261
q4_new, r, h, 64, 43690, 4, 63876860
q4_new, d, -, 64, 43690, 4, 74345579
q4_new, r, c, 64, 43690, 4, 63881981
q4_new, r, h, 64, 43690, 4, 63865086
q4_new, d, -, 64, 43690, 4, 75609812
q4_new, r, c, 64, 43690, 4, 63878636
q4_new, r, h, 64, 43690, 4, 63879327
q4_new, d, -, 64, 43690, 4, 75198496
q4_new, r, c, 64, 43690, 4, 63880191
q4_new, r, h, 64, 43690, 4, 63869883
q4_new, d, -, 64, 43690, 4, 75327049
q4_new, r, c, 64, 43690, 4, 63874659
q4_new, r, h, 64, 43690, 4, 63868781
q4_new, d, -, 64, 43690, 4, 76441362
q4_new, r, c, 64, 43690, 4, 63876062
q4_new, r, h, 64, 43690, 4, 63880069
q4_new, d, -, 64, 43690, 4, 74937359
q4_new, r, c, 64, 43690, 4, 63869153
q4_new, r, h, 64, 43690, 4, 63870529
q4_new, d, -, 64, 43690, 4, 75283802
q4_new, r, c, 64, 43690, 4, 63874957
q4_new, r, h, 64, 43690, 4, 63864033
q4_new, d, -, 64, 43690, 4, 74888857
q4_new, r, c, 80, 43690, 4, 63865194
q4_new, r, h, 80, 43690, 4, 63861053
q4_new, d, -, 80, 43690, 4, 90594686
q4_new, r, c, 80, 43690, 4, 63887689
q4_new, r, h, 80, 43690, 4, 63870637
q4_new, d, -, 80, 43690, 4, 90987316
q4_new, r, c, 80, 43690, 4, 63885997
q4_new, r, h, 80, 43690, 4, 63864478
q4_new, d, -, 80, 43690, 4, 90763425
q4_new, r, c, 80, 43690, 4, 63883388
q4_new, r, h, 80, 43690, 4, 63865317
q4_new, d, -, 80, 43690, 4, 91495224
q4_new, r, c, 80, 43690, 4, 63854826
q4_new, r, h, 80, 43690, 4, 63887574
q4_new, d, -, 80, 43690, 4, 90486491
q4_new, r, c, 80, 43690, 4, 63879370
q4_new, r, h, 80, 43690, 4, 63863188
q4_new, d, -, 80, 43690, 4, 91734047
q4_new, r, c, 80, 43690, 4, 63859114
q4_new, r, h, 80, 43690, 4, 63862773
q4_new, d, -, 80, 43690, 4, 92162531
q4_new, r, c, 80, 43690, 4, 63870349
q4_new, r, h, 80, 43690, 4, 63869612
q4_new, d, -, 80, 43690, 4, 90772103
q4_new, r, c, 80, 43690, 4, 63875980
q4_new, r, h, 80, 43690, 4, 63888787
q4_new, d, -, 80, 43690, 4, 90760176
q4_new, r, c, 80, 43690, 4, 63869673
q4_new, r, h, 80, 43690, 4, 63866256
q4_new, d, -, 80, 43690, 4, 92218490
q4_new, r, c, 80, 43690, 4, 63883223
q4_new, r, h, 80, 43690, 4, 63859742
q4_new, d, -, 80, 43690, 4, 92204807
q4_new, r, c, 80, 43690, 4, 63871813
q4_new, r, h, 80, 43690, 4, 63867958
q4_new, d, -, 80, 43690, 4, 90367978
q4_new, r, c, 80, 43690, 4, 63876977
q4_new, r, h, 80, 43690, 4, 63879516
q4_new, d, -, 80, 43690, 4, 90881635
q4_new, r, c, 80, 43690, 4, 63878665
q4_new, r, h, 80, 43690, 4, 63874946
q4_new, d, -, 80, 43690, 4, 92103205
q4_new, r, c, 80, 43690, 4, 63882135
q4_new, r, h, 80, 43690, 4, 63888707
q4_new, d, -, 80, 43690, 4, 91059652
q4_new, r, c, 80, 43690, 4, 63891772
q4_new, r, h, 80, 43690, 4, 63891332
q4_new, d, -, 80, 43690, 4, 89738489
q4_new, r, c, 80, 43690, 4, 63891294
q4_new, r, h, 80, 43690, 4, 63881404
q4_new, d, -, 80, 43690, 4, 91745534
q4_new, r, c, 80, 43690, 4, 63877142
q4_new, r, h, 80, 43690, 4, 63884868
q4_new, d, -, 80, 43690, 4, 91218926
q4_new, r, c, 80, 43690, 4, 63871831
q4_new, r, h, 80, 43690, 4, 63874566
q4_new, d, -, 80, 43690, 4, 91611556
q4_new, r, c, 80, 43690, 4, 63866672
q4_new, r, h, 80, 43690, 4, 63878597
q4_new, d, -, 80, 43690, 4, 91229970
q4_new, r, c, 80, 43690, 4, 63874921
q4_new, r, h, 80, 43690, 4, 63861373
q4_new, d, -, 80, 43690, 4, 91080152
q4_new, r, c, 80, 43690, 4, 63898473
q4_new, r, h, 80, 43690, 4, 63881733
q4_new, d, -, 80, 43690, 4, 91528403
q4_new, r, c, 80, 43690, 4, 63869122
q4_new, r, h, 80, 43690, 4, 63880778
q4_new, d, -, 80, 43690, 4, 89771462
q4_new, r, c, 80, 43690, 4, 63882170
q4_new, r, h, 80, 43690, 4, 63880004
q4_new, d, -, 80, 43690, 4, 92432053
q4_new, r, c, 80, 43690, 4, 63886830
q4_new, r, h, 80, 43690, 4, 63868442
q4_new, d, -, 80, 43690, 4, 92044910
q4_new, r, c, 80, 43690, 4, 63891742
q4_new, r, h, 80, 43690, 4, 63869318
q4_new, d, -, 80, 43690, 4, 91495049
q4_new, r, c, 80, 43690, 4, 63873908
q4_new, r, h, 80, 43690, 4, 63878693
q4_new, d, -, 80, 43690, 4, 91765434
q4_new, r, c, 80, 43690, 4, 63875591
q4_new, r, h, 80, 43690, 4, 63876894
q4_new, d, -, 80, 43690, 4, 91046022
q4_new, r, c, 80, 43690, 4, 63895722
q4_new, r, h, 80, 43690, 4, 63889878
q4_new, d, -, 80, 43690, 4, 91593383
q4_new, r, c, 80, 43690, 4, 63889348
q4_new, r, h, 80, 43690, 4, 63882204
q4_new, d, -, 80, 43690, 4, 91709621
q4_new, r, c, 96, 43690, 4, 63890713
q4_new, r, h, 96, 43690, 4, 63882907
q4_new, d, -, 96, 43690, 4, 86401532
q4_new, r, c, 96, 43690, 4, 63878782
q4_new, r, h, 96, 43690, 4, 63883636
q4_new, d, -, 96, 43690, 4, 85770625
q4_new, r, c, 96, 43690, 4, 63927162
q4_new, r, h, 96, 43690, 4, 63879183
q4_new, d, -, 96, 43690, 4, 85493079
q4_new, r, c, 96, 43690, 4, 63906896
q4_new, r, h, 96, 43690, 4, 63860729
q4_new, d, -, 96, 43690, 4, 86749901
q4_new, r, c, 96, 43690, 4, 63877312
q4_new, r, h, 96, 43690, 4, 63876703
q4_new, d, -, 96, 43690, 4, 86257233
q4_new, r, c, 96, 43690, 4, 63879063
q4_new, r, h, 96, 43690, 4, 63900048
q4_new, d, -, 96, 43690, 4, 86355760
q4_new, r, c, 96, 43690, 4, 63904241
q4_new, r, h, 96, 43690, 4, 63879231
q4_new, d, -, 96, 43690, 4, 86319248
q4_new, r, c, 96, 43690, 4, 63896878
q4_new, r, h, 96, 43690, 4, 63894607
q4_new, d, -, 96, 43690, 4, 86223018
q4_new, r, c, 96, 43690, 4, 63884730
q4_new, r, h, 96, 43690, 4, 63873619
q4_new, d, -, 96, 43690, 4, 86587625
q4_new, r, c, 96, 43690, 4, 63879510
q4_new, r, h, 96, 43690, 4, 63878776
q4_new, d, -, 96, 43690, 4, 85784676
q4_new, r, c, 96, 43690, 4, 63877574
q4_new, r, h, 96, 43690, 4, 63875040
q4_new, d, -, 96, 43690, 4, 86609111
q4_new, r, c, 96, 43690, 4, 63878659
q4_new, r, h, 96, 43690, 4, 63885222
q4_new, d, -, 96, 43690, 4, 85880492
q4_new, r, c, 96, 43690, 4, 63877349
q4_new, r, h, 96, 43690, 4, 63874687
q4_new, d, -, 96, 43690, 4, 86857108
q4_new, r, c, 96, 43690, 4, 63873125
q4_new, r, h, 96, 43690, 4, 63872619
q4_new, d, -, 96, 43690, 4, 86430069
q4_new, r, c, 96, 43690, 4, 63873406
q4_new, r, h, 96, 43690, 4, 63884340
q4_new, d, -, 96, 43690, 4, 85673365
q4_new, r, c, 96, 43690, 4, 63879053
q4_new, r, h, 96, 43690, 4, 63878736
q4_new, d, -, 96, 43690, 4, 85490914
q4_new, r, c, 96, 43690, 4, 63865307
q4_new, r, h, 96, 43690, 4, 63861279
q4_new, d, -, 96, 43690, 4, 85869123
q4_new, r, c, 96, 43690, 4, 63878919
q4_new, r, h, 96, 43690, 4, 63875640
q4_new, d, -, 96, 43690, 4, 86503787
q4_new, r, c, 96, 43690, 4, 63871701
q4_new, r, h, 96, 43690, 4, 63893736
q4_new, d, -, 96, 43690, 4, 86518728
q4_new, r, c, 96, 43690, 4, 63872244
q4_new, r, h, 96, 43690, 4, 63855991
q4_new, d, -, 96, 43690, 4, 86459614
q4_new, r, c, 96, 43690, 4, 63877501
q4_new, r, h, 96, 43690, 4, 63857355
q4_new, d, -, 96, 43690, 4, 86321614
q4_new, r, c, 96, 43690, 4, 63868906
q4_new, r, h, 96, 43690, 4, 63868334
q4_new, d, -, 96, 43690, 4, 86177839
q4_new, r, c, 96, 43690, 4, 63861543
q4_new, r, h, 96, 43690, 4, 63873425
q4_new, d, -, 96, 43690, 4, 86624917
q4_new, r, c, 96, 43690, 4, 63874419
q4_new, r, h, 96, 43690, 4, 63894862
q4_new, d, -, 96, 43690, 4, 86761984
q4_new, r, c, 96, 43690, 4, 63889769
q4_new, r, h, 96, 43690, 4, 63876779
q4_new, d, -, 96, 43690, 4, 85645958
q4_new, r, c, 96, 43690, 4, 63888508
q4_new, r, h, 96, 43690, 4, 63873040
q4_new, d, -, 96, 43690, 4, 86579982
q4_new, r, c, 96, 43690, 4, 63884557
q4_new, r, h, 96, 43690, 4, 63884314
q4_new, d, -, 96, 43690, 4, 85643177
q4_new, r, c, 96, 43690, 4, 63887425
q4_new, r, h, 96, 43690, 4, 63872738
q4_new, d, -, 96, 43690, 4, 86039520
q4_new, r, c, 96, 43690, 4, 63877380
q4_new, r, h, 96, 43690, 4, 63883353
q4_new, d, -, 96, 43690, 4, 86982032
q4_new, r, c, 96, 43690, 4, 63896155
q4_new, r, h, 96, 43690, 4, 63867254
q4_new, d, -, 96, 43690, 4, 85809305
q4_new, r, c, 112, 43690, 4, 63886604
q4_new, r, h, 112, 43690, 4, 63896791
q4_new, d, -, 112, 43690, 4, 143704545
q4_new, r, c, 112, 43690, 4, 63873304
q4_new, r, h, 112, 43690, 4, 63867730
q4_new, d, -, 112, 43690, 4, 142526399
q4_new, r, c, 112, 43690, 4, 63886719
q4_new, r, h, 112, 43690, 4, 63886667
q4_new, d, -, 112, 43690, 4, 144551507
q4_new, r, c, 112, 43690, 4, 63870990
q4_new, r, h, 112, 43690, 4, 63876347
q4_new, d, -, 112, 43690, 4, 142560045
q4_new, r, c, 112, 43690, 4, 63871969
q4_new, r, h, 112, 43690, 4, 63866614
q4_new, d, -, 112, 43690, 4, 143666234
q4_new, r, c, 112, 43690, 4, 63878524
q4_new, r, h, 112, 43690, 4, 63878023
q4_new, d, -, 112, 43690, 4, 145041512
q4_new, r, c, 112, 43690, 4, 63902072
q4_new, r, h, 112, 43690, 4, 63893305
q4_new, d, -, 112, 43690, 4, 143098739
q4_new, r, c, 112, 43690, 4, 63872915
q4_new, r, h, 112, 43690, 4, 63859054
q4_new, d, -, 112, 43690, 4, 142901084
q4_new, r, c, 112, 43690, 4, 63890714
q4_new, r, h, 112, 43690, 4, 63883077
q4_new, d, -, 112, 43690, 4, 144582517
q4_new, r, c, 112, 43690, 4, 63892338
q4_new, r, h, 112, 43690, 4, 63873249
q4_new, d, -, 112, 43690, 4, 142962618
q4_new, r, c, 112, 43690, 4, 63880357
q4_new, r, h, 112, 43690, 4, 63866230
q4_new, d, -, 112, 43690, 4, 144390910
q4_new, r, c, 112, 43690, 4, 63882718
q4_new, r, h, 112, 43690, 4, 63869382
q4_new, d, -, 112, 43690, 4, 145087420
q4_new, r, c, 112, 43690, 4, 63886833
q4_new, r, h, 112, 43690, 4, 63864931
q4_new, d, -, 112, 43690, 4, 142736582
q4_new, r, c, 112, 43690, 4, 63864778
q4_new, r, h, 112, 43690, 4, 63875526
q4_new, d, -, 112, 43690, 4, 141616596
q4_new, r, c, 112, 43690, 4, 63881172
q4_new, r, h, 112, 43690, 4, 63868305
q4_new, d, -, 112, 43690, 4, 142357753
q4_new, r, c, 112, 43690, 4, 63861145
q4_new, r, h, 112, 43690, 4, 63865448
q4_new, d, -, 112, 43690, 4, 143559201
q4_new, r, c, 112, 43690, 4, 63875826
q4_new, r, h, 112, 43690, 4, 63866988
q4_new, d, -, 112, 43690, 4, 144502237
q4_new, r, c, 112, 43690, 4, 63880615
q4_new, r, h, 112, 43690, 4, 63866986
q4_new, d, -, 112, 43690, 4, 143856238
q4_new, r, c, 112, 43690, 4, 63854851
q4_new, r, h, 112, 43690, 4, 63867889
q4_new, d, -, 112, 43690, 4, 142294925
q4_new, r, c, 112, 43690, 4, 63868219
q4_new, r, h, 112, 43690, 4, 63850997
q4_new, d, -, 112, 43690, 4, 145063288
q4_new, r, c, 112, 43690, 4, 63862274
q4_new, r, h, 112, 43690, 4, 63874106
q4_new, d, -, 112, 43690, 4, 145076335
q4_new, r, c, 112, 43690, 4, 63871183
q4_new, r, h, 112, 43690, 4, 63869137
q4_new, d, -, 112, 43690, 4, 142836223
q4_new, r, c, 112, 43690, 4, 63874053
q4_new, r, h, 112, 43690, 4, 63873181
q4_new, d, -, 112, 43690, 4, 143751579
q4_new, r, c, 112, 43690, 4, 63863166
q4_new, r, h, 112, 43690, 4, 63867081
q4_new, d, -, 112, 43690, 4, 143804387
q4_new, r, c, 112, 43690, 4, 63861714
q4_new, r, h, 112, 43690, 4, 63861090
q4_new, d, -, 112, 43690, 4, 145802089
q4_new, r, c, 112, 43690, 4, 63865881
q4_new, r, h, 112, 43690, 4, 63868658
q4_new, d, -, 112, 43690, 4, 141804119
q4_new, r, c, 112, 43690, 4, 63876383
q4_new, r, h, 112, 43690, 4, 63874266
q4_new, d, -, 112, 43690, 4, 142566624
q4_new, r, c, 112, 43690, 4, 63866524
q4_new, r, h, 112, 43690, 4, 63861614
q4_new, d, -, 112, 43690, 4, 141736134
q4_new, r, c, 112, 43690, 4, 63882883
q4_new, r, h, 112, 43690, 4, 63894971
q4_new, d, -, 112, 43690, 4, 141997596
q4_new, r, c, 112, 43690, 4, 63867244
q4_new, r, h, 112, 43690, 4, 63867187
q4_new, d, -, 112, 43690, 4, 142380402
q4_new, r, c, 128, 43690, 4, 63862285
q4_new, r, h, 128, 43690, 4, 63855802
q4_new, d, -, 128, 43690, 4, 79202116
q4_new, r, c, 128, 43690, 4, 63880841
q4_new, r, h, 128, 43690, 4, 63880469
q4_new, d, -, 128, 43690, 4, 78823038
q4_new, r, c, 128, 43690, 4, 63858087
q4_new, r, h, 128, 43690, 4, 63869192
q4_new, d, -, 128, 43690, 4, 78956201
q4_new, r, c, 128, 43690, 4, 63865734
q4_new, r, h, 128, 43690, 4, 63863173
q4_new, d, -, 128, 43690, 4, 78880682
q4_new, r, c, 128, 43690, 4, 63896168
q4_new, r, h, 128, 43690, 4, 63871713
q4_new, d, -, 128, 43690, 4, 79165198
q4_new, r, c, 128, 43690, 4, 63874324
q4_new, r, h, 128, 43690, 4, 63871450
q4_new, d, -, 128, 43690, 4, 78969254
q4_new, r, c, 128, 43690, 4, 63871841
q4_new, r, h, 128, 43690, 4, 63870448
q4_new, d, -, 128, 43690, 4, 79130135
q4_new, r, c, 128, 43690, 4, 63874129
q4_new, r, h, 128, 43690, 4, 63873024
q4_new, d, -, 128, 43690, 4, 78536895
q4_new, r, c, 128, 43690, 4, 63867580
q4_new, r, h, 128, 43690, 4, 63873320
q4_new, d, -, 128, 43690, 4, 78746225
q4_new, r, c, 128, 43690, 4, 63855663
q4_new, r, h, 128, 43690, 4, 63869205
q4_new, d, -, 128, 43690, 4, 78974283
q4_new, r, c, 128, 43690, 4, 63860320
q4_new, r, h, 128, 43690, 4, 63873476
q4_new, d, -, 128, 43690, 4, 79142154
q4_new, r, c, 128, 43690, 4, 63865026
q4_new, r, h, 128, 43690, 4, 63880698
q4_new, d, -, 128, 43690, 4, 78948871
q4_new, r, c, 128, 43690, 4, 63888446
q4_new, r, h, 128, 43690, 4, 63877419
q4_new, d, -, 128, 43690, 4, 78715735
q4_new, r, c, 128, 43690, 4, 63873651
q4_new, r, h, 128, 43690, 4, 63894974
q4_new, d, -, 128, 43690, 4, 79345811
q4_new, r, c, 128, 43690, 4, 63878934
q4_new, r, h, 128, 43690, 4, 63881573
q4_new, d, -, 128, 43690, 4, 78764213
q4_new, r, c, 128, 43690, 4, 63888691
q4_new, r, h, 128, 43690, 4, 63880482
q4_new, d, -, 128, 43690, 4, 78879891
q4_new, r, c, 128, 43690, 4, 63887039
q4_new, r, h, 128, 43690, 4, 63879794
q4_new, d, -, 128, 43690, 4, 78650652
q4_new, r, c, 128, 43690, 4, 63880575
q4_new, r, h, 128, 43690, 4, 63866562
q4_new, d, -, 128, 43690, 4, 79239076
q4_new, r, c, 128, 43690, 4, 63887051
q4_new, r, h, 128, 43690, 4, 63872480
q4_new, d, -, 128, 43690, 4, 78517849
q4_new, r, c, 128, 43690, 4, 63876840
q4_new, r, h, 128, 43690, 4, 63863933
q4_new, d, -, 128, 43690, 4, 78931689
q4_new, r, c, 128, 43690, 4, 63882250
q4_new, r, h, 128, 43690, 4, 63868241
q4_new, d, -, 128, 43690, 4, 79286546
q4_new, r, c, 128, 43690, 4, 63888113
q4_new, r, h, 128, 43690, 4, 63865244
q4_new, d, -, 128, 43690, 4, 78768145
q4_new, r, c, 128, 43690, 4, 63888471
q4_new, r, h, 128, 43690, 4, 63867791
q4_new, d, -, 128, 43690, 4, 78724953
q4_new, r, c, 128, 43690, 4, 63876737
q4_new, r, h, 128, 43690, 4, 63862044
q4_new, d, -, 128, 43690, 4, 78409802
q4_new, r, c, 128, 43690, 4, 63874745
q4_new, r, h, 128, 43690, 4, 63865021
q4_new, d, -, 128, 43690, 4, 78830614
q4_new, r, c, 128, 43690, 4, 63880107
q4_new, r, h, 128, 43690, 4, 63886825
q4_new, d, -, 128, 43690, 4, 78973134
q4_new, r, c, 128, 43690, 4, 63883186
q4_new, r, h, 128, 43690, 4, 63880967
q4_new, d, -, 128, 43690, 4, 78710516
q4_new, r, c, 128, 43690, 4, 63875442
q4_new, r, h, 128, 43690, 4, 63879806
q4_new, d, -, 128, 43690, 4, 79177802
q4_new, r, c, 128, 43690, 4, 63884369
q4_new, r, h, 128, 43690, 4, 63876892
q4_new, d, -, 128, 43690, 4, 78990104
q4_new, r, c, 128, 43690, 4, 63872300
q4_new, r, h, 128, 43690, 4, 63856833
q4_new, d, -, 128, 43690, 4, 78589668
q4_new, r, c, 144, 43690, 4, 63883613
q4_new, r, h, 144, 43690, 4, 63866858
q4_new, d, -, 144, 43690, 4, 149686338
q4_new, r, c, 144, 43690, 4, 63877799
q4_new, r, h, 144, 43690, 4, 63888685
q4_new, d, -, 144, 43690, 4, 149988617
q4_new, r, c, 144, 43690, 4, 63872563
q4_new, r, h, 144, 43690, 4, 63865990
q4_new, d, -, 144, 43690, 4, 149947690
q4_new, r, c, 144, 43690, 4, 63861989
q4_new, r, h, 144, 43690, 4, 63869029
q4_new, d, -, 144, 43690, 4, 150470761
q4_new, r, c, 144, 43690, 4, 63872215
q4_new, r, h, 144, 43690, 4, 63872394
q4_new, d, -, 144, 43690, 4, 150990111
q4_new, r, c, 144, 43690, 4, 63872984
q4_new, r, h, 144, 43690, 4, 63864318
q4_new, d, -, 144, 43690, 4, 148748939
q4_new, r, c, 144, 43690, 4, 63883154
q4_new, r, h, 144, 43690, 4, 63864667
q4_new, d, -, 144, 43690, 4, 149947670
q4_new, r, c, 144, 43690, 4, 63869019
q4_new, r, h, 144, 43690, 4, 63865501
q4_new, d, -, 144, 43690, 4, 149730691
q4_new, r, c, 144, 43690, 4, 63872716
q4_new, r, h, 144, 43690, 4, 63878349
q4_new, d, -, 144, 43690, 4, 149100866
q4_new, r, c, 144, 43690, 4, 63875472
q4_new, r, h, 144, 43690, 4, 63867304
q4_new, d, -, 144, 43690, 4, 150819275
q4_new, r, c, 144, 43690, 4, 63869281
q4_new, r, h, 144, 43690, 4, 63874855
q4_new, d, -, 144, 43690, 4, 149733448
q4_new, r, c, 144, 43690, 4, 63857595
q4_new, r, h, 144, 43690, 4, 63868890
q4_new, d, -, 144, 43690, 4, 149808184
q4_new, r, c, 144, 43690, 4, 63880113
q4_new, r, h, 144, 43690, 4, 63880274
q4_new, d, -, 144, 43690, 4, 149750517
q4_new, r, c, 144, 43690, 4, 63893574
q4_new, r, h, 144, 43690, 4, 63870759
q4_new, d, -, 144, 43690, 4, 151352404
q4_new, r, c, 144, 43690, 4, 63874627
q4_new, r, h, 144, 43690, 4, 63882791
q4_new, d, -, 144, 43690, 4, 149965145
q4_new, r, c, 144, 43690, 4, 63877434
q4_new, r, h, 144, 43690, 4, 63892503
q4_new, d, -, 144, 43690, 4, 147971405
q4_new, r, c, 144, 43690, 4, 63892255
q4_new, r, h, 144, 43690, 4, 63874511
q4_new, d, -, 144, 43690, 4, 149983067
q4_new, r, c, 144, 43690, 4, 63879572
q4_new, r, h, 144, 43690, 4, 63879090
q4_new, d, -, 144, 43690, 4, 149085929
q4_new, r, c, 144, 43690, 4, 63890839
q4_new, r, h, 144, 43690, 4, 63875636
q4_new, d, -, 144, 43690, 4, 149265222
q4_new, r, c, 144, 43690, 4, 63884991
q4_new, r, h, 144, 43690, 4, 63878874
q4_new, d, -, 144, 43690, 4, 150703222
q4_new, r, c, 144, 43690, 4, 63888129
q4_new, r, h, 144, 43690, 4, 63883625
q4_new, d, -, 144, 43690, 4, 150664554
q4_new, r, c, 144, 43690, 4, 63883926
q4_new, r, h, 144, 43690, 4, 63877263
q4_new, d, -, 144, 43690, 4, 149657456
q4_new, r, c, 144, 43690, 4, 63897785
q4_new, r, h, 144, 43690, 4, 63882624
q4_new, d, -, 144, 43690, 4, 149742948
q4_new, r, c, 144, 43690, 4, 63881094
q4_new, r, h, 144, 43690, 4, 63874375
q4_new, d, -, 144, 43690, 4, 149591654
q4_new, r, c, 144, 43690, 4, 63892487
q4_new, r, h, 144, 43690, 4, 63890574
q4_new, d, -, 144, 43690, 4, 151057208
q4_new, r, c, 144, 43690, 4, 63874461
q4_new, r, h, 144, 43690, 4, 63907522
q4_new, d, -, 144, 43690, 4, 149702278
q4_new, r, c, 144, 43690, 4, 63882587
q4_new, r, h, 144, 43690, 4, 63883330
q4_new, d, -, 144, 43690, 4, 149842194
q4_new, r, c, 144, 43690, 4, 63892114
q4_new, r, h, 144, 43690, 4, 63885247
q4_new, d, -, 144, 43690, 4, 149729075
q4_new, r, c, 144, 43690, 4, 63883123
q4_new, r, h, 144, 43690, 4, 63882677
q4_new, d, -, 144, 43690, 4, 150912483
q4_new, r, c, 144, 43690, 4, 63896027
q4_new, r, h, 144, 43690, 4, 63868546
q4_new, d, -, 144, 43690, 4, 150283299
q4_new, r, c, 160, 43690, 4, 63880567
q4_new, r, h, 160, 43690, 4, 63873316
q4_new, d, -, 160, 43690, 4, 194492103
q4_new, r, c, 160, 43690, 4, 63882685
q4_new, r, h, 160, 43690, 4, 63881384
q4_new, d, -, 160, 43690, 4, 194386587
q4_new, r, c, 160, 43690, 4, 63890801
q4_new, r, h, 160, 43690, 4, 63870363
q4_new, d, -, 160, 43690, 4, 194367168
q4_new, r, c, 160, 43690, 4, 63879875
q4_new, r, h, 160, 43690, 4, 63886756
q4_new, d, -, 160, 43690, 4, 194468122
q4_new, r, c, 160, 43690, 4, 63896535
q4_new, r, h, 160, 43690, 4, 63876884
q4_new, d, -, 160, 43690, 4, 194433364
q4_new, r, c, 160, 43690, 4, 63876399
q4_new, r, h, 160, 43690, 4, 63892465
q4_new, d, -, 160, 43690, 4, 194495513
q4_new, r, c, 160, 43690, 4, 63886132
q4_new, r, h, 160, 43690, 4, 63878068
q4_new, d, -, 160, 43690, 4, 194503176
q4_new, r, c, 160, 43690, 4, 63878543
q4_new, r, h, 160, 43690, 4, 63882325
q4_new, d, -, 160, 43690, 4, 194520265
q4_new, r, c, 160, 43690, 4, 63880581
q4_new, r, h, 160, 43690, 4, 63869819
q4_new, d, -, 160, 43690, 4, 194414055
q4_new, r, c, 160, 43690, 4, 63887831
q4_new, r, h, 160, 43690, 4, 63873668
q4_new, d, -, 160, 43690, 4, 194427916
q4_new, r, c, 160, 43690, 4, 63895871
q4_new, r, h, 160, 43690, 4, 63876032
q4_new, d, -, 160, 43690, 4, 194431550
q4_new, r, c, 160, 43690, 4, 63877419
q4_new, r, h, 160, 43690, 4, 63860769
q4_new, d, -, 160, 43690, 4, 194320744
q4_new, r, c, 160, 43690, 4, 63872402
q4_new, r, h, 160, 43690, 4, 63868894
q4_new, d, -, 160, 43690, 4, 194292306
q4_new, r, c, 160, 43690, 4, 63865628
q4_new, r, h, 160, 43690, 4, 63851790
q4_new, d, -, 160, 43690, 4, 194394096
q4_new, r, c, 160, 43690, 4, 63875910
q4_new, r, h, 160, 43690, 4, 63869738
q4_new, d, -, 160, 43690, 4, 194326035
q4_new, r, c, 160, 43690, 4, 63865986
q4_new, r, h, 160, 43690, 4, 63870649
q4_new, d, -, 160, 43690, 4, 194334928
q4_new, r, c, 160, 43690, 4, 63900743
q4_new, r, h, 160, 43690, 4, 63870706
q4_new, d, -, 160, 43690, 4, 194284861
q4_new, r, c, 160, 43690, 4, 63868964
q4_new, r, h, 160, 43690, 4, 63867373
q4_new, d, -, 160, 43690, 4, 194334789
q4_new, r, c, 160, 43690, 4, 63868594
q4_new, r, h, 160, 43690, 4, 63866230
q4_new, d, -, 160, 43690, 4, 194350643
q4_new, r, c, 160, 43690, 4, 63872792
q4_new, r, h, 160, 43690, 4, 63865821
q4_new, d, -, 160, 43690, 4, 194359159
q4_new, r, c, 160, 43690, 4, 63880905
q4_new, r, h, 160, 43690, 4, 63870984
q4_new, d, -, 160, 43690, 4, 194269198
q4_new, r, c, 160, 43690, 4, 63883628
q4_new, r, h, 160, 43690, 4, 63868097
q4_new, d, -, 160, 43690, 4, 194406458
q4_new, r, c, 160, 43690, 4, 63864043
q4_new, r, h, 160, 43690, 4, 63855333
q4_new, d, -, 160, 43690, 4, 194353598
q4_new, r, c, 160, 43690, 4, 63874173
q4_new, r, h, 160, 43690, 4, 63860793
q4_new, d, -, 160, 43690, 4, 194304174
q4_new, r, c, 160, 43690, 4, 63875165
q4_new, r, h, 160, 43690, 4, 63864870
q4_new, d, -, 160, 43690, 4, 194331755
q4_new, r, c, 160, 43690, 4, 63908424
q4_new, r, h, 160, 43690, 4, 63868004
q4_new, d, -, 160, 43690, 4, 194387708
q4_new, r, c, 160, 43690, 4, 63875525
q4_new, r, h, 160, 43690, 4, 63863443
q4_new, d, -, 160, 43690, 4, 194307149
q4_new, r, c, 160, 43690, 4, 63869630
q4_new, r, h, 160, 43690, 4, 63876756
q4_new, d, -, 160, 43690, 4, 194279259
q4_new, r, c, 160, 43690, 4, 63874789
q4_new, r, h, 160, 43690, 4, 63863331
q4_new, d, -, 160, 43690, 4, 194334849
q4_new, r, c, 160, 43690, 4, 63874970
q4_new, r, h, 160, 43690, 4, 63860035
q4_new, d, -, 160, 43690, 4, 194313948
q4_new, r, c, 176, 43690, 4, 63864992
q4_new, r, h, 176, 43690, 4, 63864168
q4_new, d, -, 176, 43690, 4, 181545478
q4_new, r, c, 176, 43690, 4, 63874544
q4_new, r, h, 176, 43690, 4, 63864473
q4_new, d, -, 176, 43690, 4, 181925048
q4_new, r, c, 176, 43690, 4, 63888312
q4_new, r, h, 176, 43690, 4, 63877612
q4_new, d, -, 176, 43690, 4, 181561261
q4_new, r, c, 176, 43690, 4, 63884164
q4_new, r, h, 176, 43690, 4, 63866083
q4_new, d, -, 176, 43690, 4, 182261034
q4_new, r, c, 176, 43690, 4, 63882471
q4_new, r, h, 176, 43690, 4, 63874591
q4_new, d, -, 176, 43690, 4, 181850955
q4_new, r, c, 176, 43690, 4, 63885579
q4_new, r, h, 176, 43690, 4, 63874485
q4_new, d, -, 176, 43690, 4, 181582247
q4_new, r, c, 176, 43690, 4, 63865587
q4_new, r, h, 176, 43690, 4, 63868309
q4_new, d, -, 176, 43690, 4, 182196386
q4_new, r, c, 176, 43690, 4, 63858937
q4_new, r, h, 176, 43690, 4, 63867934
q4_new, d, -, 176, 43690, 4, 182820055
q4_new, r, c, 176, 43690, 4, 63870516
q4_new, r, h, 176, 43690, 4, 63875955
q4_new, d, -, 176, 43690, 4, 181791139
q4_new, r, c, 176, 43690, 4, 63872715
q4_new, r, h, 176, 43690, 4, 63875278
q4_new, d, -, 176, 43690, 4, 182170216
q4_new, r, c, 176, 43690, 4, 63879601
q4_new, r, h, 176, 43690, 4, 63866132
q4_new, d, -, 176, 43690, 4, 181424524
q4_new, r, c, 176, 43690, 4, 63881271
q4_new, r, h, 176, 43690, 4, 63871181
q4_new, d, -, 176, 43690, 4, 182154220
q4_new, r, c, 176, 43690, 4, 63868863
q4_new, r, h, 176, 43690, 4, 63861598
q4_new, d, -, 176, 43690, 4, 182274724
q4_new, r, c, 176, 43690, 4, 63873600
q4_new, r, h, 176, 43690, 4, 63867964
q4_new, d, -, 176, 43690, 4, 181493996
q4_new, r, c, 176, 43690, 4, 63865349
q4_new, r, h, 176, 43690, 4, 63871135
q4_new, d, -, 176, 43690, 4, 182149006
q4_new, r, c, 176, 43690, 4, 63867770
q4_new, r, h, 176, 43690, 4, 63872122
q4_new, d, -, 176, 43690, 4, 182045232
q4_new, r, c, 176, 43690, 4, 63866293
q4_new, r, h, 176, 43690, 4, 63857060
q4_new, d, -, 176, 43690, 4, 181573398
q4_new, r, c, 176, 43690, 4, 63888038
q4_new, r, h, 176, 43690, 4, 63870026
q4_new, d, -, 176, 43690, 4, 181856340
q4_new, r, c, 176, 43690, 4, 63887062
q4_new, r, h, 176, 43690, 4, 63873891
q4_new, d, -, 176, 43690, 4, 181970714
q4_new, r, c, 176, 43690, 4, 63872496
q4_new, r, h, 176, 43690, 4, 63876470
q4_new, d, -, 176, 43690, 4, 182273278
q4_new, r, c, 176, 43690, 4, 63880476
q4_new, r, h, 176, 43690, 4, 63866911
q4_new, d, -, 176, 43690, 4, 182085987
q4_new, r, c, 176, 43690, 4, 63875991
q4_new, r, h, 176, 43690, 4, 63868333
q4_new, d, -, 176, 43690, 4, 181680391
q4_new, r, c, 176, 43690, 4, 63863174
q4_new, r, h, 176, 43690, 4, 63875841
q4_new, d, -, 176, 43690, 4, 182099728
q4_new, r, c, 176, 43690, 4, 63876614
q4_new, r, h, 176, 43690, 4, 63869127
q4_new, d, -, 176, 43690, 4, 181703975
q4_new, r, c, 176, 43690, 4, 63856203
q4_new, r, h, 176, 43690, 4, 63854041
q4_new, d, -, 176, 43690, 4, 181684025
q4_new, r, c, 176, 43690, 4, 63887410
q4_new, r, h, 176, 43690, 4, 63858355
q4_new, d, -, 176, 43690, 4, 181597852
q4_new, r, c, 176, 43690, 4, 63864453
q4_new, r, h, 176, 43690, 4, 63864269
q4_new, d, -, 176, 43690, 4, 182354257
q4_new, r, c, 176, 43690, 4, 63870162
q4_new, r, h, 176, 43690, 4, 63870336
q4_new, d, -, 176, 43690, 4, 182209822
q4_new, r, c, 176, 43690, 4, 63869813
q4_new, r, h, 176, 43690, 4, 63892052
q4_new, d, -, 176, 43690, 4, 181675924
q4_new, r, c, 176, 43690, 4, 63875456
q4_new, r, h, 176, 43690, 4, 63860274
q4_new, d, -, 176, 43690, 4, 182267346
q4_new, r, c, 192, 43690, 4, 63890254
q4_new, r, h, 192, 43690, 4, 63888688
q4_new, d, -, 192, 43690, 4, 77447681
q4_new, r, c, 192, 43690, 4, 63886833
q4_new, r, h, 192, 43690, 4, 63869135
q4_new, d, -, 192, 43690, 4, 77456515
q4_new, r, c, 192, 43690, 4, 63899334
q4_new, r, h, 192, 43690, 4, 63874746
q4_new, d, -, 192, 43690, 4, 77671272
q4_new, r, c, 192, 43690, 4, 63883631
q4_new, r, h, 192, 43690, 4, 63870851
q4_new, d, -, 192, 43690, 4, 77447054
q4_new, r, c, 192, 43690, 4, 63862762
q4_new, r, h, 192, 43690, 4, 63860978
q4_new, d, -, 192, 43690, 4, 77436293
q4_new, r, c, 192, 43690, 4, 63864816
q4_new, r, h, 192, 43690, 4, 63869011
q4_new, d, -, 192, 43690, 4, 77448808
q4_new, r, c, 192, 43690, 4, 63881444
q4_new, r, h, 192, 43690, 4, 63872023
q4_new, d, -, 192, 43690, 4, 77431487
q4_new, r, c, 192, 43690, 4, 63877901
q4_new, r, h, 192, 43690, 4, 63874038
q4_new, d, -, 192, 43690, 4, 77439308
q4_new, r, c, 192, 43690, 4, 63863102
q4_new, r, h, 192, 43690, 4, 63860332
q4_new, d, -, 192, 43690, 4, 77445264
q4_new, r, c, 192, 43690, 4, 63879341
q4_new, r, h, 192, 43690, 4, 63869123
q4_new, d, -, 192, 43690, 4, 77479589
q4_new, r, c, 192, 43690, 4, 63861594
q4_new, r, h, 192, 43690, 4, 63856855
q4_new, d, -, 192, 43690, 4, 77430218
q4_new, r, c, 192, 43690, 4, 63884152
q4_new, r, h, 192, 43690, 4, 63869470
q4_new, d, -, 192, 43690, 4, 77452319
q4_new, r, c, 192, 43690, 4, 63865731
q4_new, r, h, 192, 43690, 4, 63858304
q4_new, d, -, 192, 43690, 4, 77430832
q4_new, r, c, 192, 43690, 4, 63853762
q4_new, r, h, 192, 43690, 4, 63873259
q4_new, d, -, 192, 43690, 4, 77446910
q4_new, r, c, 192, 43690, 4, 63861980
q4_new, r, h, 192, 43690, 4, 63854150
q4_new, d, -, 192, 43690, 4, 77449603
q4_new, r, c, 192, 43690, 4, 63872879
q4_new, r, h, 192, 43690, 4, 63856796
q4_new, d, -, 192, 43690, 4, 77446441
q4_new, r, c, 192, 43690, 4, 63863002
q4_new, r, h, 192, 43690, 4, 63863969
q4_new, d, -, 192, 43690, 4, 77441939
q4_new, r, c, 192, 43690, 4, 63900662
q4_new, r, h, 192, 43690, 4, 63887556
q4_new, d, -, 192, 43690, 4, 77454915
q4_new, r, c, 192, 43690, 4, 63868103
q4_new, r, h, 192, 43690, 4, 63875330
q4_new, d, -, 192, 43690, 4, 77449171
q4_new, r, c, 192, 43690, 4, 63872223
q4_new, r, h, 192, 43690, 4, 63877669
q4_new, d, -, 192, 43690, 4, 77453162
q4_new, r, c, 192, 43690, 4, 63873443
q4_new, r, h, 192, 43690, 4, 63871807
q4_new, d, -, 192, 43690, 4, 77449334
q4_new, r, c, 192, 43690, 4, 63880324
q4_new, r, h, 192, 43690, 4, 63862581
q4_new, d, -, 192, 43690, 4, 77431248
q4_new, r, c, 192, 43690, 4, 63878525
q4_new, r, h, 192, 43690, 4, 63875704
q4_new, d, -, 192, 43690, 4, 77437116
q4_new, r, c, 192, 43690, 4, 63870701
q4_new, r, h, 192, 43690, 4, 63876838
q4_new, d, -, 192, 43690, 4, 77428726
q4_new, r, c, 192, 43690, 4, 63861851
q4_new, r, h, 192, 43690, 4, 63856131
q4_new, d, -, 192, 43690, 4, 77460469
q4_new, r, c, 192, 43690, 4, 63872089
q4_new, r, h, 192, 43690, 4, 63864964
q4_new, d, -, 192, 43690, 4, 77466524
q4_new, r, c, 192, 43690, 4, 63857498
q4_new, r, h, 192, 43690, 4, 63863033
q4_new, d, -, 192, 43690, 4, 77451274
q4_new, r, c, 192, 43690, 4, 63875349
q4_new, r, h, 192, 43690, 4, 63875343
q4_new, d, -, 192, 43690, 4, 77439258
q4_new, r, c, 192, 43690, 4, 63869662
q4_new, r, h, 192, 43690, 4, 63873245
q4_new, d, -, 192, 43690, 4, 77453393
q4_new, r, c, 192, 43690, 4, 63873582
q4_new, r, h, 192, 43690, 4, 63860650
q4_new, d, -, 192, 43690, 4, 77437572
q4_new, r, c, 208, 43690, 4, 63899785
q4_new, r, h, 208, 43690, 4, 63867692
q4_new, d, -, 208, 43690, 4, 190275905
q4_new, r, c, 208, 43690, 4, 63895012
q4_new, r, h, 208, 43690, 4, 63900722
q4_new, d, -, 208, 43690, 4, 190378039
q4_new, r, c, 208, 43690, 4, 63865567
q4_new, r, h, 208, 43690, 4, 63873240
q4_new, d, -, 208, 43690, 4, 190318123
q4_new, r, c, 208, 43690, 4, 63880150
q4_new, r, h, 208, 43690, 4, 63866744
q4_new, d, -, 208, 43690, 4, 190083730
q4_new, r, c, 208, 43690, 4, 63874105
q4_new, r, h, 208, 43690, 4, 63876550
q4_new, d, -, 208, 43690, 4, 190172785
q4_new, r, c, 208, 43690, 4, 63878141
q4_new, r, h, 208, 43690, 4, 63874673
q4_new, d, -, 208, 43690, 4, 190163818
q4_new, r, c, 208, 43690, 4, 63889098
q4_new, r, h, 208, 43690, 4, 63865268
q4_new, d, -, 208, 43690, 4, 190230207
q4_new, r, c, 208, 43690, 4, 63893611
q4_new, r, h, 208, 43690, 4, 63882067
q4_new, d, -, 208, 43690, 4, 190263956
q4_new, r, c, 208, 43690, 4, 63859369
q4_new, r, h, 208, 43690, 4, 63878090
q4_new, d, -, 208, 43690, 4, 190093115
q4_new, r, c, 208, 43690, 4, 63875372
q4_new, r, h, 208, 43690, 4, 63875655
q4_new, d, -, 208, 43690, 4, 190291690
q4_new, r, c, 208, 43690, 4, 63874349
q4_new, r, h, 208, 43690, 4, 63870086
q4_new, d, -, 208, 43690, 4, 190105880
q4_new, r, c, 208, 43690, 4, 63874816
q4_new, r, h, 208, 43690, 4, 63877023
q4_new, d, -, 208, 43690, 4, 190178904
q4_new, r, c, 208, 43690, 4, 63871438
q4_new, r, h, 208, 43690, 4, 63875603
q4_new, d, -, 208, 43690, 4, 190147282
q4_new, r, c, 208, 43690, 4, 63869646
q4_new, r, h, 208, 43690, 4, 63879267
q4_new, d, -, 208, 43690, 4, 190147979
q4_new, r, c, 208, 43690, 4, 63883162
q4_new, r, h, 208, 43690, 4, 63887114
q4_new, d, -, 208, 43690, 4, 190337675
q4_new, r, c, 208, 43690, 4, 63897257
q4_new, r, h, 208, 43690, 4, 63889900
q4_new, d, -, 208, 43690, 4, 190137373
q4_new, r, c, 208, 43690, 4, 63882431
q4_new, r, h, 208, 43690, 4, 63885436
q4_new, d, -, 208, 43690, 4, 190284505
q4_new, r, c, 208, 43690, 4, 63873647
q4_new, r, h, 208, 43690, 4, 63883300
q4_new, d, -, 208, 43690, 4, 190237661
q4_new, r, c, 208, 43690, 4, 63890062
q4_new, r, h, 208, 43690, 4, 63877181
q4_new, d, -, 208, 43690, 4, 190333525
q4_new, r, c, 208, 43690, 4, 63889774
q4_new, r, h, 208, 43690, 4, 63869822
q4_new, d, -, 208, 43690, 4, 190379780
q4_new, r, c, 208, 43690, 4, 63894441
q4_new, r, h, 208, 43690, 4, 63886085
q4_new, d, -, 208, 43690, 4, 190227973
q4_new, r, c, 208, 43690, 4, 63888880
q4_new, r, h, 208, 43690, 4, 63887759
q4_new, d, -, 208, 43690, 4, 190149381
q4_new, r, c, 208, 43690, 4, 63877095
q4_new, r, h, 208, 43690, 4, 63875866
q4_new, d, -, 208, 43690, 4, 190249182
q4_new, r, c, 208, 43690, 4, 63885082
q4_new, r, h, 208, 43690, 4, 63873916
q4_new, d, -, 208, 43690, 4, 190189327
q4_new, r, c, 208, 43690, 4, 63882708
q4_new, r, h, 208, 43690, 4, 63874338
q4_new, d, -, 208, 43690, 4, 190312925
q4_new, r, c, 208, 43690, 4, 63897472
q4_new, r, h, 208, 43690, 4, 63882335
q4_new, d, -, 208, 43690, 4, 190204538
q4_new, r, c, 208, 43690, 4, 63877199
q4_new, r, h, 208, 43690, 4, 63889066
q4_new, d, -, 208, 43690, 4, 190271081
q4_new, r, c, 208, 43690, 4, 63882637
q4_new, r, h, 208, 43690, 4, 63881015
q4_new, d, -, 208, 43690, 4, 190296383
q4_new, r, c, 208, 43690, 4, 63890837
q4_new, r, h, 208, 43690, 4, 63888865
q4_new, d, -, 208, 43690, 4, 190247927
q4_new, r, c, 208, 43690, 4, 63886606
q4_new, r, h, 208, 43690, 4, 63881810
q4_new, d, -, 208, 43690, 4, 190407237
q4_new, r, c, 224, 43690, 4, 63890796
q4_new, r, h, 224, 43690, 4, 63886411
q4_new, d, -, 224, 43690, 4, 195079348
q4_new, r, c, 224, 43690, 4, 63878996
q4_new, r, h, 224, 43690, 4, 63901630
q4_new, d, -, 224, 43690, 4, 195115770
q4_new, r, c, 224, 43690, 4, 63878293
q4_new, r, h, 224, 43690, 4, 63878673
q4_new, d, -, 224, 43690, 4, 194875545
q4_new, r, c, 224, 43690, 4, 63880514
q4_new, r, h, 224, 43690, 4, 63867636
q4_new, d, -, 224, 43690, 4, 194981799
q4_new, r, c, 224, 43690, 4, 63873413
q4_new, r, h, 224, 43690, 4, 63876072
q4_new, d, -, 224, 43690, 4, 194937183
q4_new, r, c, 224, 43690, 4, 63867331
q4_new, r, h, 224, 43690, 4, 63881219
q4_new, d, -, 224, 43690, 4, 194944814
q4_new, r, c, 224, 43690, 4, 63866662
q4_new, r, h, 224, 43690, 4, 63864630
q4_new, d, -, 224, 43690, 4, 194909291
q4_new, r, c, 224, 43690, 4, 63863439
q4_new, r, h, 224, 43690, 4, 63882774
q4_new, d, -, 224, 43690, 4, 194921582
q4_new, r, c, 224, 43690, 4, 63877276
q4_new, r, h, 224, 43690, 4, 63867291
q4_new, d, -, 224, 43690, 4, 194976276
q4_new, r, c, 224, 43690, 4, 63856979
q4_new, r, h, 224, 43690, 4, 63861930
q4_new, d, -, 224, 43690, 4, 194917495
q4_new, r, c, 224, 43690, 4, 63863674
q4_new, r, h, 224, 43690, 4, 63864120
q4_new, d, -, 224, 43690, 4, 194968046
q4_new, r, c, 224, 43690, 4, 63884272
q4_new, r, h, 224, 43690, 4, 63877546
q4_new, d, -, 224, 43690, 4, 194927317
q4_new, r, c, 224, 43690, 4, 63865100
q4_new, r, h, 224, 43690, 4, 63868785
q4_new, d, -, 224, 43690, 4, 194944611
q4_new, r, c, 224, 43690, 4, 63885638
q4_new, r, h, 224, 43690, 4, 63880927
q4_new, d, -, 224, 43690, 4, 195153799
q4_new, r, c, 224, 43690, 4, 63889924
q4_new, r, h, 224, 43690, 4, 63885736
q4_new, d, -, 224, 43690, 4, 195076757
q4_new, r, c, 224, 43690, 4, 63889815
q4_new, r, h, 224, 43690, 4, 63891967
q4_new, d, -, 224, 43690, 4, 195081685
q4_new, r, c, 224, 43690, 4, 63912469
q4_new, r, h, 224, 43690, 4, 63878648
q4_new, d, -, 224, 43690, 4, 195091738
q4_new, r, c, 224, 43690, 4, 63884595
q4_new, r, h, 224, 43690, 4, 63897049
q4_new, d, -, 224, 43690, 4, 195081366
q4_new, r, c, 224, 43690, 4, 63883796
q4_new, r, h, 224, 43690, 4, 63892713
q4_new, d, -, 224, 43690, 4, 195045809
q4_new, r, c, 224, 43690, 4, 63880845
q4_new, r, h, 224, 43690, 4, 63872632
q4_new, d, -, 224, 43690, 4, 195031350
q4_new, r, c, 224, 43690, 4, 63897544
q4_new, r, h, 224, 43690, 4, 63893348
q4_new, d, -, 224, 43690, 4, 195107685
q4_new, r, c, 224, 43690, 4, 63883340
q4_new, r, h, 224, 43690, 4, 63880153
q4_new, d, -, 224, 43690, 4, 195080687
q4_new, r, c, 224, 43690, 4, 63904069
q4_new, r, h, 224, 43690, 4, 63879293
q4_new, d, -, 224, 43690, 4, 195103507
q4_new, r, c, 224, 43690, 4, 63885518
q4_new, r, h, 224, 43690, 4, 63891303
q4_new, d, -, 224, 43690, 4, 195044645
q4_new, r, c, 224, 43690, 4, 63899076
q4_new, r, h, 224, 43690, 4, 63883663
q4_new, d, -, 224, 43690, 4, 195098182
q4_new, r, c, 224, 43690, 4, 63887759
q4_new, r, h, 224, 43690, 4, 63879141
q4_new, d, -, 224, 43690, 4, 195040291
q4_new, r, c, 224, 43690, 4, 63891759
q4_new, r, h, 224, 43690, 4, 63882922
q4_new, d, -, 224, 43690, 4, 195099899
q4_new, r, c, 224, 43690, 4, 63890169
q4_new, r, h, 224, 43690, 4, 63877177
q4_new, d, -, 224, 43690, 4, 195068389
q4_new, r, c, 224, 43690, 4, 63871498
q4_new, r, h, 224, 43690, 4, 63893898
q4_new, d, -, 224, 43690, 4, 194938952
q4_new, r, c, 224, 43690, 4, 63877424
q4_new, r, h, 224, 43690, 4, 63880219
q4_new, d, -, 224, 43690, 4, 195004042
q4_new, r, c, 240, 43690, 4, 63869601
q4_new, r, h, 240, 43690, 4, 63863154
q4_new, d, -, 240, 43690, 4, 190976390
q4_new, r, c, 240, 43690, 4, 63866975
q4_new, r, h, 240, 43690, 4, 63862097
q4_new, d, -, 240, 43690, 4, 191775633
q4_new, r, c, 240, 43690, 4, 63865967
q4_new, r, h, 240, 43690, 4, 63869664
q4_new, d, -, 240, 43690, 4, 191071042
q4_new, r, c, 240, 43690, 4, 63866639
q4_new, r, h, 240, 43690, 4, 63873526
q4_new, d, -, 240, 43690, 4, 191552955
q4_new, r, c, 240, 43690, 4, 63880835
q4_new, r, h, 240, 43690, 4, 63856574
q4_new, d, -, 240, 43690, 4, 190969357
q4_new, r, c, 240, 43690, 4, 63881341
q4_new, r, h, 240, 43690, 4, 63881311
q4_new, d, -, 240, 43690, 4, 191563490
q4_new, r, c, 240, 43690, 4, 63873761
q4_new, r, h, 240, 43690, 4, 63880634
q4_new, d, -, 240, 43690, 4, 190948139
q4_new, r, c, 240, 43690, 4, 63862849
q4_new, r, h, 240, 43690, 4, 63869901
q4_new, d, -, 240, 43690, 4, 191055766
q4_new, r, c, 240, 43690, 4, 63869652
q4_new, r, h, 240, 43690, 4, 63861654
q4_new, d, -, 240, 43690, 4, 191080890
q4_new, r, c, 240, 43690, 4, 63873361
q4_new, r, h, 240, 43690, 4, 63896359
q4_new, d, -, 240, 43690, 4, 191608541
q4_new, r, c, 240, 43690, 4, 63884632
q4_new, r, h, 240, 43690, 4, 63887082
q4_new, d, -, 240, 43690, 4, 191906720
q4_new, r, c, 240, 43690, 4, 63884306
q4_new, r, h, 240, 43690, 4, 63883941
q4_new, d, -, 240, 43690, 4, 191167839
q4_new, r, c, 240, 43690, 4, 63862907
q4_new, r, h, 240, 43690, 4, 63879252
q4_new, d, -, 240, 43690, 4, 191845568
q4_new, r, c, 240, 43690, 4, 63889657
q4_new, r, h, 240, 43690, 4, 63871694
q4_new, d, -, 240, 43690, 4, 191337862
q4_new, r, c, 240, 43690, 4, 63902910
q4_new, r, h, 240, 43690, 4, 63884532
q4_new, d, -, 240, 43690, 4, 191111143
q4_new, r, c, 240, 43690, 4, 63887034
q4_new, r, h, 240, 43690, 4, 63871424
q4_new, d, -, 240, 43690, 4, 190985155
q4_new, r, c, 240, 43690, 4, 63897328
q4_new, r, h, 240, 43690, 4, 63865136
q4_new, d, -, 240, 43690, 4, 191770122
q4_new, r, c, 240, 43690, 4, 63865014
q4_new, r, h, 240, 43690, 4, 63873249
q4_new, d, -, 240, 43690, 4, 190995143
q4_new, r, c, 240, 43690, 4, 63894654
q4_new, r, h, 240, 43690, 4, 63881551
q4_new, d, -, 240, 43690, 4, 191004678
q4_new, r, c, 240, 43690, 4, 63878424
q4_new, r, h, 240, 43690, 4, 63881503
q4_new, d, -, 240, 43690, 4, 191136453
q4_new, r, c, 240, 43690, 4, 63877266
q4_new, r, h, 240, 43690, 4, 63871093
q4_new, d, -, 240, 43690, 4, 191068488
q4_new, r, c, 240, 43690, 4, 63894948
q4_new, r, h, 240, 43690, 4, 63887682
q4_new, d, -, 240, 43690, 4, 191314695
q4_new, r, c, 240, 43690, 4, 63875465
q4_new, r, h, 240, 43690, 4, 63888181
q4_new, d, -, 240, 43690, 4, 191162826
q4_new, r, c, 240, 43690, 4, 63855628
q4_new, r, h, 240, 43690, 4, 63870640
q4_new, d, -, 240, 43690, 4, 190997533
q4_new, r, c, 240, 43690, 4, 63879540
q4_new, r, h, 240, 43690, 4, 63869853
q4_new, d, -, 240, 43690, 4, 191254159
q4_new, r, c, 240, 43690, 4, 63882187
q4_new, r, h, 240, 43690, 4, 63875783
q4_new, d, -, 240, 43690, 4, 191679262
q4_new, r, c, 240, 43690, 4, 63869588
q4_new, r, h, 240, 43690, 4, 63868920
q4_new, d, -, 240, 43690, 4, 191032283
q4_new, r, c, 240, 43690, 4, 63869175
q4_new, r, h, 240, 43690, 4, 63861587
q4_new, d, -, 240, 43690, 4, 191067808
q4_new, r, c, 240, 43690, 4, 63854507
q4_new, r, h, 240, 43690, 4, 63869060
q4_new, d, -, 240, 43690, 4, 191751633
q4_new, r, c, 240, 43690, 4, 63896665
q4_new, r, h, 240, 43690, 4, 63872563
q4_new, d, -, 240, 43690, 4, 191832030
q4_new, r, c, 256, 43690, 4, 63883423
q4_new, r, h, 256, 43690, 4, 63867037
q4_new, d, -, 256, 43690, 4, 79929167
q4_new, r, c, 256, 43690, 4, 63875440
q4_new, r, h, 256, 43690, 4, 63873949
q4_new, d, -, 256, 43690, 4, 79813981
q4_new, r, c, 256, 43690, 4, 63878311
q4_new, r, h, 256, 43690, 4, 63857160
q4_new, d, -, 256, 43690, 4, 79771817
q4_new, r, c, 256, 43690, 4, 63870931
q4_new, r, h, 256, 43690, 4, 63863887
q4_new, d, -, 256, 43690, 4, 79824353
q4_new, r, c, 256, 43690, 4, 63883753
q4_new, r, h, 256, 43690, 4, 63877660
q4_new, d, -, 256, 43690, 4, 79886753
q4_new, r, c, 256, 43690, 4, 63861631
q4_new, r, h, 256, 43690, 4, 63871437
q4_new, d, -, 256, 43690, 4, 79788083
q4_new, r, c, 256, 43690, 4, 63862385
q4_new, r, h, 256, 43690, 4, 63871255
q4_new, d, -, 256, 43690, 4, 79838621
q4_new, r, c, 256, 43690, 4, 63881464
q4_new, r, h, 256, 43690, 4, 63874485
q4_new, d, -, 256, 43690, 4, 79698887
q4_new, r, c, 256, 43690, 4, 63882929
q4_new, r, h, 256, 43690, 4, 63866313
q4_new, d, -, 256, 43690, 4, 79735193
q4_new, r, c, 256, 43690, 4, 63889355
q4_new, r, h, 256, 43690, 4, 63856175
q4_new, d, -, 256, 43690, 4, 80054588
q4_new, r, c, 256, 43690, 4, 63879729
q4_new, r, h, 256, 43690, 4, 63876646
q4_new, d, -, 256, 43690, 4, 79775018
q4_new, r, c, 256, 43690, 4, 63865022
q4_new, r, h, 256, 43690, 4, 63864304
q4_new, d, -, 256, 43690, 4, 79783823
q4_new, r, c, 256, 43690, 4, 63860499
q4_new, r, h, 256, 43690, 4, 63875553
q4_new, d, -, 256, 43690, 4, 79911441
q4_new, r, c, 256, 43690, 4, 63878072
q4_new, r, h, 256, 43690, 4, 63869796
q4_new, d, -, 256, 43690, 4, 79861779
q4_new, r, c, 256, 43690, 4, 63875055
q4_new, r, h, 256, 43690, 4, 63862316
q4_new, d, -, 256, 43690, 4, 79841669
q4_new, r, c, 256, 43690, 4, 63890750
q4_new, r, h, 256, 43690, 4, 63875123
q4_new, d, -, 256, 43690, 4, 79801245
q4_new, r, c, 256, 43690, 4, 63873481
q4_new, r, h, 256, 43690, 4, 63869055
q4_new, d, -, 256, 43690, 4, 79727239
q4_new, r, c, 256, 43690, 4, 63882703
q4_new, r, h, 256, 43690, 4, 63871969
q4_new, d, -, 256, 43690, 4, 79826571
q4_new, r, c, 256, 43690, 4, 63887996
q4_new, r, h, 256, 43690, 4, 63874976
q4_new, d, -, 256, 43690, 4, 79859896
q4_new, r, c, 256, 43690, 4, 63872441
q4_new, r, h, 256, 43690, 4, 63870398
q4_new, d, -, 256, 43690, 4, 79830374
q4_new, r, c, 256, 43690, 4, 63879922
q4_new, r, h, 256, 43690, 4, 63890784
q4_new, d, -, 256, 43690, 4, 79923453
q4_new, r, c, 256, 43690, 4, 63899672
q4_new, r, h, 256, 43690, 4, 63875296
q4_new, d, -, 256, 43690, 4, 79805038
q4_new, r, c, 256, 43690, 4, 63868665
q4_new, r, h, 256, 43690, 4, 63864985
q4_new, d, -, 256, 43690, 4, 79861549
q4_new, r, c, 256, 43690, 4, 63872126
q4_new, r, h, 256, 43690, 4, 63871316
q4_new, d, -, 256, 43690, 4, 79847651
q4_new, r, c, 256, 43690, 4, 63858343
q4_new, r, h, 256, 43690, 4, 63893458
q4_new, d, -, 256, 43690, 4, 79998246
q4_new, r, c, 256, 43690, 4, 63870211
q4_new, r, h, 256, 43690, 4, 63882056
q4_new, d, -, 256, 43690, 4, 79834857
q4_new, r, c, 256, 43690, 4, 63863029
q4_new, r, h, 256, 43690, 4, 63883580
q4_new, d, -, 256, 43690, 4, 80005648
q4_new, r, c, 256, 43690, 4, 63877949
q4_new, r, h, 256, 43690, 4, 63877655
q4_new, d, -, 256, 43690, 4, 79767257
q4_new, r, c, 256, 43690, 4, 63890867
q4_new, r, h, 256, 43690, 4, 63882078
q4_new, d, -, 256, 43690, 4, 80034440
q4_new, r, c, 256, 43690, 4, 63877945
q4_new, r, h, 256, 43690, 4, 63881833
q4_new, d, -, 256, 43690, 4, 79850411
