q1,r,c,0,1, 64,32768,4,133082
q1,d,-,0,1, 64,32768,4,160271
q1,c,a,0,1, 64,32768,4,72380
q1,r,c,0,1, 64,32768,4,132322
q1,d,-,0,1, 64,32768,4,159772
q1,c,a,0,1, 64,32768,4,72357
q1,r,c,0,1, 64,32768,4,129445
q1,d,-,0,1, 64,32768,4,159731
q1,c,a,0,1, 64,32768,4,72145
q1,r,c,0,1, 64,32768,4,129381
q1,d,-,0,1, 64,32768,4,158378
q1,c,a,0,1, 64,32768,4,72121
q1,r,c,0,1, 64,32768,4,129565
q1,d,-,0,1, 64,32768,4,160298
q1,c,a,0,1, 64,32768,4,72169
q1,r,c,0,1, 64,32768,4,129500
q1,d,-,0,1, 64,32768,4,159243
q1,c,a,0,1, 64,32768,4,72144
q1,r,c,0,1, 64,32768,4,129544
q1,d,-,0,1, 64,32768,4,157851
q1,c,a,0,1, 64,32768,4,72153
q1,r,c,0,1, 64,32768,4,129412
q1,d,-,0,1, 64,32768,4,158095
q1,c,a,0,1, 64,32768,4,72201
q1,r,c,0,1, 64,32768,4,129590
q1,d,-,0,1, 64,32768,4,157449
q1,c,a,0,1, 64,32768,4,72117
q1,r,c,0,1, 64,32768,4,129443
q1,d,-,0,1, 64,32768,4,157985
q1,c,a,0,1, 64,32768,4,75389
q1,r,c,0,1, 64,32768,4,135936
q1,d,-,0,1, 64,32768,4,157679
q1,c,a,0,1, 64,32768,4,72161
q1,r,c,0,1, 64,32768,4,134621
q1,d,-,0,1, 64,32768,4,158033
q1,c,a,0,1, 64,32768,4,72152
q1,r,c,0,1, 64,32768,4,134573
q1,d,-,0,1, 64,32768,4,157384
q1,c,a,0,1, 64,32768,4,72145
q1,r,c,0,1, 64,32768,4,134881
q1,d,-,0,1, 64,32768,4,160270
q1,c,a,0,1, 64,32768,4,72263
q1,r,c,0,1, 64,32768,4,129409
q1,d,-,0,1, 64,32768,4,160217
q1,c,a,0,1, 64,32768,4,72144
q1,r,c,0,1, 64,32768,4,129551
q1,d,-,0,1, 64,32768,4,157143
q1,c,a,0,1, 64,32768,4,72298
q1,r,c,0,1, 64,32768,4,129563
q1,d,-,0,1, 64,32768,4,157264
q1,c,a,0,1, 64,32768,4,72231
q1,r,c,0,1, 64,32768,4,136321
q1,d,-,0,1, 64,32768,4,157978
q1,c,a,0,1, 64,32768,4,72239
q1,r,c,0,1, 64,32768,4,135702
q1,d,-,0,1, 64,32768,4,162287
q1,c,a,0,1, 64,32768,4,72145
q1,r,c,0,1, 64,32768,4,129444
q1,d,-,0,1, 64,32768,4,159936
q1,c,a,0,1, 64,32768,4,72298
q1,r,c,0,1, 64,32768,4,129481
q1,d,-,0,1, 64,32768,4,157600
q1,c,a,0,1, 64,32768,4,72188
q1,r,c,0,1, 64,32768,4,129550
q1,d,-,0,1, 64,32768,4,157401
q1,c,a,0,1, 64,32768,4,72256
q1,r,c,0,1, 64,32768,4,135200
q1,d,-,0,1, 64,32768,4,157673
q1,c,a,0,1, 64,32768,4,74625
q1,r,c,0,1, 64,32768,4,133285
q1,d,-,0,1, 64,32768,4,159694
q1,c,a,0,1, 64,32768,4,72177
q1,r,c,0,1, 64,32768,4,129517
q1,d,-,0,1, 64,32768,4,159772
q1,c,a,0,1, 64,32768,4,72171
q1,r,c,0,1, 64,32768,4,129537
q1,d,-,0,1, 64,32768,4,159776
q1,c,a,0,1, 64,32768,4,72246
q1,r,c,0,1, 64,32768,4,129494
q1,d,-,0,1, 64,32768,4,158204
q1,c,a,0,1, 64,32768,4,74388
q1,r,c,0,1, 64,32768,4,129505
q1,d,-,0,1, 64,32768,4,157839
q1,c,a,0,1, 64,32768,4,75347
q1,r,c,0,1, 64,32768,4,132837
q1,d,-,0,1, 64,32768,4,158204
q1,c,a,0,1, 64,32768,4,72126
q1,r,c,0,1, 64,32768,4,132604
q1,d,-,0,1, 64,32768,4,159740
q1,c,a,0,1, 64,32768,4,72283
q1,r,c,1,1, 80,32768,4,170311
q1,d,-,1,1, 80,32768,4,326142
q1,c,a,1,1, 80,32768,4,261759
q1,r,c,1,1, 80,32768,4,167025
q1,d,-,1,1, 80,32768,4,364064
q1,c,a,1,1, 80,32768,4,263627
q1,r,c,1,1, 80,32768,4,169371
q1,d,-,1,1, 80,32768,4,329550
q1,c,a,1,1, 80,32768,4,260538
q1,r,c,1,1, 80,32768,4,167031
q1,d,-,1,1, 80,32768,4,324438
q1,c,a,1,1, 80,32768,4,262167
q1,r,c,1,1, 80,32768,4,171948
q1,d,-,1,1, 80,32768,4,326667
q1,c,a,1,1, 80,32768,4,261754
q1,r,c,1,1, 80,32768,4,167095
q1,d,-,1,1, 80,32768,4,324285
q1,c,a,1,1, 80,32768,4,262507
q1,r,c,1,1, 80,32768,4,172585
q1,d,-,1,1, 80,32768,4,326696
q1,c,a,1,1, 80,32768,4,260665
q1,r,c,1,1, 80,32768,4,167192
q1,d,-,1,1, 80,32768,4,325875
q1,c,a,1,1, 80,32768,4,262083
q1,r,c,1,1, 80,32768,4,196168
q1,d,-,1,1, 80,32768,4,326786
q1,c,a,1,1, 80,32768,4,262119
q1,r,c,1,1, 80,32768,4,200107
q1,d,-,1,1, 80,32768,4,335414
q1,c,a,1,1, 80,32768,4,260638
q1,r,c,1,1, 80,32768,4,167069
q1,d,-,1,1, 80,32768,4,360369
q1,c,a,1,1, 80,32768,4,262937
q1,r,c,1,1, 80,32768,4,173841
q1,d,-,1,1, 80,32768,4,329478
q1,c,a,1,1, 80,32768,4,262816
q1,r,c,1,1, 80,32768,4,167093
q1,d,-,1,1, 80,32768,4,362308
q1,c,a,1,1, 80,32768,4,261983
q1,r,c,1,1, 80,32768,4,170445
q1,d,-,1,1, 80,32768,4,347501
q1,c,a,1,1, 80,32768,4,263523
q1,r,c,1,1, 80,32768,4,167077
q1,d,-,1,1, 80,32768,4,326791
q1,c,a,1,1, 80,32768,4,264188
q1,r,c,1,1, 80,32768,4,167069
q1,d,-,1,1, 80,32768,4,362080
q1,c,a,1,1, 80,32768,4,263074
q1,r,c,1,1, 80,32768,4,170666
q1,d,-,1,1, 80,32768,4,345270
q1,c,a,1,1, 80,32768,4,260970
q1,r,c,1,1, 80,32768,4,167181
q1,d,-,1,1, 80,32768,4,324139
q1,c,a,1,1, 80,32768,4,262083
q1,r,c,1,1, 80,32768,4,167071
q1,d,-,1,1, 80,32768,4,326507
q1,c,a,1,1, 80,32768,4,263579
q1,r,c,1,1, 80,32768,4,167105
q1,d,-,1,1, 80,32768,4,324201
q1,c,a,1,1, 80,32768,4,262061
q1,r,c,1,1, 80,32768,4,170715
q1,d,-,1,1, 80,32768,4,326723
q1,c,a,1,1, 80,32768,4,261355
q1,r,c,1,1, 80,32768,4,167238
q1,d,-,1,1, 80,32768,4,371520
q1,c,a,1,1, 80,32768,4,263009
q1,r,c,1,1, 80,32768,4,170302
q1,d,-,1,1, 80,32768,4,326092
q1,c,a,1,1, 80,32768,4,261313
q1,r,c,1,1, 80,32768,4,167268
q1,d,-,1,1, 80,32768,4,324244
q1,c,a,1,1, 80,32768,4,262613
q1,r,c,1,1, 80,32768,4,170465
q1,d,-,1,1, 80,32768,4,326522
q1,c,a,1,1, 80,32768,4,262504
q1,r,c,1,1, 80,32768,4,167126
q1,d,-,1,1, 80,32768,4,327133
q1,c,a,1,1, 80,32768,4,263222
q1,r,c,1,1, 80,32768,4,169815
q1,d,-,1,1, 80,32768,4,340634
q1,c,a,1,1, 80,32768,4,261110
q1,r,c,1,1, 80,32768,4,167046
q1,d,-,1,1, 80,32768,4,363786
q1,c,a,1,1, 80,32768,4,262792
q1,r,c,1,1, 80,32768,4,170109
q1,d,-,1,1, 80,32768,4,337549
q1,c,a,1,1, 80,32768,4,260901
q1,r,c,1,1, 80,32768,4,166980
q1,d,-,1,1, 80,32768,4,326379
q1,c,a,1,1, 80,32768,4,263238
q1,r,c,0,2, 64,32768,4,212719
q1,d,-,0,2, 64,32768,4,251113
q1,c,a,0,2, 64,32768,4,123070
q1,r,c,0,2, 64,32768,4,209384
q1,d,-,0,2, 64,32768,4,253517
q1,c,a,0,2, 64,32768,4,123872
q1,r,c,0,2, 64,32768,4,220975
q1,d,-,0,2, 64,32768,4,251099
q1,c,a,0,2, 64,32768,4,122784
q1,r,c,0,2, 64,32768,4,212575
q1,d,-,0,2, 64,32768,4,256111
q1,c,a,0,2, 64,32768,4,122651
q1,r,c,0,2, 64,32768,4,214176
q1,d,-,0,2, 64,32768,4,251213
q1,c,a,0,2, 64,32768,4,122838
q1,r,c,0,2, 64,32768,4,212355
q1,d,-,0,2, 64,32768,4,253442
q1,c,a,0,2, 64,32768,4,122894
q1,r,c,0,2, 64,32768,4,221332
q1,d,-,0,2, 64,32768,4,251217
q1,c,a,0,2, 64,32768,4,122805
q1,r,c,0,2, 64,32768,4,209441
q1,d,-,0,2, 64,32768,4,255474
q1,c,a,0,2, 64,32768,4,123714
q1,r,c,0,2, 64,32768,4,212350
q1,d,-,0,2, 64,32768,4,254900
q1,c,a,0,2, 64,32768,4,122764
q1,r,c,0,2, 64,32768,4,209320
q1,d,-,0,2, 64,32768,4,252778
q1,c,a,0,2, 64,32768,4,123823
q1,r,c,0,2, 64,32768,4,212383
q1,d,-,0,2, 64,32768,4,252213
q1,c,a,0,2, 64,32768,4,122815
q1,r,c,0,2, 64,32768,4,209400
q1,d,-,0,2, 64,32768,4,252668
q1,c,a,0,2, 64,32768,4,123673
q1,r,c,0,2, 64,32768,4,212264
q1,d,-,0,2, 64,32768,4,255468
q1,c,a,0,2, 64,32768,4,122860
q1,r,c,0,2, 64,32768,4,209230
q1,d,-,0,2, 64,32768,4,251056
q1,c,a,0,2, 64,32768,4,123609
q1,r,c,0,2, 64,32768,4,211843
q1,d,-,0,2, 64,32768,4,252818
q1,c,a,0,2, 64,32768,4,123842
q1,r,c,0,2, 64,32768,4,212068
q1,d,-,0,2, 64,32768,4,252581
q1,c,a,0,2, 64,32768,4,122781
q1,r,c,0,2, 64,32768,4,212691
q1,d,-,0,2, 64,32768,4,251015
q1,c,a,0,2, 64,32768,4,123059
q1,r,c,0,2, 64,32768,4,209381
q1,d,-,0,2, 64,32768,4,253709
q1,c,a,0,2, 64,32768,4,123680
q1,r,c,0,2, 64,32768,4,212013
q1,d,-,0,2, 64,32768,4,252771
q1,c,a,0,2, 64,32768,4,122921
q1,r,c,0,2, 64,32768,4,212699
q1,d,-,0,2, 64,32768,4,252159
q1,c,a,0,2, 64,32768,4,122977
q1,r,c,0,2, 64,32768,4,209400
q1,d,-,0,2, 64,32768,4,251224
q1,c,a,0,2, 64,32768,4,123573
q1,r,c,0,2, 64,32768,4,211912
q1,d,-,0,2, 64,32768,4,252413
q1,c,a,0,2, 64,32768,4,122763
q1,r,c,0,2, 64,32768,4,209209
q1,d,-,0,2, 64,32768,4,252219
q1,c,a,0,2, 64,32768,4,123600
q1,r,c,0,2, 64,32768,4,211744
q1,d,-,0,2, 64,32768,4,252580
q1,c,a,0,2, 64,32768,4,122832
q1,r,c,0,2, 64,32768,4,209292
q1,d,-,0,2, 64,32768,4,251226
q1,c,a,0,2, 64,32768,4,122750
q1,r,c,0,2, 64,32768,4,209316
q1,d,-,0,2, 64,32768,4,253186
q1,c,a,0,2, 64,32768,4,123904
q1,r,c,0,2, 64,32768,4,212553
q1,d,-,0,2, 64,32768,4,251826
q1,c,a,0,2, 64,32768,4,122693
q1,r,c,0,2, 64,32768,4,209411
q1,d,-,0,2, 64,32768,4,251159
q1,c,a,0,2, 64,32768,4,123856
q1,r,c,0,2, 64,32768,4,212125
q1,d,-,0,2, 64,32768,4,252472
q1,c,a,0,2, 64,32768,4,122635
q1,r,c,0,2, 64,32768,4,209394
q1,d,-,0,2, 64,32768,4,252703
q1,c,a,0,2, 64,32768,4,123587
q1,r,c,1,2, 80,32768,4,163621
q1,d,-,1,2, 80,32768,4,424949
q1,c,a,1,2, 80,32768,4,316635
q1,r,c,1,2, 80,32768,4,166253
q1,d,-,1,2, 80,32768,4,424046
q1,c,a,1,2, 80,32768,4,318386
q1,r,c,1,2, 80,32768,4,167446
q1,d,-,1,2, 80,32768,4,424296
q1,c,a,1,2, 80,32768,4,317908
q1,r,c,1,2, 80,32768,4,167134
q1,d,-,1,2, 80,32768,4,427749
q1,c,a,1,2, 80,32768,4,323583
q1,r,c,1,2, 80,32768,4,163622
q1,d,-,1,2, 80,32768,4,423325
q1,c,a,1,2, 80,32768,4,316557
q1,r,c,1,2, 80,32768,4,163616
q1,d,-,1,2, 80,32768,4,428116
q1,c,a,1,2, 80,32768,4,345130
q1,r,c,1,2, 80,32768,4,166974
q1,d,-,1,2, 80,32768,4,424318
q1,c,a,1,2, 80,32768,4,317318
q1,r,c,1,2, 80,32768,4,167004
q1,d,-,1,2, 80,32768,4,423558
q1,c,a,1,2, 80,32768,4,318459
q1,r,c,1,2, 80,32768,4,163560
q1,d,-,1,2, 80,32768,4,424021
q1,c,a,1,2, 80,32768,4,316253
q1,r,c,1,2, 80,32768,4,163747
q1,d,-,1,2, 80,32768,4,424933
q1,c,a,1,2, 80,32768,4,317166
q1,r,c,1,2, 80,32768,4,163425
q1,d,-,1,2, 80,32768,4,429767
q1,c,a,1,2, 80,32768,4,317389
q1,r,c,1,2, 80,32768,4,166364
q1,d,-,1,2, 80,32768,4,441848
q1,c,a,1,2, 80,32768,4,317813
q1,r,c,1,2, 80,32768,4,163639
q1,d,-,1,2, 80,32768,4,423610
q1,c,a,1,2, 80,32768,4,316475
q1,r,c,1,2, 80,32768,4,163358
q1,d,-,1,2, 80,32768,4,433879
q1,c,a,1,2, 80,32768,4,320686
q1,r,c,1,2, 80,32768,4,170852
q1,d,-,1,2, 80,32768,4,442030
q1,c,a,1,2, 80,32768,4,318207
q1,r,c,1,2, 80,32768,4,189732
q1,d,-,1,2, 80,32768,4,424004
q1,c,a,1,2, 80,32768,4,316412
q1,r,c,1,2, 80,32768,4,163569
q1,d,-,1,2, 80,32768,4,423550
q1,c,a,1,2, 80,32768,4,316820
q1,r,c,1,2, 80,32768,4,166700
q1,d,-,1,2, 80,32768,4,424082
q1,c,a,1,2, 80,32768,4,320615
q1,r,c,1,2, 80,32768,4,163574
q1,d,-,1,2, 80,32768,4,454945
q1,c,a,1,2, 80,32768,4,316349
q1,r,c,1,2, 80,32768,4,163586
q1,d,-,1,2, 80,32768,4,434908
q1,c,a,1,2, 80,32768,4,318486
q1,r,c,1,2, 80,32768,4,168919
q1,d,-,1,2, 80,32768,4,423508
q1,c,a,1,2, 80,32768,4,321203
q1,r,c,1,2, 80,32768,4,163758
q1,d,-,1,2, 80,32768,4,453138
q1,c,a,1,2, 80,32768,4,316576
q1,r,c,1,2, 80,32768,4,163605
q1,d,-,1,2, 80,32768,4,431428
q1,c,a,1,2, 80,32768,4,316791
q1,r,c,1,2, 80,32768,4,163696
q1,d,-,1,2, 80,32768,4,436562
q1,c,a,1,2, 80,32768,4,321808
q1,r,c,1,2, 80,32768,4,167387
q1,d,-,1,2, 80,32768,4,424196
q1,c,a,1,2, 80,32768,4,318397
q1,r,c,1,2, 80,32768,4,168600
q1,d,-,1,2, 80,32768,4,423317
q1,c,a,1,2, 80,32768,4,317355
q1,r,c,1,2, 80,32768,4,163732
q1,d,-,1,2, 80,32768,4,461362
q1,c,a,1,2, 80,32768,4,318688
q1,r,c,1,2, 80,32768,4,176154
q1,d,-,1,2, 80,32768,4,428815
q1,c,a,1,2, 80,32768,4,318956
q1,r,c,1,2, 80,32768,4,163692
q1,d,-,1,2, 80,32768,4,424208
q1,c,a,1,2, 80,32768,4,316361
q1,r,c,1,2, 80,32768,4,163865
q1,d,-,1,2, 80,32768,4,429662
q1,c,a,1,2, 80,32768,4,316618
q1,r,c,0,3, 64,32768,4,294054
q1,d,-,0,3, 64,32768,4,352500
q1,c,a,0,3, 64,32768,4,180893
q1,r,c,0,3, 64,32768,4,292219
q1,d,-,0,3, 64,32768,4,350493
q1,c,a,0,3, 64,32768,4,179594
q1,r,c,0,3, 64,32768,4,292347
q1,d,-,0,3, 64,32768,4,349224
q1,c,a,0,3, 64,32768,4,179710
q1,r,c,0,3, 64,32768,4,289250
q1,d,-,0,3, 64,32768,4,351971
q1,c,a,0,3, 64,32768,4,180690
q1,r,c,0,3, 64,32768,4,292582
q1,d,-,0,3, 64,32768,4,353093
q1,c,a,0,3, 64,32768,4,179887
q1,r,c,0,3, 64,32768,4,297987
q1,d,-,0,3, 64,32768,4,351287
q1,c,a,0,3, 64,32768,4,179722
q1,r,c,0,3, 64,32768,4,291987
q1,d,-,0,3, 64,32768,4,439104
q1,c,a,0,3, 64,32768,4,179989
q1,r,c,0,3, 64,32768,4,289253
q1,d,-,0,3, 64,32768,4,350370
q1,c,a,0,3, 64,32768,4,180777
q1,r,c,0,3, 64,32768,4,292762
q1,d,-,0,3, 64,32768,4,350021
q1,c,a,0,3, 64,32768,4,182318
q1,r,c,0,3, 64,32768,4,292299
q1,d,-,0,3, 64,32768,4,349987
q1,c,a,0,3, 64,32768,4,179953
q1,r,c,0,3, 64,32768,4,289336
q1,d,-,0,3, 64,32768,4,350105
q1,c,a,0,3, 64,32768,4,180627
q1,r,c,0,3, 64,32768,4,294123
q1,d,-,0,3, 64,32768,4,352600
q1,c,a,0,3, 64,32768,4,181495
q1,r,c,0,3, 64,32768,4,292217
q1,d,-,0,3, 64,32768,4,351412
q1,c,a,0,3, 64,32768,4,179911
q1,r,c,0,3, 64,32768,4,289247
q1,d,-,0,3, 64,32768,4,349883
q1,c,a,0,3, 64,32768,4,180710
q1,r,c,0,3, 64,32768,4,292416
q1,d,-,0,3, 64,32768,4,349742
q1,c,a,0,3, 64,32768,4,180735
q1,r,c,0,3, 64,32768,4,294639
q1,d,-,0,3, 64,32768,4,387958
q1,c,a,0,3, 64,32768,4,182199
q1,r,c,0,3, 64,32768,4,297923
q1,d,-,0,3, 64,32768,4,350168
q1,c,a,0,3, 64,32768,4,179982
q1,r,c,0,3, 64,32768,4,292244
q1,d,-,0,3, 64,32768,4,350947
q1,c,a,0,3, 64,32768,4,179778
q1,r,c,0,3, 64,32768,4,292918
q1,d,-,0,3, 64,32768,4,351472
q1,c,a,0,3, 64,32768,4,180595
q1,r,c,0,3, 64,32768,4,294771
q1,d,-,0,3, 64,32768,4,352563
q1,c,a,0,3, 64,32768,4,179838
q1,r,c,0,3, 64,32768,4,292887
q1,d,-,0,3, 64,32768,4,350083
q1,c,a,0,3, 64,32768,4,179859
q1,r,c,0,3, 64,32768,4,289375
q1,d,-,0,3, 64,32768,4,349789
q1,c,a,0,3, 64,32768,4,180957
q1,r,c,0,3, 64,32768,4,293102
q1,d,-,0,3, 64,32768,4,350389
q1,c,a,0,3, 64,32768,4,179737
q1,r,c,0,3, 64,32768,4,298204
q1,d,-,0,3, 64,32768,4,350088
q1,c,a,0,3, 64,32768,4,180712
q1,r,c,0,3, 64,32768,4,289299
q1,d,-,0,3, 64,32768,4,349889
q1,c,a,0,3, 64,32768,4,180433
q1,r,c,0,3, 64,32768,4,293244
q1,d,-,0,3, 64,32768,4,350697
q1,c,a,0,3, 64,32768,4,179973
q1,r,c,0,3, 64,32768,4,291937
q1,d,-,0,3, 64,32768,4,350816
q1,c,a,0,3, 64,32768,4,180193
q1,r,c,0,3, 64,32768,4,292235
q1,d,-,0,3, 64,32768,4,352114
q1,c,a,0,3, 64,32768,4,179907
q1,r,c,0,3, 64,32768,4,291529
q1,d,-,0,3, 64,32768,4,350255
q1,c,a,0,3, 64,32768,4,180820
q1,r,c,0,3, 64,32768,4,289244
q1,d,-,0,3, 64,32768,4,349883
q1,c,a,0,3, 64,32768,4,180781
q1,r,c,1,3, 80,32768,4,168703
q1,d,-,1,3, 80,32768,4,521161
q1,c,a,1,3, 80,32768,4,376425
q1,r,c,1,3, 80,32768,4,199619
q1,d,-,1,3, 80,32768,4,546194
q1,c,a,1,3, 80,32768,4,376550
q1,r,c,1,3, 80,32768,4,168736
q1,d,-,1,3, 80,32768,4,555786
q1,c,a,1,3, 80,32768,4,377713
q1,r,c,1,3, 80,32768,4,168734
q1,d,-,1,3, 80,32768,4,551438
q1,c,a,1,3, 80,32768,4,383191
q1,r,c,1,3, 80,32768,4,171868
q1,d,-,1,3, 80,32768,4,522326
q1,c,a,1,3, 80,32768,4,377964
q1,r,c,1,3, 80,32768,4,168805
q1,d,-,1,3, 80,32768,4,554469
q1,c,a,1,3, 80,32768,4,375582
q1,r,c,1,3, 80,32768,4,168766
q1,d,-,1,3, 80,32768,4,522174
q1,c,a,1,3, 80,32768,4,376798
q1,r,c,1,3, 80,32768,4,172096
q1,d,-,1,3, 80,32768,4,522132
q1,c,a,1,3, 80,32768,4,376645
q1,r,c,1,3, 80,32768,4,168753
q1,d,-,1,3, 80,32768,4,560995
q1,c,a,1,3, 80,32768,4,376291
q1,r,c,1,3, 80,32768,4,168686
q1,d,-,1,3, 80,32768,4,521954
q1,c,a,1,3, 80,32768,4,377548
q1,r,c,1,3, 80,32768,4,171427
q1,d,-,1,3, 80,32768,4,521522
q1,c,a,1,3, 80,32768,4,375733
q1,r,c,1,3, 80,32768,4,171448
q1,d,-,1,3, 80,32768,4,521631
q1,c,a,1,3, 80,32768,4,375635
q1,r,c,1,3, 80,32768,4,172173
q1,d,-,1,3, 80,32768,4,522279
q1,c,a,1,3, 80,32768,4,376127
q1,r,c,1,3, 80,32768,4,168525
q1,d,-,1,3, 80,32768,4,539332
q1,c,a,1,3, 80,32768,4,376474
q1,r,c,1,3, 80,32768,4,171533
q1,d,-,1,3, 80,32768,4,522153
q1,c,a,1,3, 80,32768,4,376353
q1,r,c,1,3, 80,32768,4,172491
q1,d,-,1,3, 80,32768,4,524432
q1,c,a,1,3, 80,32768,4,376218
q1,r,c,1,3, 80,32768,4,168657
q1,d,-,1,3, 80,32768,4,529963
q1,c,a,1,3, 80,32768,4,382515
q1,r,c,1,3, 80,32768,4,168801
q1,d,-,1,3, 80,32768,4,523565
q1,c,a,1,3, 80,32768,4,377690
q1,r,c,1,3, 80,32768,4,168767
q1,d,-,1,3, 80,32768,4,521969
q1,c,a,1,3, 80,32768,4,376546
q1,r,c,1,3, 80,32768,4,172146
q1,d,-,1,3, 80,32768,4,522533
q1,c,a,1,3, 80,32768,4,377730
q1,r,c,1,3, 80,32768,4,168721
q1,d,-,1,3, 80,32768,4,526896
q1,c,a,1,3, 80,32768,4,375708
q1,r,c,1,3, 80,32768,4,168797
q1,d,-,1,3, 80,32768,4,536133
q1,c,a,1,3, 80,32768,4,376627
q1,r,c,1,3, 80,32768,4,175356
q1,d,-,1,3, 80,32768,4,523284
q1,c,a,1,3, 80,32768,4,376095
q1,r,c,1,3, 80,32768,4,172305
q1,d,-,1,3, 80,32768,4,522171
q1,c,a,1,3, 80,32768,4,381568
q1,r,c,1,3, 80,32768,4,168831
q1,d,-,1,3, 80,32768,4,525389
q1,c,a,1,3, 80,32768,4,376143
q1,r,c,1,3, 80,32768,4,168611
q1,d,-,1,3, 80,32768,4,539479
q1,c,a,1,3, 80,32768,4,377847
q1,r,c,1,3, 80,32768,4,172503
q1,d,-,1,3, 80,32768,4,522425
q1,c,a,1,3, 80,32768,4,376103
q1,r,c,1,3, 80,32768,4,172400
q1,d,-,1,3, 80,32768,4,521769
q1,c,a,1,3, 80,32768,4,376478
q1,r,c,1,3, 80,32768,4,172040
q1,d,-,1,3, 80,32768,4,522285
q1,c,a,1,3, 80,32768,4,377452
q1,r,c,1,3, 80,32768,4,168715
q1,d,-,1,3, 80,32768,4,558946
q1,c,a,1,3, 80,32768,4,376569
q1,r,c,0,4, 64,32768,4,394285
q1,d,-,0,4, 64,32768,4,449375
q1,c,a,0,4, 64,32768,4,245757
q1,r,c,0,4, 64,32768,4,373594
q1,d,-,0,4, 64,32768,4,448403
q1,c,a,0,4, 64,32768,4,246999
q1,r,c,0,4, 64,32768,4,370820
q1,d,-,0,4, 64,32768,4,448397
q1,c,a,0,4, 64,32768,4,248131
q1,r,c,0,4, 64,32768,4,371620
q1,d,-,0,4, 64,32768,4,448868
q1,c,a,0,4, 64,32768,4,247012
q1,r,c,0,4, 64,32768,4,371624
q1,d,-,0,4, 64,32768,4,449118
q1,c,a,0,4, 64,32768,4,245238
q1,r,c,0,4, 64,32768,4,370895
q1,d,-,0,4, 64,32768,4,448199
q1,c,a,0,4, 64,32768,4,246399
q1,r,c,0,4, 64,32768,4,371857
q1,d,-,0,4, 64,32768,4,448736
q1,c,a,0,4, 64,32768,4,245724
q1,r,c,0,4, 64,32768,4,371432
q1,d,-,0,4, 64,32768,4,448047
q1,c,a,0,4, 64,32768,4,245136
q1,r,c,0,4, 64,32768,4,372128
q1,d,-,0,4, 64,32768,4,448838
q1,c,a,0,4, 64,32768,4,245627
q1,r,c,0,4, 64,32768,4,371555
q1,d,-,0,4, 64,32768,4,448439
q1,c,a,0,4, 64,32768,4,246207
q1,r,c,0,4, 64,32768,4,371844
q1,d,-,0,4, 64,32768,4,449227
q1,c,a,0,4, 64,32768,4,245372
q1,r,c,0,4, 64,32768,4,372346
q1,d,-,0,4, 64,32768,4,448679
q1,c,a,0,4, 64,32768,4,246292
q1,r,c,0,4, 64,32768,4,382796
q1,d,-,0,4, 64,32768,4,447940
q1,c,a,0,4, 64,32768,4,245378
q1,r,c,0,4, 64,32768,4,371668
q1,d,-,0,4, 64,32768,4,447858
q1,c,a,0,4, 64,32768,4,245877
q1,r,c,0,4, 64,32768,4,372355
q1,d,-,0,4, 64,32768,4,448518
q1,c,a,0,4, 64,32768,4,245240
q1,r,c,0,4, 64,32768,4,372403
q1,d,-,0,4, 64,32768,4,448349
q1,c,a,0,4, 64,32768,4,247368
q1,r,c,0,4, 64,32768,4,387381
q1,d,-,0,4, 64,32768,4,448433
q1,c,a,0,4, 64,32768,4,246788
q1,r,c,0,4, 64,32768,4,388862
q1,d,-,0,4, 64,32768,4,449727
q1,c,a,0,4, 64,32768,4,246781
q1,r,c,0,4, 64,32768,4,373841
q1,d,-,0,4, 64,32768,4,475649
q1,c,a,0,4, 64,32768,4,245391
q1,r,c,0,4, 64,32768,4,373010
q1,d,-,0,4, 64,32768,4,449160
q1,c,a,0,4, 64,32768,4,245937
q1,r,c,0,4, 64,32768,4,372748
q1,d,-,0,4, 64,32768,4,449163
q1,c,a,0,4, 64,32768,4,246594
q1,r,c,0,4, 64,32768,4,370853
q1,d,-,0,4, 64,32768,4,448603
q1,c,a,0,4, 64,32768,4,248374
q1,r,c,0,4, 64,32768,4,371378
q1,d,-,0,4, 64,32768,4,448220
q1,c,a,0,4, 64,32768,4,245270
q1,r,c,0,4, 64,32768,4,371761
q1,d,-,0,4, 64,32768,4,448225
q1,c,a,0,4, 64,32768,4,245231
q1,r,c,0,4, 64,32768,4,379329
q1,d,-,0,4, 64,32768,4,457028
q1,c,a,0,4, 64,32768,4,244510
q1,r,c,0,4, 64,32768,4,374032
q1,d,-,0,4, 64,32768,4,448996
q1,c,a,0,4, 64,32768,4,245046
q1,r,c,0,4, 64,32768,4,371922
q1,d,-,0,4, 64,32768,4,449285
q1,c,a,0,4, 64,32768,4,247218
q1,r,c,0,4, 64,32768,4,388909
q1,d,-,0,4, 64,32768,4,448216
q1,c,a,0,4, 64,32768,4,248441
q1,r,c,0,4, 64,32768,4,372270
q1,d,-,0,4, 64,32768,4,448193
q1,c,a,0,4, 64,32768,4,246972
q1,r,c,0,4, 64,32768,4,372482
q1,d,-,0,4, 64,32768,4,457260
q1,c,a,0,4, 64,32768,4,247659
q1,r,c,1,4, 80,32768,4,168049
q1,d,-,1,4, 80,32768,4,650337
q1,c,a,1,4, 80,32768,4,444555
q1,r,c,1,4, 80,32768,4,165148
q1,d,-,1,4, 80,32768,4,624887
q1,c,a,1,4, 80,32768,4,445267
q1,r,c,1,4, 80,32768,4,165069
q1,d,-,1,4, 80,32768,4,640730
q1,c,a,1,4, 80,32768,4,444985
q1,r,c,1,4, 80,32768,4,168177
q1,d,-,1,4, 80,32768,4,623086
q1,c,a,1,4, 80,32768,4,444545
q1,r,c,1,4, 80,32768,4,170017
q1,d,-,1,4, 80,32768,4,629504
q1,c,a,1,4, 80,32768,4,443881
q1,r,c,1,4, 80,32768,4,165226
q1,d,-,1,4, 80,32768,4,623111
q1,c,a,1,4, 80,32768,4,444865
q1,r,c,1,4, 80,32768,4,168230
q1,d,-,1,4, 80,32768,4,624521
q1,c,a,1,4, 80,32768,4,442609
q1,r,c,1,4, 80,32768,4,168309
q1,d,-,1,4, 80,32768,4,624162
q1,c,a,1,4, 80,32768,4,445988
q1,r,c,1,4, 80,32768,4,164959
q1,d,-,1,4, 80,32768,4,622409
q1,c,a,1,4, 80,32768,4,445007
q1,r,c,1,4, 80,32768,4,165158
q1,d,-,1,4, 80,32768,4,660595
q1,c,a,1,4, 80,32768,4,443834
q1,r,c,1,4, 80,32768,4,167948
q1,d,-,1,4, 80,32768,4,621253
q1,c,a,1,4, 80,32768,4,442048
q1,r,c,1,4, 80,32768,4,169689
q1,d,-,1,4, 80,32768,4,622190
q1,c,a,1,4, 80,32768,4,445534
q1,r,c,1,4, 80,32768,4,165112
q1,d,-,1,4, 80,32768,4,621038
q1,c,a,1,4, 80,32768,4,447164
q1,r,c,1,4, 80,32768,4,167921
q1,d,-,1,4, 80,32768,4,646175
q1,c,a,1,4, 80,32768,4,444854
q1,r,c,1,4, 80,32768,4,168313
q1,d,-,1,4, 80,32768,4,622077
q1,c,a,1,4, 80,32768,4,446348
q1,r,c,1,4, 80,32768,4,164874
q1,d,-,1,4, 80,32768,4,638995
q1,c,a,1,4, 80,32768,4,443365
q1,r,c,1,4, 80,32768,4,167937
q1,d,-,1,4, 80,32768,4,624569
q1,c,a,1,4, 80,32768,4,442519
q1,r,c,1,4, 80,32768,4,167681
q1,d,-,1,4, 80,32768,4,621151
q1,c,a,1,4, 80,32768,4,444609
q1,r,c,1,4, 80,32768,4,168596
q1,d,-,1,4, 80,32768,4,622133
q1,c,a,1,4, 80,32768,4,443619
q1,r,c,1,4, 80,32768,4,168186
q1,d,-,1,4, 80,32768,4,623717
q1,c,a,1,4, 80,32768,4,444895
q1,r,c,1,4, 80,32768,4,165197
q1,d,-,1,4, 80,32768,4,634598
q1,c,a,1,4, 80,32768,4,442945
q1,r,c,1,4, 80,32768,4,165129
q1,d,-,1,4, 80,32768,4,623407
q1,c,a,1,4, 80,32768,4,442228
q1,r,c,1,4, 80,32768,4,164861
q1,d,-,1,4, 80,32768,4,628082
q1,c,a,1,4, 80,32768,4,442917
q1,r,c,1,4, 80,32768,4,171414
q1,d,-,1,4, 80,32768,4,622166
q1,c,a,1,4, 80,32768,4,442568
q1,r,c,1,4, 80,32768,4,168491
q1,d,-,1,4, 80,32768,4,649489
q1,c,a,1,4, 80,32768,4,445143
q1,r,c,1,4, 80,32768,4,165148
q1,d,-,1,4, 80,32768,4,661084
q1,c,a,1,4, 80,32768,4,444461
q1,r,c,1,4, 80,32768,4,164882
q1,d,-,1,4, 80,32768,4,633881
q1,c,a,1,4, 80,32768,4,445033
q1,r,c,1,4, 80,32768,4,168131
q1,d,-,1,4, 80,32768,4,621970
q1,c,a,1,4, 80,32768,4,444328
q1,r,c,1,4, 80,32768,4,165103
q1,d,-,1,4, 80,32768,4,622885
q1,c,a,1,4, 80,32768,4,442481
q1,r,c,1,4, 80,32768,4,165167
q1,d,-,1,4, 80,32768,4,638160
q1,c,a,1,4, 80,32768,4,447554
q1,r,c,0,5, 64,32768,4,454361
q1,d,-,0,5, 64,32768,4,547850
q1,c,a,0,5, 64,32768,4,427750
q1,r,c,0,5, 64,32768,4,450599
q1,d,-,0,5, 64,32768,4,546249
q1,c,a,0,5, 64,32768,4,435334
q1,r,c,0,5, 64,32768,4,451105
q1,d,-,0,5, 64,32768,4,548889
q1,c,a,0,5, 64,32768,4,426292
q1,r,c,0,5, 64,32768,4,474214
q1,d,-,0,5, 64,32768,4,581906
q1,c,a,0,5, 64,32768,4,431775
q1,r,c,0,5, 64,32768,4,450752
q1,d,-,0,5, 64,32768,4,550613
q1,c,a,0,5, 64,32768,4,424699
q1,r,c,0,5, 64,32768,4,451723
q1,d,-,0,5, 64,32768,4,547883
q1,c,a,0,5, 64,32768,4,424701
q1,r,c,0,5, 64,32768,4,452496
q1,d,-,0,5, 64,32768,4,546946
q1,c,a,0,5, 64,32768,4,422529
q1,r,c,0,5, 64,32768,4,453832
q1,d,-,0,5, 64,32768,4,546379
q1,c,a,0,5, 64,32768,4,427288
q1,r,c,0,5, 64,32768,4,455036
q1,d,-,0,5, 64,32768,4,545986
q1,c,a,0,5, 64,32768,4,432872
q1,r,c,0,5, 64,32768,4,452126
q1,d,-,0,5, 64,32768,4,557743
q1,c,a,0,5, 64,32768,4,427268
q1,r,c,0,5, 64,32768,4,451836
q1,d,-,0,5, 64,32768,4,563776
q1,c,a,0,5, 64,32768,4,418304
q1,r,c,0,5, 64,32768,4,452444
q1,d,-,0,5, 64,32768,4,545917
q1,c,a,0,5, 64,32768,4,430066
q1,r,c,0,5, 64,32768,4,450378
q1,d,-,0,5, 64,32768,4,546272
q1,c,a,0,5, 64,32768,4,412180
q1,r,c,0,5, 64,32768,4,451229
q1,d,-,0,5, 64,32768,4,551726
q1,c,a,0,5, 64,32768,4,418189
q1,r,c,0,5, 64,32768,4,451904
q1,d,-,0,5, 64,32768,4,547390
q1,c,a,0,5, 64,32768,4,412618
q1,r,c,0,5, 64,32768,4,452140
q1,d,-,0,5, 64,32768,4,547024
q1,c,a,0,5, 64,32768,4,435515
q1,r,c,0,5, 64,32768,4,456568
q1,d,-,0,5, 64,32768,4,546590
q1,c,a,0,5, 64,32768,4,418513
q1,r,c,0,5, 64,32768,4,451450
q1,d,-,0,5, 64,32768,4,546882
q1,c,a,0,5, 64,32768,4,431889
q1,r,c,0,5, 64,32768,4,451927
q1,d,-,0,5, 64,32768,4,547806
q1,c,a,0,5, 64,32768,4,427397
q1,r,c,0,5, 64,32768,4,452025
q1,d,-,0,5, 64,32768,4,546493
q1,c,a,0,5, 64,32768,4,427608
q1,r,c,0,5, 64,32768,4,450683
q1,d,-,0,5, 64,32768,4,548036
q1,c,a,0,5, 64,32768,4,425620
q1,r,c,0,5, 64,32768,4,451622
q1,d,-,0,5, 64,32768,4,553645
q1,c,a,0,5, 64,32768,4,425628
q1,r,c,0,5, 64,32768,4,452316
q1,d,-,0,5, 64,32768,4,548788
q1,c,a,0,5, 64,32768,4,429008
q1,r,c,0,5, 64,32768,4,452570
q1,d,-,0,5, 64,32768,4,550563
q1,c,a,0,5, 64,32768,4,430024
q1,r,c,0,5, 64,32768,4,451107
q1,d,-,0,5, 64,32768,4,549880
q1,c,a,0,5, 64,32768,4,425452
q1,r,c,0,5, 64,32768,4,451610
q1,d,-,0,5, 64,32768,4,546970
q1,c,a,0,5, 64,32768,4,425081
q1,r,c,0,5, 64,32768,4,452274
q1,d,-,0,5, 64,32768,4,547997
q1,c,a,0,5, 64,32768,4,419124
q1,r,c,0,5, 64,32768,4,453857
q1,d,-,0,5, 64,32768,4,546143
q1,c,a,0,5, 64,32768,4,431600
q1,r,c,0,5, 64,32768,4,453880
q1,d,-,0,5, 64,32768,4,546410
q1,c,a,0,5, 64,32768,4,409970
q1,r,c,0,5, 64,32768,4,451817
q1,d,-,0,5, 64,32768,4,547433
q1,c,a,0,5, 64,32768,4,424489
q1,r,c,1,5, 80,32768,4,170481
q1,d,-,1,5, 80,32768,4,738675
q1,c,a,1,5, 80,32768,4,718366
q1,r,c,1,5, 80,32768,4,173169
q1,d,-,1,5, 80,32768,4,722896
q1,c,a,1,5, 80,32768,4,720804
q1,r,c,1,5, 80,32768,4,170619
q1,d,-,1,5, 80,32768,4,722416
q1,c,a,1,5, 80,32768,4,721602
q1,r,c,1,5, 80,32768,4,170810
q1,d,-,1,5, 80,32768,4,719402
q1,c,a,1,5, 80,32768,4,722512
q1,r,c,1,5, 80,32768,4,170547
q1,d,-,1,5, 80,32768,4,717534
q1,c,a,1,5, 80,32768,4,733710
q1,r,c,1,5, 80,32768,4,173298
q1,d,-,1,5, 80,32768,4,721060
q1,c,a,1,5, 80,32768,4,717478
q1,r,c,1,5, 80,32768,4,175635
q1,d,-,1,5, 80,32768,4,722366
q1,c,a,1,5, 80,32768,4,716963
q1,r,c,1,5, 80,32768,4,170478
q1,d,-,1,5, 80,32768,4,724195
q1,c,a,1,5, 80,32768,4,723014
q1,r,c,1,5, 80,32768,4,170541
q1,d,-,1,5, 80,32768,4,734040
q1,c,a,1,5, 80,32768,4,719578
q1,r,c,1,5, 80,32768,4,170570
q1,d,-,1,5, 80,32768,4,738726
q1,c,a,1,5, 80,32768,4,718915
q1,r,c,1,5, 80,32768,4,173559
q1,d,-,1,5, 80,32768,4,720118
q1,c,a,1,5, 80,32768,4,723205
q1,r,c,1,5, 80,32768,4,170774
q1,d,-,1,5, 80,32768,4,748249
q1,c,a,1,5, 80,32768,4,721755
q1,r,c,1,5, 80,32768,4,170625
q1,d,-,1,5, 80,32768,4,719081
q1,c,a,1,5, 80,32768,4,723150
q1,r,c,1,5, 80,32768,4,170536
q1,d,-,1,5, 80,32768,4,718078
q1,c,a,1,5, 80,32768,4,717622
q1,r,c,1,5, 80,32768,4,170532
q1,d,-,1,5, 80,32768,4,722151
q1,c,a,1,5, 80,32768,4,723123
q1,r,c,1,5, 80,32768,4,173740
q1,d,-,1,5, 80,32768,4,720901
q1,c,a,1,5, 80,32768,4,723600
q1,r,c,1,5, 80,32768,4,173849
q1,d,-,1,5, 80,32768,4,722603
q1,c,a,1,5, 80,32768,4,718819
q1,r,c,1,5, 80,32768,4,169952
q1,d,-,1,5, 80,32768,4,736914
q1,c,a,1,5, 80,32768,4,719010
q1,r,c,1,5, 80,32768,4,170573
q1,d,-,1,5, 80,32768,4,721899
q1,c,a,1,5, 80,32768,4,717657
q1,r,c,1,5, 80,32768,4,173431
q1,d,-,1,5, 80,32768,4,753202
q1,c,a,1,5, 80,32768,4,714750
q1,r,c,1,5, 80,32768,4,170381
q1,d,-,1,5, 80,32768,4,719400
q1,c,a,1,5, 80,32768,4,715372
q1,r,c,1,5, 80,32768,4,170230
q1,d,-,1,5, 80,32768,4,720346
q1,c,a,1,5, 80,32768,4,724618
q1,r,c,1,5, 80,32768,4,170208
q1,d,-,1,5, 80,32768,4,744791
q1,c,a,1,5, 80,32768,4,724229
q1,r,c,1,5, 80,32768,4,173408
q1,d,-,1,5, 80,32768,4,719176
q1,c,a,1,5, 80,32768,4,719901
q1,r,c,1,5, 80,32768,4,210959
q1,d,-,1,5, 80,32768,4,751511
q1,c,a,1,5, 80,32768,4,717021
q1,r,c,1,5, 80,32768,4,170570
q1,d,-,1,5, 80,32768,4,734990
q1,c,a,1,5, 80,32768,4,716618
q1,r,c,1,5, 80,32768,4,173641
q1,d,-,1,5, 80,32768,4,720141
q1,c,a,1,5, 80,32768,4,720474
q1,r,c,1,5, 80,32768,4,173774
q1,d,-,1,5, 80,32768,4,726170
q1,c,a,1,5, 80,32768,4,720199
q1,r,c,1,5, 80,32768,4,170414
q1,d,-,1,5, 80,32768,4,740036
q1,c,a,1,5, 80,32768,4,718646
q1,r,c,1,5, 80,32768,4,170408
q1,d,-,1,5, 80,32768,4,721437
q1,c,a,1,5, 80,32768,4,719123
q1,r,c,0,6, 64,32768,4,532002
q1,d,-,0,6, 64,32768,4,645956
q1,c,a,0,6, 64,32768,4,671446
q1,r,c,0,6, 64,32768,4,538656
q1,d,-,0,6, 64,32768,4,647060
q1,c,a,0,6, 64,32768,4,668491
q1,r,c,0,6, 64,32768,4,533657
q1,d,-,0,6, 64,32768,4,646140
q1,c,a,0,6, 64,32768,4,674810
q1,r,c,0,6, 64,32768,4,569835
q1,d,-,0,6, 64,32768,4,662182
q1,c,a,0,6, 64,32768,4,671667
q1,r,c,0,6, 64,32768,4,530636
q1,d,-,0,6, 64,32768,4,644591
q1,c,a,0,6, 64,32768,4,671555
q1,r,c,0,6, 64,32768,4,531727
q1,d,-,0,6, 64,32768,4,646126
q1,c,a,0,6, 64,32768,4,672315
q1,r,c,0,6, 64,32768,4,543636
q1,d,-,0,6, 64,32768,4,645490
q1,c,a,0,6, 64,32768,4,672566
q1,r,c,0,6, 64,32768,4,563376
q1,d,-,0,6, 64,32768,4,645724
q1,c,a,0,6, 64,32768,4,670249
q1,r,c,0,6, 64,32768,4,531678
q1,d,-,0,6, 64,32768,4,658685
q1,c,a,0,6, 64,32768,4,671243
q1,r,c,0,6, 64,32768,4,530814
q1,d,-,0,6, 64,32768,4,665627
q1,c,a,0,6, 64,32768,4,669441
q1,r,c,0,6, 64,32768,4,531684
q1,d,-,0,6, 64,32768,4,646593
q1,c,a,0,6, 64,32768,4,668335
q1,r,c,0,6, 64,32768,4,531879
q1,d,-,0,6, 64,32768,4,645219
q1,c,a,0,6, 64,32768,4,668093
q1,r,c,0,6, 64,32768,4,538891
q1,d,-,0,6, 64,32768,4,646262
q1,c,a,0,6, 64,32768,4,672763
q1,r,c,0,6, 64,32768,4,533210
q1,d,-,0,6, 64,32768,4,664156
q1,c,a,0,6, 64,32768,4,670717
q1,r,c,0,6, 64,32768,4,558652
q1,d,-,0,6, 64,32768,4,645157
q1,c,a,0,6, 64,32768,4,669587
q1,r,c,0,6, 64,32768,4,531150
q1,d,-,0,6, 64,32768,4,652134
q1,c,a,0,6, 64,32768,4,671111
q1,r,c,0,6, 64,32768,4,531319
q1,d,-,0,6, 64,32768,4,644813
q1,c,a,0,6, 64,32768,4,667919
q1,r,c,0,6, 64,32768,4,531701
q1,d,-,0,6, 64,32768,4,652296
q1,c,a,0,6, 64,32768,4,669928
q1,r,c,0,6, 64,32768,4,531502
q1,d,-,0,6, 64,32768,4,668517
q1,c,a,0,6, 64,32768,4,670595
q1,r,c,0,6, 64,32768,4,531790
q1,d,-,0,6, 64,32768,4,646175
q1,c,a,0,6, 64,32768,4,670466
q1,r,c,0,6, 64,32768,4,531748
q1,d,-,0,6, 64,32768,4,653327
q1,c,a,0,6, 64,32768,4,672211
q1,r,c,0,6, 64,32768,4,538485
q1,d,-,0,6, 64,32768,4,645872
q1,c,a,0,6, 64,32768,4,668035
q1,r,c,0,6, 64,32768,4,547693
q1,d,-,0,6, 64,32768,4,666819
q1,c,a,0,6, 64,32768,4,672040
q1,r,c,0,6, 64,32768,4,534796
q1,d,-,0,6, 64,32768,4,647143
q1,c,a,0,6, 64,32768,4,669943
q1,r,c,0,6, 64,32768,4,533706
q1,d,-,0,6, 64,32768,4,654455
q1,c,a,0,6, 64,32768,4,668706
q1,r,c,0,6, 64,32768,4,530182
q1,d,-,0,6, 64,32768,4,645055
q1,c,a,0,6, 64,32768,4,671572
q1,r,c,0,6, 64,32768,4,530438
q1,d,-,0,6, 64,32768,4,644957
q1,c,a,0,6, 64,32768,4,670346
q1,r,c,0,6, 64,32768,4,531589
q1,d,-,0,6, 64,32768,4,645193
q1,c,a,0,6, 64,32768,4,671113
q1,r,c,0,6, 64,32768,4,531400
q1,d,-,0,6, 64,32768,4,663083
q1,c,a,0,6, 64,32768,4,671042
q1,r,c,0,6, 64,32768,4,531869
q1,d,-,0,6, 64,32768,4,646153
q1,c,a,0,6, 64,32768,4,669863
q1,r,c,1,6, 80,32768,4,166846
q1,d,-,1,6, 80,32768,4,817172
q1,c,a,1,6, 80,32768,4,886546
q1,r,c,1,6, 80,32768,4,171782
q1,d,-,1,6, 80,32768,4,836461
q1,c,a,1,6, 80,32768,4,881222
q1,r,c,1,6, 80,32768,4,166917
q1,d,-,1,6, 80,32768,4,820139
q1,c,a,1,6, 80,32768,4,881366
q1,r,c,1,6, 80,32768,4,172307
q1,d,-,1,6, 80,32768,4,820793
q1,c,a,1,6, 80,32768,4,886853
q1,r,c,1,6, 80,32768,4,166824
q1,d,-,1,6, 80,32768,4,824265
q1,c,a,1,6, 80,32768,4,884653
q1,r,c,1,6, 80,32768,4,170466
q1,d,-,1,6, 80,32768,4,837358
q1,c,a,1,6, 80,32768,4,888249
q1,r,c,1,6, 80,32768,4,166829
q1,d,-,1,6, 80,32768,4,821315
q1,c,a,1,6, 80,32768,4,883219
q1,r,c,1,6, 80,32768,4,171624
q1,d,-,1,6, 80,32768,4,837613
q1,c,a,1,6, 80,32768,4,879708
q1,r,c,1,6, 80,32768,4,180179
q1,d,-,1,6, 80,32768,4,827279
q1,c,a,1,6, 80,32768,4,879009
q1,r,c,1,6, 80,32768,4,166780
q1,d,-,1,6, 80,32768,4,818263
q1,c,a,1,6, 80,32768,4,936665
q1,r,c,1,6, 80,32768,4,166867
q1,d,-,1,6, 80,32768,4,818270
q1,c,a,1,6, 80,32768,4,878004
q1,r,c,1,6, 80,32768,4,170230
q1,d,-,1,6, 80,32768,4,849830
q1,c,a,1,6, 80,32768,4,880922
q1,r,c,1,6, 80,32768,4,167013
q1,d,-,1,6, 80,32768,4,839526
q1,c,a,1,6, 80,32768,4,881112
q1,r,c,1,6, 80,32768,4,187656
q1,d,-,1,6, 80,32768,4,819959
q1,c,a,1,6, 80,32768,4,884684
q1,r,c,1,6, 80,32768,4,166950
q1,d,-,1,6, 80,32768,4,821844
q1,c,a,1,6, 80,32768,4,882529
q1,r,c,1,6, 80,32768,4,215271
q1,d,-,1,6, 80,32768,4,817859
q1,c,a,1,6, 80,32768,4,880151
q1,r,c,1,6, 80,32768,4,166824
q1,d,-,1,6, 80,32768,4,817483
q1,c,a,1,6, 80,32768,4,877709
q1,r,c,1,6, 80,32768,4,170294
q1,d,-,1,6, 80,32768,4,818887
q1,c,a,1,6, 80,32768,4,879872
q1,r,c,1,6, 80,32768,4,166790
q1,d,-,1,6, 80,32768,4,826331
q1,c,a,1,6, 80,32768,4,881087
q1,r,c,1,6, 80,32768,4,166894
q1,d,-,1,6, 80,32768,4,818896
q1,c,a,1,6, 80,32768,4,880762
q1,r,c,1,6, 80,32768,4,170421
q1,d,-,1,6, 80,32768,4,827899
q1,c,a,1,6, 80,32768,4,881790
q1,r,c,1,6, 80,32768,4,166930
q1,d,-,1,6, 80,32768,4,819374
q1,c,a,1,6, 80,32768,4,880974
q1,r,c,1,6, 80,32768,4,169654
q1,d,-,1,6, 80,32768,4,817834
q1,c,a,1,6, 80,32768,4,883097
q1,r,c,1,6, 80,32768,4,166489
q1,d,-,1,6, 80,32768,4,820930
q1,c,a,1,6, 80,32768,4,882591
q1,r,c,1,6, 80,32768,4,166857
q1,d,-,1,6, 80,32768,4,817871
q1,c,a,1,6, 80,32768,4,885456
q1,r,c,1,6, 80,32768,4,169727
q1,d,-,1,6, 80,32768,4,817699
q1,c,a,1,6, 80,32768,4,939726
q1,r,c,1,6, 80,32768,4,166597
q1,d,-,1,6, 80,32768,4,817135
q1,c,a,1,6, 80,32768,4,881675
q1,r,c,1,6, 80,32768,4,170062
q1,d,-,1,6, 80,32768,4,836407
q1,c,a,1,6, 80,32768,4,878585
q1,r,c,1,6, 80,32768,4,167009
q1,d,-,1,6, 80,32768,4,817542
q1,c,a,1,6, 80,32768,4,879418
q1,r,c,1,6, 80,32768,4,166910
q1,d,-,1,6, 80,32768,4,839281
q1,c,a,1,6, 80,32768,4,883118
q1,r,c,0,7, 64,32768,4,641212
q1,d,-,0,7, 64,32768,4,772845
q1,c,a,0,7, 64,32768,4,790760
q1,r,c,0,7, 64,32768,4,643521
q1,d,-,0,7, 64,32768,4,775364
q1,c,a,0,7, 64,32768,4,790845
q1,r,c,0,7, 64,32768,4,641121
q1,d,-,0,7, 64,32768,4,782347
q1,c,a,0,7, 64,32768,4,794046
q1,r,c,0,7, 64,32768,4,641715
q1,d,-,0,7, 64,32768,4,772480
q1,c,a,0,7, 64,32768,4,790667
q1,r,c,0,7, 64,32768,4,638643
q1,d,-,0,7, 64,32768,4,782097
q1,c,a,0,7, 64,32768,4,792208
q1,r,c,0,7, 64,32768,4,639452
q1,d,-,0,7, 64,32768,4,772679
q1,c,a,0,7, 64,32768,4,790580
q1,r,c,0,7, 64,32768,4,639422
q1,d,-,0,7, 64,32768,4,771875
q1,c,a,0,7, 64,32768,4,795445
q1,r,c,0,7, 64,32768,4,640051
q1,d,-,0,7, 64,32768,4,773742
q1,c,a,0,7, 64,32768,4,793202
q1,r,c,0,7, 64,32768,4,640272
q1,d,-,0,7, 64,32768,4,773298
q1,c,a,0,7, 64,32768,4,790485
q1,r,c,0,7, 64,32768,4,643040
q1,d,-,0,7, 64,32768,4,772781
q1,c,a,0,7, 64,32768,4,790224
q1,r,c,0,7, 64,32768,4,680653
q1,d,-,0,7, 64,32768,4,772563
q1,c,a,0,7, 64,32768,4,790570
q1,r,c,0,7, 64,32768,4,643398
q1,d,-,0,7, 64,32768,4,773327
q1,c,a,0,7, 64,32768,4,788950
q1,r,c,0,7, 64,32768,4,641374
q1,d,-,0,7, 64,32768,4,772212
q1,c,a,0,7, 64,32768,4,792080
q1,r,c,0,7, 64,32768,4,638281
q1,d,-,0,7, 64,32768,4,772379
q1,c,a,0,7, 64,32768,4,791151
q1,r,c,0,7, 64,32768,4,639258
q1,d,-,0,7, 64,32768,4,791578
q1,c,a,0,7, 64,32768,4,792986
q1,r,c,0,7, 64,32768,4,652629
q1,d,-,0,7, 64,32768,4,772597
q1,c,a,0,7, 64,32768,4,789925
q1,r,c,0,7, 64,32768,4,639856
q1,d,-,0,7, 64,32768,4,801984
q1,c,a,0,7, 64,32768,4,791483
q1,r,c,0,7, 64,32768,4,640816
q1,d,-,0,7, 64,32768,4,781418
q1,c,a,0,7, 64,32768,4,790070
q1,r,c,0,7, 64,32768,4,641249
q1,d,-,0,7, 64,32768,4,773985
q1,c,a,0,7, 64,32768,4,795315
q1,r,c,0,7, 64,32768,4,664650
q1,d,-,0,7, 64,32768,4,775965
q1,c,a,0,7, 64,32768,4,791779
q1,r,c,0,7, 64,32768,4,638626
q1,d,-,0,7, 64,32768,4,772039
q1,c,a,0,7, 64,32768,4,793794
q1,r,c,0,7, 64,32768,4,638475
q1,d,-,0,7, 64,32768,4,772281
q1,c,a,0,7, 64,32768,4,789894
q1,r,c,0,7, 64,32768,4,639029
q1,d,-,0,7, 64,32768,4,772332
q1,c,a,0,7, 64,32768,4,789989
q1,r,c,0,7, 64,32768,4,638838
q1,d,-,0,7, 64,32768,4,772145
q1,c,a,0,7, 64,32768,4,792362
q1,r,c,0,7, 64,32768,4,669504
q1,d,-,0,7, 64,32768,4,772547
q1,c,a,0,7, 64,32768,4,794504
q1,r,c,0,7, 64,32768,4,641498
q1,d,-,0,7, 64,32768,4,774176
q1,c,a,0,7, 64,32768,4,792155
q1,r,c,0,7, 64,32768,4,641514
q1,d,-,0,7, 64,32768,4,791596
q1,c,a,0,7, 64,32768,4,792899
q1,r,c,0,7, 64,32768,4,640391
q1,d,-,0,7, 64,32768,4,775244
q1,c,a,0,7, 64,32768,4,789394
q1,r,c,0,7, 64,32768,4,640808
q1,d,-,0,7, 64,32768,4,771421
q1,c,a,0,7, 64,32768,4,788761
q1,r,c,0,7, 64,32768,4,641413
q1,d,-,0,7, 64,32768,4,781840
q1,c,a,0,7, 64,32768,4,791240
q1,r,c,1,7, 80,32768,4,172210
q1,d,-,1,7, 80,32768,4,915706
q1,c,a,1,7, 80,32768,4,1113860
q1,r,c,1,7, 80,32768,4,175061
q1,d,-,1,7, 80,32768,4,933703
q1,c,a,1,7, 80,32768,4,1117944
q1,r,c,1,7, 80,32768,4,172247
q1,d,-,1,7, 80,32768,4,916614
q1,c,a,1,7, 80,32768,4,1116982
q1,r,c,1,7, 80,32768,4,172346
q1,d,-,1,7, 80,32768,4,927284
q1,c,a,1,7, 80,32768,4,1120046
q1,r,c,1,7, 80,32768,4,175159
q1,d,-,1,7, 80,32768,4,931271
q1,c,a,1,7, 80,32768,4,1118071
q1,r,c,1,7, 80,32768,4,172249
q1,d,-,1,7, 80,32768,4,935370
q1,c,a,1,7, 80,32768,4,1120851
q1,r,c,1,7, 80,32768,4,172283
q1,d,-,1,7, 80,32768,4,924041
q1,c,a,1,7, 80,32768,4,1118413
q1,r,c,1,7, 80,32768,4,172190
q1,d,-,1,7, 80,32768,4,916179
q1,c,a,1,7, 80,32768,4,1115364
q1,r,c,1,7, 80,32768,4,174912
q1,d,-,1,7, 80,32768,4,920107
q1,c,a,1,7, 80,32768,4,1116988
q1,r,c,1,7, 80,32768,4,175189
q1,d,-,1,7, 80,32768,4,916120
q1,c,a,1,7, 80,32768,4,1116566
q1,r,c,1,7, 80,32768,4,172239
q1,d,-,1,7, 80,32768,4,918954
q1,c,a,1,7, 80,32768,4,1117314
q1,r,c,1,7, 80,32768,4,172343
q1,d,-,1,7, 80,32768,4,916146
q1,c,a,1,7, 80,32768,4,1114355
q1,r,c,1,7, 80,32768,4,172448
q1,d,-,1,7, 80,32768,4,916644
q1,c,a,1,7, 80,32768,4,1120105
q1,r,c,1,7, 80,32768,4,194457
q1,d,-,1,7, 80,32768,4,916438
q1,c,a,1,7, 80,32768,4,1118853
q1,r,c,1,7, 80,32768,4,172225
q1,d,-,1,7, 80,32768,4,925633
q1,c,a,1,7, 80,32768,4,1117798
q1,r,c,1,7, 80,32768,4,172330
q1,d,-,1,7, 80,32768,4,934947
q1,c,a,1,7, 80,32768,4,1119756
q1,r,c,1,7, 80,32768,4,172289
q1,d,-,1,7, 80,32768,4,922624
q1,c,a,1,7, 80,32768,4,1118098
q1,r,c,1,7, 80,32768,4,172264
q1,d,-,1,7, 80,32768,4,937122
q1,c,a,1,7, 80,32768,4,1118224
q1,r,c,1,7, 80,32768,4,175029
q1,d,-,1,7, 80,32768,4,916332
q1,c,a,1,7, 80,32768,4,1118182
q1,r,c,1,7, 80,32768,4,175807
q1,d,-,1,7, 80,32768,4,953662
q1,c,a,1,7, 80,32768,4,1117102
q1,r,c,1,7, 80,32768,4,172341
q1,d,-,1,7, 80,32768,4,917692
q1,c,a,1,7, 80,32768,4,1116643
q1,r,c,1,7, 80,32768,4,172272
q1,d,-,1,7, 80,32768,4,918027
q1,c,a,1,7, 80,32768,4,1119783
q1,r,c,1,7, 80,32768,4,175949
q1,d,-,1,7, 80,32768,4,920435
q1,c,a,1,7, 80,32768,4,1115182
q1,r,c,1,7, 80,32768,4,172354
q1,d,-,1,7, 80,32768,4,924372
q1,c,a,1,7, 80,32768,4,1115890
q1,r,c,1,7, 80,32768,4,172089
q1,d,-,1,7, 80,32768,4,936935
q1,c,a,1,7, 80,32768,4,1117013
q1,r,c,1,7, 80,32768,4,175401
q1,d,-,1,7, 80,32768,4,953308
q1,c,a,1,7, 80,32768,4,1115831
q1,r,c,1,7, 80,32768,4,172366
q1,d,-,1,7, 80,32768,4,917689
q1,c,a,1,7, 80,32768,4,1115600
q1,r,c,1,7, 80,32768,4,172448
q1,d,-,1,7, 80,32768,4,916340
q1,c,a,1,7, 80,32768,4,1120064
q1,r,c,1,7, 80,32768,4,175378
q1,d,-,1,7, 80,32768,4,953240
q1,c,a,1,7, 80,32768,4,1113706
q1,r,c,1,7, 80,32768,4,224105
q1,d,-,1,7, 80,32768,4,918553
q1,c,a,1,7, 80,32768,4,1116736
q1,r,c,0,8, 64,32768,4,734503
q1,d,-,0,8, 64,32768,4,892004
q1,c,a,0,8, 64,32768,4,910888
q1,r,c,0,8, 64,32768,4,744769
q1,d,-,0,8, 64,32768,4,902845
q1,c,a,0,8, 64,32768,4,911977
q1,r,c,0,8, 64,32768,4,732707
q1,d,-,0,8, 64,32768,4,883935
q1,c,a,0,8, 64,32768,4,907435
q1,r,c,0,8, 64,32768,4,729245
q1,d,-,0,8, 64,32768,4,881437
q1,c,a,0,8, 64,32768,4,906124
q1,r,c,0,8, 64,32768,4,732039
q1,d,-,0,8, 64,32768,4,882372
q1,c,a,0,8, 64,32768,4,913770
q1,r,c,0,8, 64,32768,4,734098
q1,d,-,0,8, 64,32768,4,882227
q1,c,a,0,8, 64,32768,4,907406
q1,r,c,0,8, 64,32768,4,731485
q1,d,-,0,8, 64,32768,4,899332
q1,c,a,0,8, 64,32768,4,910083
q1,r,c,0,8, 64,32768,4,731602
q1,d,-,0,8, 64,32768,4,882064
q1,c,a,0,8, 64,32768,4,911707
q1,r,c,0,8, 64,32768,4,731446
q1,d,-,0,8, 64,32768,4,882403
q1,c,a,0,8, 64,32768,4,912254
q1,r,c,0,8, 64,32768,4,731965
q1,d,-,0,8, 64,32768,4,882944
q1,c,a,0,8, 64,32768,4,907870
q1,r,c,0,8, 64,32768,4,732333
q1,d,-,0,8, 64,32768,4,882353
q1,c,a,0,8, 64,32768,4,912198
q1,r,c,0,8, 64,32768,4,731568
q1,d,-,0,8, 64,32768,4,898691
q1,c,a,0,8, 64,32768,4,910828
q1,r,c,0,8, 64,32768,4,731814
q1,d,-,0,8, 64,32768,4,883502
q1,c,a,0,8, 64,32768,4,907098
q1,r,c,0,8, 64,32768,4,732152
q1,d,-,0,8, 64,32768,4,914992
q1,c,a,0,8, 64,32768,4,908953
q1,r,c,0,8, 64,32768,4,731422
q1,d,-,0,8, 64,32768,4,882242
q1,c,a,0,8, 64,32768,4,907066
q1,r,c,0,8, 64,32768,4,734231
q1,d,-,0,8, 64,32768,4,883737
q1,c,a,0,8, 64,32768,4,906618
q1,r,c,0,8, 64,32768,4,731192
q1,d,-,0,8, 64,32768,4,881785
q1,c,a,0,8, 64,32768,4,909585
q1,r,c,0,8, 64,32768,4,750808
q1,d,-,0,8, 64,32768,4,883959
q1,c,a,0,8, 64,32768,4,910395
q1,r,c,0,8, 64,32768,4,732201
q1,d,-,0,8, 64,32768,4,909128
q1,c,a,0,8, 64,32768,4,909962
q1,r,c,0,8, 64,32768,4,735319
q1,d,-,0,8, 64,32768,4,885209
q1,c,a,0,8, 64,32768,4,915496
q1,r,c,0,8, 64,32768,4,731676
q1,d,-,0,8, 64,32768,4,882739
q1,c,a,0,8, 64,32768,4,909248
q1,r,c,0,8, 64,32768,4,729047
q1,d,-,0,8, 64,32768,4,881248
q1,c,a,0,8, 64,32768,4,909493
q1,r,c,0,8, 64,32768,4,735641
q1,d,-,0,8, 64,32768,4,882676
q1,c,a,0,8, 64,32768,4,907134
q1,r,c,0,8, 64,32768,4,733732
q1,d,-,0,8, 64,32768,4,882565
q1,c,a,0,8, 64,32768,4,913202
q1,r,c,0,8, 64,32768,4,731724
q1,d,-,0,8, 64,32768,4,902905
q1,c,a,0,8, 64,32768,4,909212
q1,r,c,0,8, 64,32768,4,730595
q1,d,-,0,8, 64,32768,4,882241
q1,c,a,0,8, 64,32768,4,910425
q1,r,c,0,8, 64,32768,4,733917
q1,d,-,0,8, 64,32768,4,882054
q1,c,a,0,8, 64,32768,4,910014
q1,r,c,0,8, 64,32768,4,734794
q1,d,-,0,8, 64,32768,4,882900
q1,c,a,0,8, 64,32768,4,908976
q1,r,c,0,8, 64,32768,4,760397
q1,d,-,0,8, 64,32768,4,884794
q1,c,a,0,8, 64,32768,4,908241
q1,r,c,0,8, 64,32768,4,730546
q1,d,-,0,8, 64,32768,4,889816
q1,c,a,0,8, 64,32768,4,916725
q1,r,c,1,8, 80,32768,4,183897
q1,d,-,1,8, 80,32768,4,1045102
q1,c,a,1,8, 80,32768,4,1237868
q1,r,c,1,8, 80,32768,4,171968
q1,d,-,1,8, 80,32768,4,1037701
q1,c,a,1,8, 80,32768,4,1239565
q1,r,c,1,8, 80,32768,4,192097
q1,d,-,1,8, 80,32768,4,1056520
q1,c,a,1,8, 80,32768,4,1238743
q1,r,c,1,8, 80,32768,4,169360
q1,d,-,1,8, 80,32768,4,1047724
q1,c,a,1,8, 80,32768,4,1239497
q1,r,c,1,8, 80,32768,4,169146
q1,d,-,1,8, 80,32768,4,1045461
q1,c,a,1,8, 80,32768,4,1237635
q1,r,c,1,8, 80,32768,4,168972
q1,d,-,1,8, 80,32768,4,1053437
q1,c,a,1,8, 80,32768,4,1238523
q1,r,c,1,8, 80,32768,4,169220
q1,d,-,1,8, 80,32768,4,1052788
q1,c,a,1,8, 80,32768,4,1235947
q1,r,c,1,8, 80,32768,4,172121
q1,d,-,1,8, 80,32768,4,1058807
q1,c,a,1,8, 80,32768,4,1243027
q1,r,c,1,8, 80,32768,4,172601
q1,d,-,1,8, 80,32768,4,1038083
q1,c,a,1,8, 80,32768,4,1237149
q1,r,c,1,8, 80,32768,4,169219
q1,d,-,1,8, 80,32768,4,1048778
q1,c,a,1,8, 80,32768,4,1240245
q1,r,c,1,8, 80,32768,4,168905
q1,d,-,1,8, 80,32768,4,1064894
q1,c,a,1,8, 80,32768,4,1238373
q1,r,c,1,8, 80,32768,4,168903
q1,d,-,1,8, 80,32768,4,1052089
q1,c,a,1,8, 80,32768,4,1242237
q1,r,c,1,8, 80,32768,4,169155
q1,d,-,1,8, 80,32768,4,1050755
q1,c,a,1,8, 80,32768,4,1239360
q1,r,c,1,8, 80,32768,4,172433
q1,d,-,1,8, 80,32768,4,1053228
q1,c,a,1,8, 80,32768,4,1237958
q1,r,c,1,8, 80,32768,4,171832
q1,d,-,1,8, 80,32768,4,1069421
q1,c,a,1,8, 80,32768,4,1240581
q1,r,c,1,8, 80,32768,4,173074
q1,d,-,1,8, 80,32768,4,1055720
q1,c,a,1,8, 80,32768,4,1241050
q1,r,c,1,8, 80,32768,4,169188
q1,d,-,1,8, 80,32768,4,1064174
q1,c,a,1,8, 80,32768,4,1238512
q1,r,c,1,8, 80,32768,4,169052
q1,d,-,1,8, 80,32768,4,1060409
q1,c,a,1,8, 80,32768,4,1243101
q1,r,c,1,8, 80,32768,4,172881
q1,d,-,1,8, 80,32768,4,1054086
q1,c,a,1,8, 80,32768,4,1238732
q1,r,c,1,8, 80,32768,4,172218
q1,d,-,1,8, 80,32768,4,1037661
q1,c,a,1,8, 80,32768,4,1240190
q1,r,c,1,8, 80,32768,4,172801
q1,d,-,1,8, 80,32768,4,1038691
q1,c,a,1,8, 80,32768,4,1237636
q1,r,c,1,8, 80,32768,4,172086
q1,d,-,1,8, 80,32768,4,1041430
q1,c,a,1,8, 80,32768,4,1236427
q1,r,c,1,8, 80,32768,4,169207
q1,d,-,1,8, 80,32768,4,1037842
q1,c,a,1,8, 80,32768,4,1234975
q1,r,c,1,8, 80,32768,4,172086
q1,d,-,1,8, 80,32768,4,1057745
q1,c,a,1,8, 80,32768,4,1238985
q1,r,c,1,8, 80,32768,4,172225
q1,d,-,1,8, 80,32768,4,1040523
q1,c,a,1,8, 80,32768,4,1240922
q1,r,c,1,8, 80,32768,4,172370
q1,d,-,1,8, 80,32768,4,1060691
q1,c,a,1,8, 80,32768,4,1241519
q1,r,c,1,8, 80,32768,4,169254
q1,d,-,1,8, 80,32768,4,1052004
q1,c,a,1,8, 80,32768,4,1240051
q1,r,c,1,8, 80,32768,4,169224
q1,d,-,1,8, 80,32768,4,1038819
q1,c,a,1,8, 80,32768,4,1239518
q1,r,c,1,8, 80,32768,4,171639
q1,d,-,1,8, 80,32768,4,1038730
q1,c,a,1,8, 80,32768,4,1239930
q1,r,c,1,8, 80,32768,4,171498
q1,d,-,1,8, 80,32768,4,1042567
q1,c,a,1,8, 80,32768,4,1236220
q1,r,c,0,9, 64,32768,4,812799
q1,d,-,0,9, 64,32768,4,979398
q1,c,a,0,9, 64,32768,4,1056387
q1,r,c,0,9, 64,32768,4,817548
q1,d,-,0,9, 64,32768,4,980078
q1,c,a,0,9, 64,32768,4,1062573
q1,r,c,0,9, 64,32768,4,809607
q1,d,-,0,9, 64,32768,4,983180
q1,c,a,0,9, 64,32768,4,1058756
q1,r,c,0,9, 64,32768,4,820625
q1,d,-,0,9, 64,32768,4,980265
q1,c,a,0,9, 64,32768,4,1054656
q1,r,c,0,9, 64,32768,4,809773
q1,d,-,0,9, 64,32768,4,982696
q1,c,a,0,9, 64,32768,4,1057902
q1,r,c,0,9, 64,32768,4,813030
q1,d,-,0,9, 64,32768,4,993149
q1,c,a,0,9, 64,32768,4,1058713
q1,r,c,0,9, 64,32768,4,813663
q1,d,-,0,9, 64,32768,4,979373
q1,c,a,0,9, 64,32768,4,1054071
q1,r,c,0,9, 64,32768,4,811320
q1,d,-,0,9, 64,32768,4,981676
q1,c,a,0,9, 64,32768,4,1058595
q1,r,c,0,9, 64,32768,4,820007
q1,d,-,0,9, 64,32768,4,991889
q1,c,a,0,9, 64,32768,4,1050748
q1,r,c,0,9, 64,32768,4,810864
q1,d,-,0,9, 64,32768,4,979781
q1,c,a,0,9, 64,32768,4,1055985
q1,r,c,0,9, 64,32768,4,811682
q1,d,-,0,9, 64,32768,4,980551
q1,c,a,0,9, 64,32768,4,1052001
q1,r,c,0,9, 64,32768,4,811059
q1,d,-,0,9, 64,32768,4,979567
q1,c,a,0,9, 64,32768,4,1057566
q1,r,c,0,9, 64,32768,4,811495
q1,d,-,0,9, 64,32768,4,979020
q1,c,a,0,9, 64,32768,4,1056387
q1,r,c,0,9, 64,32768,4,811936
q1,d,-,0,9, 64,32768,4,1018335
q1,c,a,0,9, 64,32768,4,1052545
q1,r,c,0,9, 64,32768,4,810600
q1,d,-,0,9, 64,32768,4,984696
q1,c,a,0,9, 64,32768,4,1056766
q1,r,c,0,9, 64,32768,4,812732
q1,d,-,0,9, 64,32768,4,979464
q1,c,a,0,9, 64,32768,4,1055288
q1,r,c,0,9, 64,32768,4,814264
q1,d,-,0,9, 64,32768,4,979356
q1,c,a,0,9, 64,32768,4,1057237
q1,r,c,0,9, 64,32768,4,811281
q1,d,-,0,9, 64,32768,4,1001614
q1,c,a,0,9, 64,32768,4,1057395
q1,r,c,0,9, 64,32768,4,815388
q1,d,-,0,9, 64,32768,4,979001
q1,c,a,0,9, 64,32768,4,1054859
q1,r,c,0,9, 64,32768,4,814995
q1,d,-,0,9, 64,32768,4,981937
q1,c,a,0,9, 64,32768,4,1051212
q1,r,c,0,9, 64,32768,4,809338
q1,d,-,0,9, 64,32768,4,979507
q1,c,a,0,9, 64,32768,4,1060897
q1,r,c,0,9, 64,32768,4,811015
q1,d,-,0,9, 64,32768,4,993116
q1,c,a,0,9, 64,32768,4,1053616
q1,r,c,0,9, 64,32768,4,849964
q1,d,-,0,9, 64,32768,4,981720
q1,c,a,0,9, 64,32768,4,1057033
q1,r,c,0,9, 64,32768,4,810826
q1,d,-,0,9, 64,32768,4,998182
q1,c,a,0,9, 64,32768,4,1053912
q1,r,c,0,9, 64,32768,4,811808
q1,d,-,0,9, 64,32768,4,979609
q1,c,a,0,9, 64,32768,4,1060030
q1,r,c,0,9, 64,32768,4,810859
q1,d,-,0,9, 64,32768,4,979901
q1,c,a,0,9, 64,32768,4,1053158
q1,r,c,0,9, 64,32768,4,812247
q1,d,-,0,9, 64,32768,4,979675
q1,c,a,0,9, 64,32768,4,1054207
q1,r,c,0,9, 64,32768,4,862814
q1,d,-,0,9, 64,32768,4,979901
q1,c,a,0,9, 64,32768,4,1053895
q1,r,c,0,9, 64,32768,4,811321
q1,d,-,0,9, 64,32768,4,980456
q1,c,a,0,9, 64,32768,4,1060416
q1,r,c,0,9, 64,32768,4,814017
q1,d,-,0,9, 64,32768,4,981863
q1,c,a,0,9, 64,32768,4,1054359
q1,r,c,1,9, 80,32768,4,177308
q1,d,-,1,9, 80,32768,4,1179241
q1,c,a,1,9, 80,32768,4,1364154
q1,r,c,1,9, 80,32768,4,177197
q1,d,-,1,9, 80,32768,4,1141603
q1,c,a,1,9, 80,32768,4,1368642
q1,r,c,1,9, 80,32768,4,174435
q1,d,-,1,9, 80,32768,4,1154473
q1,c,a,1,9, 80,32768,4,1361136
q1,r,c,1,9, 80,32768,4,173828
q1,d,-,1,9, 80,32768,4,1158711
q1,c,a,1,9, 80,32768,4,1363485
q1,r,c,1,9, 80,32768,4,173998
q1,d,-,1,9, 80,32768,4,1141676
q1,c,a,1,9, 80,32768,4,1361607
q1,r,c,1,9, 80,32768,4,174050
q1,d,-,1,9, 80,32768,4,1146237
q1,c,a,1,9, 80,32768,4,1363756
q1,r,c,1,9, 80,32768,4,177112
q1,d,-,1,9, 80,32768,4,1180135
q1,c,a,1,9, 80,32768,4,1362410
q1,r,c,1,9, 80,32768,4,177971
q1,d,-,1,9, 80,32768,4,1181393
q1,c,a,1,9, 80,32768,4,1361529
q1,r,c,1,9, 80,32768,4,177314
q1,d,-,1,9, 80,32768,4,1149256
q1,c,a,1,9, 80,32768,4,1368643
q1,r,c,1,9, 80,32768,4,174129
q1,d,-,1,9, 80,32768,4,1159943
q1,c,a,1,9, 80,32768,4,1360230
q1,r,c,1,9, 80,32768,4,174057
q1,d,-,1,9, 80,32768,4,1158830
q1,c,a,1,9, 80,32768,4,1365532
q1,r,c,1,9, 80,32768,4,180837
q1,d,-,1,9, 80,32768,4,1158818
q1,c,a,1,9, 80,32768,4,1362155
q1,r,c,1,9, 80,32768,4,177380
q1,d,-,1,9, 80,32768,4,1168876
q1,c,a,1,9, 80,32768,4,1360302
q1,r,c,1,9, 80,32768,4,174279
q1,d,-,1,9, 80,32768,4,1141288
q1,c,a,1,9, 80,32768,4,1361141
q1,r,c,1,9, 80,32768,4,173811
q1,d,-,1,9, 80,32768,4,1146168
q1,c,a,1,9, 80,32768,4,1364762
q1,r,c,1,9, 80,32768,4,177222
q1,d,-,1,9, 80,32768,4,1154612
q1,c,a,1,9, 80,32768,4,1365031
q1,r,c,1,9, 80,32768,4,174065
q1,d,-,1,9, 80,32768,4,1147905
q1,c,a,1,9, 80,32768,4,1363203
q1,r,c,1,9, 80,32768,4,174186
q1,d,-,1,9, 80,32768,4,1144046
q1,c,a,1,9, 80,32768,4,1358869
q1,r,c,1,9, 80,32768,4,174144
q1,d,-,1,9, 80,32768,4,1146564
q1,c,a,1,9, 80,32768,4,1367760
q1,r,c,1,9, 80,32768,4,177954
q1,d,-,1,9, 80,32768,4,1169011
q1,c,a,1,9, 80,32768,4,1359886
q1,r,c,1,9, 80,32768,4,177621
q1,d,-,1,9, 80,32768,4,1142940
q1,c,a,1,9, 80,32768,4,1362429
q1,r,c,1,9, 80,32768,4,174384
q1,d,-,1,9, 80,32768,4,1140866
q1,c,a,1,9, 80,32768,4,1359702
q1,r,c,1,9, 80,32768,4,174272
q1,d,-,1,9, 80,32768,4,1169451
q1,c,a,1,9, 80,32768,4,1361498
q1,r,c,1,9, 80,32768,4,174277
q1,d,-,1,9, 80,32768,4,1185665
q1,c,a,1,9, 80,32768,4,1362685
q1,r,c,1,9, 80,32768,4,209441
q1,d,-,1,9, 80,32768,4,1143670
q1,c,a,1,9, 80,32768,4,1360178
q1,r,c,1,9, 80,32768,4,177383
q1,d,-,1,9, 80,32768,4,1153688
q1,c,a,1,9, 80,32768,4,1361839
q1,r,c,1,9, 80,32768,4,174345
q1,d,-,1,9, 80,32768,4,1170159
q1,c,a,1,9, 80,32768,4,1358542
q1,r,c,1,9, 80,32768,4,173638
q1,d,-,1,9, 80,32768,4,1156800
q1,c,a,1,9, 80,32768,4,1362985
q1,r,c,1,9, 80,32768,4,178616
q1,d,-,1,9, 80,32768,4,1142051
q1,c,a,1,9, 80,32768,4,1357762
q1,r,c,1,9, 80,32768,4,185385
q1,d,-,1,9, 80,32768,4,1149066
q1,c,a,1,9, 80,32768,4,1359566
q1,r,c,0,10, 64,32768,4,891828
q1,d,-,0,10, 64,32768,4,1078013
q1,c,a,0,10, 64,32768,4,1176424
q1,r,c,0,10, 64,32768,4,891677
q1,d,-,0,10, 64,32768,4,1080716
q1,c,a,0,10, 64,32768,4,1180922
q1,r,c,0,10, 64,32768,4,890822
q1,d,-,0,10, 64,32768,4,1077562
q1,c,a,0,10, 64,32768,4,1178673
q1,r,c,0,10, 64,32768,4,891972
q1,d,-,0,10, 64,32768,4,1091276
q1,c,a,0,10, 64,32768,4,1182341
q1,r,c,0,10, 64,32768,4,893023
q1,d,-,0,10, 64,32768,4,1077857
q1,c,a,0,10, 64,32768,4,1183847
q1,r,c,0,10, 64,32768,4,893879
q1,d,-,0,10, 64,32768,4,1079812
q1,c,a,0,10, 64,32768,4,1179626
q1,r,c,0,10, 64,32768,4,889936
q1,d,-,0,10, 64,32768,4,1077845
q1,c,a,0,10, 64,32768,4,1184354
q1,r,c,0,10, 64,32768,4,891152
q1,d,-,0,10, 64,32768,4,1077785
q1,c,a,0,10, 64,32768,4,1181534
q1,r,c,0,10, 64,32768,4,891132
q1,d,-,0,10, 64,32768,4,1077159
q1,c,a,0,10, 64,32768,4,1179427
q1,r,c,0,10, 64,32768,4,898082
q1,d,-,0,10, 64,32768,4,1091608
q1,c,a,0,10, 64,32768,4,1177838
q1,r,c,0,10, 64,32768,4,930445
q1,d,-,0,10, 64,32768,4,1079732
q1,c,a,0,10, 64,32768,4,1178271
q1,r,c,0,10, 64,32768,4,893295
q1,d,-,0,10, 64,32768,4,1078272
q1,c,a,0,10, 64,32768,4,1182410
q1,r,c,0,10, 64,32768,4,891032
q1,d,-,0,10, 64,32768,4,1077559
q1,c,a,0,10, 64,32768,4,1184760
q1,r,c,0,10, 64,32768,4,891676
q1,d,-,0,10, 64,32768,4,1078096
q1,c,a,0,10, 64,32768,4,1179258
q1,r,c,0,10, 64,32768,4,893219
q1,d,-,0,10, 64,32768,4,1077209
q1,c,a,0,10, 64,32768,4,1178771
q1,r,c,0,10, 64,32768,4,893685
q1,d,-,0,10, 64,32768,4,1078431
q1,c,a,0,10, 64,32768,4,1181197
q1,r,c,0,10, 64,32768,4,909702
q1,d,-,0,10, 64,32768,4,1077170
q1,c,a,0,10, 64,32768,4,1178749
q1,r,c,0,10, 64,32768,4,918545
q1,d,-,0,10, 64,32768,4,1078776
q1,c,a,0,10, 64,32768,4,1179622
q1,r,c,0,10, 64,32768,4,893717
q1,d,-,0,10, 64,32768,4,1093960
q1,c,a,0,10, 64,32768,4,1182555
q1,r,c,0,10, 64,32768,4,893790
q1,d,-,0,10, 64,32768,4,1092072
q1,c,a,0,10, 64,32768,4,1179168
q1,r,c,0,10, 64,32768,4,891201
q1,d,-,0,10, 64,32768,4,1078282
q1,c,a,0,10, 64,32768,4,1178193
q1,r,c,0,10, 64,32768,4,891600
q1,d,-,0,10, 64,32768,4,1077630
q1,c,a,0,10, 64,32768,4,1178075
q1,r,c,0,10, 64,32768,4,894607
q1,d,-,0,10, 64,32768,4,1079313
q1,c,a,0,10, 64,32768,4,1180622
q1,r,c,0,10, 64,32768,4,893906
q1,d,-,0,10, 64,32768,4,1080366
q1,c,a,0,10, 64,32768,4,1179687
q1,r,c,0,10, 64,32768,4,928876
q1,d,-,0,10, 64,32768,4,1079294
q1,c,a,0,10, 64,32768,4,1185682
q1,r,c,0,10, 64,32768,4,893461
q1,d,-,0,10, 64,32768,4,1080272
q1,c,a,0,10, 64,32768,4,1183271
q1,r,c,0,10, 64,32768,4,896228
q1,d,-,0,10, 64,32768,4,1094880
q1,c,a,0,10, 64,32768,4,1182481
q1,r,c,0,10, 64,32768,4,891983
q1,d,-,0,10, 64,32768,4,1107934
q1,c,a,0,10, 64,32768,4,1182291
q1,r,c,0,10, 64,32768,4,896672
q1,d,-,0,10, 64,32768,4,1082591
q1,c,a,0,10, 64,32768,4,1174440
q1,r,c,0,10, 64,32768,4,891507
q1,d,-,0,10, 64,32768,4,1079571
q1,c,a,0,10, 64,32768,4,1179806
q1,r,c,1,10, 80,32768,4,182766
q1,d,-,1,10, 80,32768,4,1255550
q1,c,a,1,10, 80,32768,4,1491171
q1,r,c,1,10, 80,32768,4,186513
q1,d,-,1,10, 80,32768,4,1242865
q1,c,a,1,10, 80,32768,4,1488059
q1,r,c,1,10, 80,32768,4,183078
q1,d,-,1,10, 80,32768,4,1240882
q1,c,a,1,10, 80,32768,4,1487240
q1,r,c,1,10, 80,32768,4,183135
q1,d,-,1,10, 80,32768,4,1263737
q1,c,a,1,10, 80,32768,4,1488576
q1,r,c,1,10, 80,32768,4,183160
q1,d,-,1,10, 80,32768,4,1242123
q1,c,a,1,10, 80,32768,4,1489995
q1,r,c,1,10, 80,32768,4,183042
q1,d,-,1,10, 80,32768,4,1246860
q1,c,a,1,10, 80,32768,4,1490376
q1,r,c,1,10, 80,32768,4,183046
q1,d,-,1,10, 80,32768,4,1272337
q1,c,a,1,10, 80,32768,4,1487262
q1,r,c,1,10, 80,32768,4,186039
q1,d,-,1,10, 80,32768,4,1265038
q1,c,a,1,10, 80,32768,4,1487371
q1,r,c,1,10, 80,32768,4,183045
q1,d,-,1,10, 80,32768,4,1265653
q1,c,a,1,10, 80,32768,4,1492237
q1,r,c,1,10, 80,32768,4,186420
q1,d,-,1,10, 80,32768,4,1242596
q1,c,a,1,10, 80,32768,4,1492100
q1,r,c,1,10, 80,32768,4,186227
q1,d,-,1,10, 80,32768,4,1247752
q1,c,a,1,10, 80,32768,4,1489660
q1,r,c,1,10, 80,32768,4,183185
q1,d,-,1,10, 80,32768,4,1252436
q1,c,a,1,10, 80,32768,4,1489230
q1,r,c,1,10, 80,32768,4,186264
q1,d,-,1,10, 80,32768,4,1259028
q1,c,a,1,10, 80,32768,4,1489971
q1,r,c,1,10, 80,32768,4,207807
q1,d,-,1,10, 80,32768,4,1247414
q1,c,a,1,10, 80,32768,4,1489619
q1,r,c,1,10, 80,32768,4,183121
q1,d,-,1,10, 80,32768,4,1252623
q1,c,a,1,10, 80,32768,4,1491044
q1,r,c,1,10, 80,32768,4,183128
q1,d,-,1,10, 80,32768,4,1274107
q1,c,a,1,10, 80,32768,4,1491846
q1,r,c,1,10, 80,32768,4,182893
q1,d,-,1,10, 80,32768,4,1241785
q1,c,a,1,10, 80,32768,4,1487305
q1,r,c,1,10, 80,32768,4,183235
q1,d,-,1,10, 80,32768,4,1250322
q1,c,a,1,10, 80,32768,4,1489000
q1,r,c,1,10, 80,32768,4,188710
q1,d,-,1,10, 80,32768,4,1243940
q1,c,a,1,10, 80,32768,4,1491642
q1,r,c,1,10, 80,32768,4,183056
q1,d,-,1,10, 80,32768,4,1255283
q1,c,a,1,10, 80,32768,4,1488877
q1,r,c,1,10, 80,32768,4,183110
q1,d,-,1,10, 80,32768,4,1246542
q1,c,a,1,10, 80,32768,4,1487545
q1,r,c,1,10, 80,32768,4,186005
q1,d,-,1,10, 80,32768,4,1256636
q1,c,a,1,10, 80,32768,4,1490722
q1,r,c,1,10, 80,32768,4,230541
q1,d,-,1,10, 80,32768,4,1244056
q1,c,a,1,10, 80,32768,4,1491585
q1,r,c,1,10, 80,32768,4,183048
q1,d,-,1,10, 80,32768,4,1255805
q1,c,a,1,10, 80,32768,4,1487977
q1,r,c,1,10, 80,32768,4,182397
q1,d,-,1,10, 80,32768,4,1243612
q1,c,a,1,10, 80,32768,4,1488887
q1,r,c,1,10, 80,32768,4,183027
q1,d,-,1,10, 80,32768,4,1245526
q1,c,a,1,10, 80,32768,4,1488792
q1,r,c,1,10, 80,32768,4,185951
q1,d,-,1,10, 80,32768,4,1264477
q1,c,a,1,10, 80,32768,4,1486554
q1,r,c,1,10, 80,32768,4,205118
q1,d,-,1,10, 80,32768,4,1242385
q1,c,a,1,10, 80,32768,4,1493150
q1,r,c,1,10, 80,32768,4,182879
q1,d,-,1,10, 80,32768,4,1242372
q1,c,a,1,10, 80,32768,4,1487480
q1,r,c,1,10, 80,32768,4,216592
q1,d,-,1,10, 80,32768,4,1251874
q1,c,a,1,10, 80,32768,4,1490102
